  0
SECTION
  2
HEADER
  9
$ACADVER
  1
AC1032
  9
$ACADMAINTVER
 90
        4
  9
$DWGCODEPAGE
  3
ANSI_936
  9
$LASTSAVEDBY
  1
szk
  9
$REQUIREDVERSIONS
160
                 0
  9
$INSBASE
 10
0.0
 20
0.0
 30
0.0
  9
$EXTMIN
 10
11482.06718555504
 20
680.869969354474
 30
0.0
  9
$EXTMAX
 10
13133.98941120473
 20
1782.151453120933
 30
0.0
  9
$LIMMIN
 10
0.0
 20
0.0
  9
$LIMMAX
 10
420.0
 20
297.0
  9
$ORTHOMODE
 70
     0
  9
$REGENMODE
 70
     1
  9
$FILLMODE
 70
     1
  9
$QTEXTMODE
 70
     0
  9
$MIRRTEXT
 70
     0
  9
$LTSCALE
 40
1.0
  9
$ATTMODE
 70
     1
  9
$TEXTSIZE
 40
0.2
  9
$TRACEWID
 40
1.0
  9
$TEXTSTYLE
  7
A字体
  9
$CLAYER
  8
CONN
  9
$CELTYPE
  6
ByLayer
  9
$CECOLOR
 62
   256
  9
$CELTSCALE
 40
1.0
  9
$DISPSILH
 70
     0
  9
$DIMSCALE
 40
1.0
  9
$DIMASZ
 40
2.5
  9
$DIMEXO
 40
0.625
  9
$DIMDLI
 40
3.75
  9
$DIMRND
 40
0.0
  9
$DIMDLE
 40
0.0
  9
$DIMEXE
 40
1.25
  9
$DIMTP
 40
0.0
  9
$DIMTM
 40
0.0
  9
$DIMTXT
 40
2.5
  9
$DIMCEN
 40
2.5
  9
$DIMTSZ
 40
0.0
  9
$DIMTOL
 70
     0
  9
$DIMLIM
 70
     0
  9
$DIMTIH
 70
     0
  9
$DIMTOH
 70
     0
  9
$DIMSE1
 70
     0
  9
$DIMSE2
 70
     0
  9
$DIMTAD
 70
     1
  9
$DIMZIN
 70
     8
  9
$DIMBLK
  1

  9
$DIMASO
 70
     1
  9
$DIMSHO
 70
     1
  9
$DIMPOST
  1

  9
$DIMAPOST
  1

  9
$DIMALT
 70
     0
  9
$DIMALTD
 70
     3
  9
$DIMALTF
 40
0.03937007874016
  9
$DIMLFAC
 40
1.0
  9
$DIMTOFL
 70
     1
  9
$DIMTVP
 40
0.0
  9
$DIMTIX
 70
     0
  9
$DIMSOXD
 70
     0
  9
$DIMSAH
 70
     0
  9
$DIMBLK1
  1

  9
$DIMBLK2
  1

  9
$DIMSTYLE
  2
ISO-25
  9
$DIMCLRD
 70
     0
  9
$DIMCLRE
 70
     0
  9
$DIMCLRT
 70
     0
  9
$DIMTFAC
 40
1.0
  9
$DIMGAP
 40
0.625
  9
$DIMJUST
 70
     0
  9
$DIMSD1
 70
     0
  9
$DIMSD2
 70
     0
  9
$DIMTOLJ
 70
     0
  9
$DIMTZIN
 70
     8
  9
$DIMALTZ
 70
     0
  9
$DIMALTTZ
 70
     0
  9
$DIMUPT
 70
     0
  9
$DIMDEC
 70
     2
  9
$DIMTDEC
 70
     2
  9
$DIMALTU
 70
     2
  9
$DIMALTTD
 70
     3
  9
$DIMTXSTY
  7
333
  9
$DIMAUNIT
 70
     0
  9
$DIMADEC
 70
     0
  9
$DIMALTRND
 40
0.0
  9
$DIMAZIN
 70
     0
  9
$DIMDSEP
 70
    44
  9
$DIMATFIT
 70
     3
  9
$DIMFRAC
 70
     0
  9
$DIMLDRBLK
  1

  9
$DIMLUNIT
 70
     2
  9
$DIMLWD
 70
    -2
  9
$DIMLWE
 70
    -2
  9
$DIMTMOVE
 70
     0
  9
$DIMFXL
 40
1.0
  9
$DIMFXLON
 70
     0
  9
$DIMJOGANG
 40
0.7853981633974483
  9
$DIMTFILL
 70
     0
  9
$DIMTFILLCLR
 70
     0
  9
$DIMARCSYM
 70
     0
  9
$DIMLTYPE
  6

  9
$DIMLTEX1
  6

  9
$DIMLTEX2
  6

  9
$DIMTXTDIRECTION
 70
     0
  9
$LUNITS
 70
     2
  9
$LUPREC
 70
     4
  9
$SKETCHINC
 40
1.0
  9
$FILLETRAD
 40
0.0
  9
$AUNITS
 70
     0
  9
$AUPREC
 70
     0
  9
$MENU
  1
.
  9
$ELEVATION
 40
0.0
  9
$PELEVATION
 40
0.0
  9
$THICKNESS
 40
0.0
  9
$LIMCHECK
 70
     0
  9
$CHAMFERA
 40
0.0
  9
$CHAMFERB
 40
0.0
  9
$CHAMFERC
 40
0.0
  9
$CHAMFERD
 40
0.0
  9
$SKPOLY
 70
     0
  9
$TDCREATE
 40
2460558.398885266
  9
$TDUCREATE
 40
2460558.065551933
  9
$TDUPDATE
 40
2461297.677829005
  9
$TDUUPDATE
 40
2461297.344495671
  9
$TDINDWG
 40
0.851596157
  9
$TDUSRTIMER
 40
0.851595694
  9
$USRTIMER
 70
     1
  9
$ANGBASE
 50
0.0
  9
$ANGDIR
 70
     0
  9
$PDMODE
 70
     0
  9
$PDSIZE
 40
0.0
  9
$PLINEWID
 40
0.0
  9
$SPLFRAME
 70
     0
  9
$SPLINETYPE
 70
     6
  9
$SPLINESEGS
 70
     8
  9
$HANDSEED
  5
10B9B
  9
$SURFTAB1
 70
     6
  9
$SURFTAB2
 70
     6
  9
$SURFTYPE
 70
     6
  9
$SURFU
 70
     6
  9
$SURFV
 70
     6
  9
$UCSBASE
  2

  9
$UCSNAME
  2

  9
$UCSORG
 10
0.0
 20
0.0
 30
0.0
  9
$UCSXDIR
 10
1.0
 20
0.0
 30
0.0
  9
$UCSYDIR
 10
0.0
 20
1.0
 30
0.0
  9
$UCSORTHOREF
  2

  9
$UCSORTHOVIEW
 70
     0
  9
$UCSORGTOP
 10
0.0
 20
0.0
 30
0.0
  9
$UCSORGBOTTOM
 10
0.0
 20
0.0
 30
0.0
  9
$UCSORGLEFT
 10
0.0
 20
0.0
 30
0.0
  9
$UCSORGRIGHT
 10
0.0
 20
0.0
 30
0.0
  9
$UCSORGFRONT
 10
0.0
 20
0.0
 30
0.0
  9
$UCSORGBACK
 10
0.0
 20
0.0
 30
0.0
  9
$PUCSBASE
  2

  9
$PUCSNAME
  2

  9
$PUCSORG
 10
0.0
 20
0.0
 30
0.0
  9
$PUCSXDIR
 10
1.0
 20
0.0
 30
0.0
  9
$PUCSYDIR
 10
0.0
 20
1.0
 30
0.0
  9
$PUCSORTHOREF
  2

  9
$PUCSORTHOVIEW
 70
     0
  9
$PUCSORGTOP
 10
0.0
 20
0.0
 30
0.0
  9
$PUCSORGBOTTOM
 10
0.0
 20
0.0
 30
0.0
  9
$PUCSORGLEFT
 10
0.0
 20
0.0
 30
0.0
  9
$PUCSORGRIGHT
 10
0.0
 20
0.0
 30
0.0
  9
$PUCSORGFRONT
 10
0.0
 20
0.0
 30
0.0
  9
$PUCSORGBACK
 10
0.0
 20
0.0
 30
0.0
  9
$USERI1
 70
     0
  9
$USERI2
 70
     0
  9
$USERI3
 70
     0
  9
$USERI4
 70
     0
  9
$USERI5
 70
     0
  9
$USERR1
 40
0.0
  9
$USERR2
 40
0.0
  9
$USERR3
 40
0.0
  9
$USERR4
 40
0.0
  9
$USERR5
 40
0.0
  9
$WORLDVIEW
 70
     1
  9
$SHADEDGE
 70
     3
  9
$SHADEDIF
 70
    70
  9
$TILEMODE
 70
     1
  9
$MAXACTVP
 70
    64
  9
$PINSBASE
 10
0.0
 20
0.0
 30
0.0
  9
$PLIMCHECK
 70
     0
  9
$PEXTMIN
 10
0.0
 20
0.0
 30
0.0
  9
$PEXTMAX
 10
0.0
 20
0.0
 30
0.0
  9
$PLIMMIN
 10
0.0
 20
0.0
  9
$PLIMMAX
 10
12.0
 20
9.0
  9
$UNITMODE
 70
     0
  9
$VISRETAIN
 70
     1
  9
$PLINEGEN
 70
     0
  9
$PSLTSCALE
 70
     1
  9
$TREEDEPTH
 70
  3020
  9
$CMLSTYLE
  2
Standard
  9
$CMLJUST
 70
     0
  9
$CMLSCALE
 40
20.0
  9
$PROXYGRAPHICS
 70
     1
  9
$MEASUREMENT
 70
     1
  9
$CELWEIGHT
370
    -1
  9
$ENDCAPS
280
     0
  9
$JOINSTYLE
280
     0
  9
$LWDISPLAY
290
     0
  9
$INSUNITS
 70
     4
  9
$HYPERLINKBASE
  1

  9
$STYLESHEET
  1

  9
$XEDIT
290
     1
  9
$CEPSNTYPE
380
     0
  9
$PSTYLEMODE
290
     1
  9
$FINGERPRINTGUID
  2
{7A9F8AD9-665E-435F-A8D6-3618E7CCD7FC}
  9
$VERSIONGUID
  2
{2E6E3480-2FD0-43F3-A29E-4D5F9D6661AF}
  9
$EXTNAMES
290
     1
  9
$PSVPSCALE
 40
0.0
  9
$OLESTARTUP
290
     0
  9
$SORTENTS
280
   127
  9
$INDEXCTL
280
     0
  9
$HIDETEXT
280
     1
  9
$XCLIPFRAME
280
     2
  9
$HALOGAP
280
     0
  9
$OBSCOLOR
 70
   257
  9
$OBSLTYPE
280
     0
  9
$INTERSECTIONDISPLAY
280
     0
  9
$INTERSECTIONCOLOR
 70
   257
  9
$DIMASSOC
280
     2
  9
$PROJECTNAME
  1

  9
$CAMERADISPLAY
290
     0
  9
$LENSLENGTH
 40
50.0
  9
$CAMERAHEIGHT
 40
0.0
  9
$STEPSPERSEC
 40
2.0
  9
$STEPSIZE
 40
6.0
  9
$3DDWFPREC
 40
2.0
  9
$PSOLWIDTH
 40
0.25
  9
$PSOLHEIGHT
 40
4.0
  9
$LOFTANG1
 40
1.570796326794896
  9
$LOFTANG2
 40
1.570796326794896
  9
$LOFTMAG1
 40
0.0
  9
$LOFTMAG2
 40
0.0
  9
$LOFTPARAM
 70
     7
  9
$LOFTNORMALS
280
     1
  9
$LATITUDE
 40
37.795
  9
$LONGITUDE
 40
-122.394
  9
$NORTHDIRECTION
 40
0.0
  9
$TIMEZONE
 70
 -8000
  9
$LIGHTGLYPHDISPLAY
280
     1
  9
$TILEMODELIGHTSYNCH
280
     1
  9
$CMATERIAL
347
12D
  9
$SOLIDHIST
280
     0
  9
$SHOWHIST
280
     1
  9
$DWFFRAME
280
     1
  9
$DGNFRAME
280
     1
  9
$REALWORLDSCALE
290
     1
  9
$INTERFERECOLOR
 62
   256
  9
$CSHADOW
280
     0
  9
$SHADOWPLANELOCATION
 40
0.0
  0
ENDSEC
  0
SECTION
  2
CLASSES
  0
CLASS
  1
ACDBDICTIONARYWDFLT
  2
AcDbDictionaryWithDefault
  3
ObjectDBX Classes
 90
        0
 91
        1
280
     0
281
     0
  0
CLASS
  1
ACDBPLACEHOLDER
  2
AcDbPlaceHolder
  3
ObjectDBX Classes
 90
        0
 91
        0
280
     0
281
     0
  0
CLASS
  1
LAYOUT
  2
AcDbLayout
  3
ObjectDBX Classes
 90
        0
 91
        0
280
     0
281
     0
  0
CLASS
  1
DICTIONARYVAR
  2
AcDbDictionaryVar
  3
ObjectDBX Classes
 90
        0
 91
       11
280
     0
281
     0
  0
CLASS
  1
TABLESTYLE
  2
AcDbTableStyle
  3
ObjectDBX Classes
 90
     4095
 91
        1
280
     0
281
     0
  0
CLASS
  1
WIPEOUTVARIABLES
  2
AcDbWipeoutVariables
  3
"WipeOut|Product Desc:     WipeOut Dbx Application|Company:          Autodesk, Inc.|WEB Address:      www.autodesk.com"
 90
        0
 91
        0
280
     0
281
     0
  0
CLASS
  1
SCALE
  2
AcDbScale
  3
ObjectDBX Classes
 90
     1153
 91
       18
280
     0
281
     0
  0
CLASS
  1
MLEADERSTYLE
  2
AcDbMLeaderStyle
  3
ACDB_MLEADERSTYLE_CLASS
 90
     4095
 91
        2
280
     0
281
     0
  0
CLASS
  1
MATERIAL
  2
AcDbMaterial
  3
ObjectDBX Classes
 90
     1153
 91
        3
280
     0
281
     0
  0
CLASS
  1
VISUALSTYLE
  2
AcDbVisualStyle
  3
ObjectDBX Classes
 90
     4095
 91
       24
280
     0
281
     0
  0
CLASS
  1
ACDBSECTIONVIEWSTYLE
  2
AcDbSectionViewStyle
  3
ObjectDBX Classes
 90
     1025
 91
        1
280
     0
281
     0
  0
CLASS
  1
ACDBDETAILVIEWSTYLE
  2
AcDbDetailViewStyle
  3
ObjectDBX Classes
 90
     1025
 91
        1
280
     0
281
     0
  0
CLASS
  1
CELLSTYLEMAP
  2
AcDbCellStyleMap
  3
ObjectDBX Classes
 90
     1152
 91
        2
280
     0
281
     0
  0
CLASS
  1
SORTENTSTABLE
  2
AcDbSortentsTable
  3
ObjectDBX Classes
 90
        0
 91
        5
280
     0
281
     0
  0
CLASS
  1
MULTILEADER
  2
AcDbMLeader
  3
ACDB_MLEADER_CLASS
 90
     1025
 91
        2
280
     0
281
     1
  0
CLASS
  1
ACAD_TABLE
  2
AcDbTable
  3
ObjectDBX Classes
 90
     1025
 91
        0
280
     0
281
     1
  0
CLASS
  1
TABLECONTENT
  2
AcDbTableContent
  3
ObjectDBX Classes
 90
     1152
 91
        0
280
     0
281
     0
  0
CLASS
  1
TABLEGEOMETRY
  2
AcDbTableGeometry
  3
ObjectDBX Classes
 90
     1152
 91
        0
280
     0
281
     0
  0
CLASS
  1
FIELD
  2
AcDbField
  3
ObjectDBX Classes
 90
     1152
 91
        2
280
     0
281
     0
  0
CLASS
  1
FIELDLIST
  2
AcDbFieldList
  3
ObjectDBX Classes
 90
     1152
 91
        1
280
     0
281
     0
  0
CLASS
  1
ZRXEBBLOCKEDITORCUSTOBJ
  2
CZwCbBlockEditorObject
  3
CZwCbBlockEditorObject
 90
     1024
 91
        0
280
     0
281
     0
  0
CLASS
  1
TAGROOTDATA
  2
ZcDbTagRootData
  3
ObjectDBX Classes
 90
        0
 91
        0
280
     0
281
     0
  0
CLASS
  1
TAG_EVALGRAPH
  2
ZcDbTagEvalGraph
  3
ObjectDBX Classes
 90
     1153
 91
        0
280
     0
281
     0
  0
CLASS
  1
RASTERVARIABLES
  2
AcDbRasterVariables
  3
ISM
 90
        0
 91
        1
280
     0
281
     0
  0
CLASS
  1
DIMASSOC
  2
AcDbDimAssoc
  3
ZcDbDimAssoc ObjectDBX Classes
 90
        0
 91
        0
280
     0
281
     0
  0
CLASS
  1
TCH_DBCONFIG
  2
TDbConfig
  3
TCH_KERNAL|缺乏中望建筑解释器, 请下载中望建筑相关产品|网址: www.zwsoft.cn
 90
        1
 91
        1
280
     0
281
     0
  0
CLASS
  1
ACAD_EVALUATION_GRAPH
  2
AcDbEvalGraph
  3
ObjectDBX Classes
 90
     1153
 91
        0
280
     0
281
     0
  0
CLASS
  1
ACDB_DYNAMICBLOCKPURGEPREVENTER_VERSION
  2
AcDbDynamicBlockPurgePreventer
  3
ObjectDBX Classes
 90
     1153
 91
        0
280
     0
281
     0
  0
CLASS
  1
TDBINTERFACERECORD
  2
TDbInterfaceRecord
  3
TCH_PIPEBASE|缺乏中望水暖电解释器, 请下载中望建筑相关产品|网址: www.zwsoft.cn
 90
        0
 91
        1
280
     0
281
     0
  0
ENDSEC
  0
SECTION
  2
TABLES
  0
TABLE
  2
VPORT
  5
8
330
0
100
AcDbSymbolTable
 70
     1
  0
VPORT
  5
1BA
330
8
100
AcDbSymbolTableRecord
100
AcDbViewportTableRecord
  2
*Active
 70
     0
 10
0.0
 20
0.0
 11
1.0
 21
1.0
 12
12041.57035038332
 22
1053.670871398258
 13
0.0
 23
0.0
 14
10.0
 24
10.0
 15
10.0
 25
10.0
 16
0.0
 26
0.0
 36
1.0
 17
0.0
 27
0.0
 37
0.0
 40
179.5489676707348
 41
2.060197663971248
 42
50.0
 43
0.0
 44
0.0
 50
0.0
 51
0.0
 71
    16
 72
  1000
 73
     1
 74
     3
 75
     0
 76
     0
 77
     0
 78
     0
281
     0
 65
     1
110
0.0
120
0.0
130
0.0
111
1.0
121
0.0
131
0.0
112
0.0
122
1.0
132
0.0
 79
     0
146
0.0
348
14B
 60
     3
 61
     5
292
     1
282
     1
141
0.0
142
0.0
 63
   250
1001
ACAD_NAV_VCDISPLAY
1070
     3
  0
ENDTAB
  0
TABLE
  2
LTYPE
  5
5
330
0
100
AcDbSymbolTable
 70
     5
  0
LTYPE
  5
14
330
5
100
AcDbSymbolTableRecord
100
AcDbLinetypeTableRecord
  2
ByBlock
 70
     0
  3

 72
    65
 73
     0
 40
0.0
  0
LTYPE
  5
15
330
5
100
AcDbSymbolTableRecord
100
AcDbLinetypeTableRecord
  2
ByLayer
 70
     0
  3

 72
    65
 73
     0
 40
0.0
  0
LTYPE
  5
16
330
5
100
AcDbSymbolTableRecord
100
AcDbLinetypeTableRecord
  2
Continuous
 70
     0
  3
Solid line
 72
    65
 73
     0
 40
0.0
  0
LTYPE
  5
1D03
330
5
100
AcDbSymbolTableRecord
100
AcDbLinetypeTableRecord
  2
DASH
 70
     0
  3
__ __ __ __ __ __ __ __ __ __ __ __ __ __ __ __
 72
    65
 73
     2
 40
0.35
 49
0.25
 74
     0
 49
-0.1
 74
     0
  0
LTYPE
  5
7924
102
{ACAD_XDICTIONARY
360
7925
102
}
330
5
100
AcDbSymbolTableRecord
100
AcDbLinetypeTableRecord
  2
( Hidden )
 70
     0
  3
Hidden line stroke pattern
 72
    65
 73
     2
 40
0.375
 49
0.25
 74
     0
 49
-0.125
 74
     0
  0
LTYPE
  5
7926
330
5
100
AcDbSymbolTableRecord
100
AcDbLinetypeTableRecord
  2
TRATTO-PUNTO
 70
     0
  3
__ . __ . __ . __ . __ . __ . __ . __ . __ . __
 72
    65
 73
     4
 40
1.0
 49
0.5
 74
     0
 49
-0.25
 74
     0
 49
0.0
 74
     0
 49
-0.25
 74
     0
  0
LTYPE
  5
7927
330
5
100
AcDbSymbolTableRecord
100
AcDbLinetypeTableRecord
  2
HIDDEN2
 70
     0
  3
Hidden (.5x) _ _ _ _ _ _ _ _ _ _ _ _ _ _ _ _ _
 72
    65
 73
     2
 40
4.762499999999998
 49
3.174999999999998
 74
     0
 49
-1.587499999999999
 74
     0
  0
ENDTAB
  0
TABLE
  2
LAYER
  5
2
102
{ACAD_XDICTIONARY
360
FA
102
}
330
0
100
AcDbSymbolTable
 70
    20
  0
LAYER
  5
10
330
2
100
AcDbSymbolTableRecord
100
AcDbLayerTableRecord
  2
0
 70
     0
 62
     7
  6
Continuous
370
    -3
390
F
347
13D
348
0
  0
LAYER
  5
1D04
330
2
100
AcDbSymbolTableRecord
100
AcDbLayerTableRecord
  2
DEFPOINTS
 70
     0
 62
     7
  6
Continuous
290
     0
370
     0
390
F
347
13D
348
0
  0
LAYER
  5
1D05
330
2
100
AcDbSymbolTableRecord
100
AcDbLayerTableRecord
  2
_TCH_MASK
 70
     0
 62
     7
  6
Continuous
370
     0
390
F
347
13D
348
0
  0
LAYER
  5
1D06
330
2
100
AcDbSymbolTableRecord
100
AcDbLayerTableRecord
  2
Make2D___U+9359_U+7EFE__U+93C5_U+20AC_U+6C31_U+568E
 70
     0
 62
     7
  6
Continuous
370
    -3
390
F
347
13D
348
0
  0
LAYER
  5
1D07
330
2
100
AcDbSymbolTableRecord
100
AcDbLayerTableRecord
  2
_U+56FE_U+5C42 1
 70
     0
 62
     7
  6
Continuous
370
    -3
390
F
347
13D
348
0
  0
LAYER
  5
1D08
330
2
100
AcDbSymbolTableRecord
100
AcDbLayerTableRecord
  2
G-ANNO-TEXT
 70
     0
 62
   231
  6
Continuous
370
    30
390
F
347
13D
348
0
  0
LAYER
  5
1D09
330
2
100
AcDbSymbolTableRecord
100
AcDbLayerTableRecord
  2
Make2D___U+9359_U+7EFE__U+59DD_U+FF45_U+578F_U+7EFE
 70
     0
 62
     7
  6
Continuous
370
    -3
390
F
347
13D
348
0
  0
LAYER
  5
1D0A
102
{ACAD_XDICTIONARY
360
1D0B
102
}
330
2
100
AcDbSymbolTableRecord
100
AcDbLayerTableRecord
  2
51
 70
     0
 62
     7
420
 16777215
  6
Continuous
370
    -3
390
F
347
13D
348
0
  0
LAYER
  5
1D0C
102
{ACAD_XDICTIONARY
360
1D0D
102
}
330
2
100
AcDbSymbolTableRecord
100
AcDbLayerTableRecord
  2
02___PRT_ALL_AXES
 70
     0
 62
     7
  6
Continuous
370
     0
390
F
347
13D
348
0
  0
LAYER
  5
1D0E
102
{ACAD_XDICTIONARY
360
1D0F
102
}
330
2
100
AcDbSymbolTableRecord
100
AcDbLayerTableRecord
  2
图框_标题栏属性
 70
     0
 62
     1
  6
Continuous
370
     0
390
F
347
13D
348
0
1001
AcadStringInfo
1000
MIFCodePage
1070
     5
  0
LAYER
  5
1D10
330
2
100
AcDbSymbolTableRecord
100
AcDbLayerTableRecord
  2
xian
 70
     0
 62
   250
  6
Continuous
370
    -3
390
F
347
13D
348
0
1001
AcAecLayerStandard
1000

1000

1001
AcCmTransparency
1071
        0
  0
LAYER
  5
1D11
330
2
100
AcDbSymbolTableRecord
100
AcDbLayerTableRecord
  2
di
 70
     0
 62
     7
  6
Continuous
370
    -3
390
F
347
13D
348
0
1001
AcAecLayerStandard
1000

1000

1001
AcCmTransparency
1071
        0
  0
LAYER
  5
1D12
102
{ACAD_XDICTIONARY
360
1D13
102
}
330
2
100
AcDbSymbolTableRecord
100
AcDbLayerTableRecord
  2
tb-tick-50
 70
     0
 62
     5
  6
Continuous
370
    -3
390
F
347
13D
348
0
  0
LAYER
  5
1D14
330
2
100
AcDbSymbolTableRecord
100
AcDbLayerTableRecord
  2
TB-FRAME
 70
     0
 62
     7
  6
Continuous
370
    -3
390
F
347
13D
348
0
1001
AcAecLayerStandard
1000

1000
HQC_000_Zeichnungsrahmen
  0
LAYER
  5
1D15
330
2
100
AcDbSymbolTableRecord
100
AcDbLayerTableRecord
  2
TB-TEXT
 70
     0
 62
     7
  6
Continuous
370
    -3
390
F
347
13D
348
0
  0
LAYER
  5
7DB0
330
2
100
AcDbSymbolTableRecord
100
AcDbLayerTableRecord
  2
DIRECTION
 70
     0
 62
     7
  6
Continuous
370
     0
390
F
347
13D
348
0
1001
AcAecLayerStandard
1000

1000

1001
AcCmTransparency
1071
        0
  0
LAYER
  5
109F8
330
2
100
AcDbSymbolTableRecord
100
AcDbLayerTableRecord
  2
CONN
 70
     0
 62
     7
  6
Continuous
370
    -3
390
F
347
13D
348
0
1001
AcCmTransparency
1071
 33554687
1001
AcAecLayerStandard
1000

1000

  0
LAYER
  5
10A01
330
2
100
AcDbSymbolTableRecord
100
AcDbLayerTableRecord
  2
CONN-Label
 70
     0
 62
     7
  6
Continuous
370
    -3
390
F
347
13D
348
0
1001
AcCmTransparency
1071
 33554687
1001
AcAecLayerStandard
1000

1000

  0
LAYER
  5
10AAE
330
2
100
AcDbSymbolTableRecord
100
AcDbLayerTableRecord
  2
CONNPOS
 70
     0
 62
     7
  6
Continuous
370
    -3
390
F
347
13D
348
0
1001
AcCmTransparency
1071
 33554687
1001
AcAecLayerStandard
1000

1000

  0
LAYER
  5
10AAF
330
2
100
AcDbSymbolTableRecord
100
AcDbLayerTableRecord
  2
CONNNEG
 70
     0
 62
     7
  6
Continuous
370
    -3
390
F
347
13D
348
0
1001
AcCmTransparency
1071
 33554687
1001
AcAecLayerStandard
1000

1000

  0
ENDTAB
  0
TABLE
  2
STYLE
  5
3
330
0
100
AcDbSymbolTable
 70
    17
  0
STYLE
  5
11
330
3
100
AcDbSymbolTableRecord
100
AcDbTextStyleTableRecord
  2
Standard
 70
     0
 40
0.0
 41
1.0
 50
0.0
 71
     0
 42
2.5
  3

  4

1001
ACAD
1000
SimSun
1071
    34306
  0
STYLE
  5
21D
330
3
100
AcDbSymbolTableRecord
100
AcDbTextStyleTableRecord
  2
Annotative
 70
     0
 40
0.0
 41
1.0
 50
0.0
 71
     0
 42
2.5
  3

  4

1001
AcadAnnotative
1000
AnnotativeData
1002
{
1070
     1
1070
     1
1002
}
1001
ACAD
1000
SimSun
1071
    34306
  0
STYLE
  5
1D16
330
3
100
AcDbSymbolTableRecord
100
AcDbTextStyleTableRecord
  2
333
 70
     0
 40
0.0
 41
1.0
 50
0.0
 71
     0
 42
2.5
  3
arial.ttf
  4

1001
ACAD
1000
Arial
1071
       34
  0
STYLE
  5
1D17
330
3
100
AcDbSymbolTableRecord
100
AcDbTextStyleTableRecord
  2
Bold
 70
     0
 40
18.0
 41
1.0
 50
0.0
 71
     0
 42
18.0
  3
arialbd.ttf
  4

1001
ACAD
1000
Arial
1071
 33554688
  0
STYLE
  5
1D18
330
3
100
AcDbSymbolTableRecord
100
AcDbTextStyleTableRecord
  2
A字体
 70
     0
 40
1.05
 41
1.0
 50
0.0
 71
     0
 42
0.2
  3
arial.ttf
  4

1001
ACAD
1000
Arial
1071
       34
  0
STYLE
  5
1D19
330
3
100
AcDbSymbolTableRecord
100
AcDbTextStyleTableRecord
  2
Arial_3
 70
     0
 40
1.225
 41
1.0
 50
0.0
 71
     0
 42
0.2
  3
arial.ttf
  4

1001
ACAD
1000
Arial
1071
    34338
  0
STYLE
  5
1D1A
330
3
100
AcDbSymbolTableRecord
100
AcDbTextStyleTableRecord
  2
Arial_4
 70
     0
 40
1.25
 41
1.0
 50
0.0
 71
     0
 42
0.2
  3
arial.ttf
  4

1001
ACAD
1000
Arial
1071
    34338
  0
STYLE
  5
1D1B
330
3
100
AcDbSymbolTableRecord
100
AcDbTextStyleTableRecord
  2
B140
 70
     0
 40
5.600000000000001
 41
1.0
 50
0.0
 71
     0
 42
0.2
  3
bold.shx
  4

  0
STYLE
  5
1D1C
330
3
100
AcDbSymbolTableRecord
100
AcDbTextStyleTableRecord
  2
CALIBRI
 70
     0
 40
0.125
 41
1.0
 50
0.0
 71
     0
 42
0.125
  3
calibri.ttf
  4

1001
AcadAnnotative
1000
AnnotativeData
1002
{
1070
     1
1070
     0
1002
}
1001
ACAD
1000
Calibri
1071
       34
  0
STYLE
  5
3AA5
330
3
100
AcDbSymbolTableRecord
100
AcDbTextStyleTableRecord
  2
EVS Regular
 70
     0
 40
0.1
 41
1.0
 50
0.0
 71
     0
 42
0.1
  3
arial.ttf
  4

1001
ACAD
1000
Arial
1071
       34
1001
AcadAnnotative
1000
AnnotativeData
1002
{
1070
     1
1070
     1
1002
}
  0
STYLE
  5
3AA6
330
3
100
AcDbSymbolTableRecord
100
AcDbTextStyleTableRecord
  2
Arial
 70
     0
 40
1.05
 41
1.0
 50
0.0
 71
     0
 42
0.2
  3
arial.ttf
  4

1001
ACAD
1000
Arial
1071
    34338
  0
STYLE
  5
7928
330
3
100
AcDbSymbolTableRecord
100
AcDbTextStyleTableRecord
  2
StyleArial
 70
     0
 40
0.0
 41
1.0
 50
0.0
 71
     0
 42
2.5
  3
arial.ttf
  4

1001
ACAD
1000
Arial
1071
        0
  0
STYLE
  5
7929
330
3
100
AcDbSymbolTableRecord
100
AcDbTextStyleTableRecord
  2
HNCBRJ
 70
     0
 40
2.0
 41
0.8
 50
0.0
 71
     0
 42
0.1
  3
arial.ttf
  4

1001
ACAD
1000
Arial
1071
       34
  0
STYLE
  5
7DB1
330
3
100
AcDbSymbolTableRecord
100
AcDbTextStyleTableRecord
  2
ROMANS
 70
     0
 40
0.0
 41
1.0
 50
0.0
 71
     0
 42
0.1
  3
romans
  4

  0
STYLE
  5
7DB2
330
3
100
AcDbSymbolTableRecord
100
AcDbTextStyleTableRecord
  2
Bemaßung Groß
 70
     0
 40
3.2
 41
1.0
 50
0.0
 71
     0
 42
0.2
  3
arial.ttf
  4

1001
ACAD
1000
Arial
1071
       34
  0
STYLE
  5
7DB3
330
3
100
AcDbSymbolTableRecord
100
AcDbTextStyleTableRecord
  2
SLDTEXTSTYLE2
 70
     0
 40
0.0
 41
1.0
 50
0.0
 71
     0
 42
700.0
  3
gbenor.shx
  4
gbcbig.shx
  0
STYLE
  5
E89F
330
3
100
AcDbSymbolTableRecord
100
AcDbTextStyleTableRecord
  2
MtX_Calibri
 70
     0
 40
0.0
 41
1.0
 50
0.0
 71
     0
 42
0.2
  3

  4

1001
ACAD
1000
Calibri
1071
    34338
  0
ENDTAB
  0
TABLE
  2
VIEW
  5
6
330
0
100
AcDbSymbolTable
 70
     0
  0
ENDTAB
  0
TABLE
  2
UCS
  5
7
330
0
100
AcDbSymbolTable
 70
     0
  0
ENDTAB
  0
TABLE
  2
APPID
  5
9
330
0
100
AcDbSymbolTable
 70
    24
  0
APPID
  5
12
330
9
100
AcDbSymbolTableRecord
100
AcDbRegAppTableRecord
  2
ACAD
 70
     0
  0
APPID
  5
F4
330
9
100
AcDbSymbolTableRecord
100
AcDbRegAppTableRecord
  2
ACAD_PSEXT
 70
     0
  0
APPID
  5
16E
330
9
100
AcDbSymbolTableRecord
100
AcDbRegAppTableRecord
  2
ACAD_NAV_VCDISPLAY
 70
     0
  0
APPID
  5
21E
330
9
100
AcDbSymbolTableRecord
100
AcDbRegAppTableRecord
  2
AcadAnnoPO
 70
     0
  0
APPID
  5
21F
330
9
100
AcDbSymbolTableRecord
100
AcDbRegAppTableRecord
  2
AcadAnnotative
 70
     0
  0
APPID
  5
224
330
9
100
AcDbSymbolTableRecord
100
AcDbRegAppTableRecord
  2
ACAD_DSTYLE_DIMJAG
 70
     0
  0
APPID
  5
225
330
9
100
AcDbSymbolTableRecord
100
AcDbRegAppTableRecord
  2
ACAD_DSTYLE_DIMBREAK
 70
     0
  0
APPID
  5
226
330
9
100
AcDbSymbolTableRecord
100
AcDbRegAppTableRecord
  2
ACAD_DSTYLE_DIMTALN
 70
     0
  0
APPID
  5
1D1D
330
9
100
AcDbSymbolTableRecord
100
AcDbRegAppTableRecord
  2
AcDbDynamicBlockGUID
 70
     0
  0
APPID
  5
1D1E
330
9
100
AcDbSymbolTableRecord
100
AcDbRegAppTableRecord
  2
GradientColor1ACI
 70
     0
  0
APPID
  5
1D1F
330
9
100
AcDbSymbolTableRecord
100
AcDbRegAppTableRecord
  2
GradientColor2ACI
 70
     0
  0
APPID
  5
1D20
330
9
100
AcDbSymbolTableRecord
100
AcDbRegAppTableRecord
  2
REVIT
 70
     0
  0
APPID
  5
1D21
330
9
100
AcDbSymbolTableRecord
100
AcDbRegAppTableRecord
  2
AcadStringInfo
 70
     0
  0
APPID
  5
1D22
330
9
100
AcDbSymbolTableRecord
100
AcDbRegAppTableRecord
  2
AcAecLayerStandard
 70
     0
  0
APPID
  5
1D23
330
9
100
AcDbSymbolTableRecord
100
AcDbRegAppTableRecord
  2
AcCmTransparency
 70
     0
  0
APPID
  5
368E
330
9
100
AcDbSymbolTableRecord
100
AcDbRegAppTableRecord
  2
ZWCAD_MTEXT_RTL_PARAGRAPHS
 70
     0
  0
APPID
  5
3AA8
330
9
100
AcDbSymbolTableRecord
100
AcDbRegAppTableRecord
  2
ADE
 70
     0
  0
APPID
  5
5220
330
9
100
AcDbSymbolTableRecord
100
AcDbRegAppTableRecord
  2
ACAUTHENVIRON
 70
     0
  0
APPID
  5
5235
330
9
100
AcDbSymbolTableRecord
100
AcDbRegAppTableRecord
  2
PLOTTRANSPARENCY
 70
     0
  0
APPID
  5
5243
330
9
100
AcDbSymbolTableRecord
100
AcDbRegAppTableRecord
  2
SectionViewStyle
 70
     0
  0
APPID
  5
5244
330
9
100
AcDbSymbolTableRecord
100
AcDbRegAppTableRecord
  2
DetailViewStyle
 70
     0
  0
APPID
  5
792A
330
9
100
AcDbSymbolTableRecord
100
AcDbRegAppTableRecord
  2
AcDbBlockRepETag
 70
     0
  0
APPID
  5
102DF
330
9
100
AcDbSymbolTableRecord
100
AcDbRegAppTableRecord
  2
AcDbDynamicBlockTrueName
 70
     0
  0
APPID
  5
106C5
330
9
100
AcDbSymbolTableRecord
100
AcDbRegAppTableRecord
  2
Acad_TC
 70
     0
  0
ENDTAB
  0
TABLE
  2
DIMSTYLE
  5
A
330
0
100
AcDbSymbolTable
 70
     8
100
AcDbDimStyleTable
 71
     2
340
9C
340
227
  0
DIMSTYLE
105
27
330
A
100
AcDbSymbolTableRecord
100
AcDbDimStyleTableRecord
  2
Standard
 70
     0
340
11
  0
DIMSTYLE
105
9C
102
{ACAD_REACTORS
330
6A74
330
6A75
330
6A88
330
6A89
330
6A8A
330
6A9D
330
6A9E
330
6AAB
102
}
330
A
100
AcDbSymbolTableRecord
100
AcDbDimStyleTableRecord
  2
ISO-25
 70
     0
 41
2.5
 42
0.625
 43
3.75
 44
1.25
 73
     0
 74
     0
 77
     1
 78
     8
140
2.5
141
2.5
143
0.03937007874016
147
0.625
171
     3
172
     1
271
     2
272
     2
274
     3
278
    44
283
     0
284
     8
340
1D16
1001
AcadAnnotative
1000
AnnotativeData
1002
{
1070
     1
1070
     0
1002
}
  0
DIMSTYLE
105
227
330
A
100
AcDbSymbolTableRecord
100
AcDbDimStyleTableRecord
  2
Annotative
 70
     0
 41
2.5
 42
0.625
 43
3.75
 44
1.25
 73
     0
 74
     0
 77
     1
 78
     8
140
2.5
141
2.5
143
0.03937007874016
147
0.625
171
     3
172
     1
271
     2
272
     2
274
     3
278
    44
283
     0
284
     8
340
11
1001
ACAD_DSTYLE_DIMBREAK
1070
   391
1040
3.75
1001
AcadAnnotative
1000
AnnotativeData
1002
{
1070
     1
1070
     1
1002
}
1001
ACAD_DSTYLE_DIMJAG
1070
   388
1040
1.5
1001
ACAD_DSTYLE_DIMTALN
1070
   392
1070
     0
  0
DIMSTYLE
105
3AA7
330
A
100
AcDbSymbolTableRecord
100
AcDbDimStyleTableRecord
  2
EVS Dimension wExt Line
 70
     0
  3
'
 41
0.12
 44
0.05
 73
     0
 74
     0
 77
     1
 78
     8
140
0.1
141
0.0
147
0.05
176
   256
177
   256
271
     2
178
   256
271
     2
272
     2
340
3AA5
371
    -1
345
15
346
15
347
15
1001
ACAD_DSTYLE_DIMBREAK
1070
   391
1040
0.125
1001
AcadAnnotative
1000
AnnotativeData
1002
{
1070
     1
1070
     1
1002
}
1001
ACAD_DSTYLE_DIMJAG
1070
   388
1040
1.0
1001
ACAD_DSTYLE_DIMTALN
1070
   392
1070
     0
  0
DIMSTYLE
105
7DB4
330
A
100
AcDbSymbolTableRecord
100
AcDbDimStyleTableRecord
  2
AEC Bemassung 1-100
 70
     0
 41
0.15
 42
0.0
 43
0.5
 44
0.125
 45
0.005
 46
0.125
 73
     0
 74
     0
 77
     1
 78
    12
140
0.2
141
0.25
147
0.1
172
     1
174
     1
178
   163
179
     2
279
     2
340
7DB1
342
7DA7
  0
DIMSTYLE
105
7DB5
330
A
100
AcDbSymbolTableRecord
100
AcDbDimStyleTableRecord
  2
Treppen
 70
     0
 41
0.1
 42
0.0
 43
0.5
 44
0.125
 46
0.125
 73
     0
 74
     0
 77
     1
 78
    12
140
0.2
141
0.25
147
0.1
179
     1
279
     2
340
7DB1
342
7DAB
343
7DAB
344
7DAB
  0
DIMSTYLE
105
7DB6
330
A
100
AcDbSymbolTableRecord
100
AcDbDimStyleTableRecord
  2
Copy of in m + Einheit Groß
 70
     0
  3
 m
 41
0.8
 42
0.1
 43
0.2
 44
0.8
 46
0.8
 49
0.16
 50
90.0
 69
     1
 70
     0
 73
     0
 74
     0
 77
     1
 78
     1
140
3.2
141
-0.0004
143
0.0394
147
0.5
171
     0
172
     1
173
     1
176
   256
177
   256
271
     2
178
   256
271
     2
272
     2
273
     8
274
     0
284
     1
340
7DB2
341
7DA7
343
7DA7
344
7DA7
371
     0
1001
ACAD_DSTYLE_DIMBREAK
1070
   391
1040
3.75
1001
ACAD_DSTYLE_DIMJAG
1070
   388
1040
1.5
1001
ACAD_DSTYLE_DIMTALN
1070
   392
1070
     0
  0
DIMSTYLE
105
7DB7
330
A
100
AcDbSymbolTableRecord
100
AcDbDimStyleTableRecord
  2
SLDDIMSTYLE2
 70
     0
 41
660.4
 44
0.0
 45
0.000000001
 73
     0
 74
     0
 77
     1
 78
    12
 79
     3
140
700.0
144
0.25
147
175.0
173
     1
271
     2
272
     2
276
     2
284
    12
340
7DB3
  0
ENDTAB
  0
TABLE
  2
BLOCK_RECORD
  5
1
330
0
100
AcDbSymbolTable
 70
    41
  0
BLOCK_RECORD
  5
1F
102
{ACAD_XDICTIONARY
360
6C23
102
}
330
1
100
AcDbSymbolTableRecord
100
AcDbBlockTableRecord
  2
*Model_Space
340
22
 70
     0
280
     1
281
     0
  0
BLOCK_RECORD
  5
1C7
330
1
100
AcDbSymbolTableRecord
100
AcDbBlockTableRecord
  2
*Paper_Space
340
1C8
 70
     0
280
     1
281
     0
  0
BLOCK_RECORD
  5
1CC
330
1
100
AcDbSymbolTableRecord
100
AcDbBlockTableRecord
  2
*Paper_Space0
340
1CD
 70
     0
280
     1
281
     0
  0
BLOCK_RECORD
  5
234
102
{ACAD_XDICTIONARY
360
235
102
}
330
1
100
AcDbSymbolTableRecord
100
AcDbBlockTableRecord
  2
L1
340
0
310
28000000200000002000000001002000000000000010000001000000010000000000000000000000805ACE5C302821FF302821FF302821FF302821FF302821FF302821FF302821FF302821FF302821FF302821FF302821FF302821FF302821FF302821FF302821FF302821FF302821FF302821FF302821FF302821FF302821
310
FF302821FF302821FF302821FF302821FF302821FF302821FF302821FF302821FF302821FF302821FF302821FF302821FF302821FF302821FF302821FF302821FF302821FF302821FF302821FF302821FF302821FF302821FF302821FF302821FF302821FF302821FF302821FF302821FF302821FF302821FF302821FF3028
310
21FF302821FF302821FF302821FF302821FF302821FF302821FF302821FF302821FF302821FF302821FF302821FF302821FF302821FF302821FF302821FF302821FF302821FF302821FF302821FF302821FF302821FF302821FF302821FF302821FF302821FF302821FF302821FF302821FF302821FF302821FF302821FF30
310
2821FF302821FF302821FF302821FF302821FF302821FF302821FF302821FF302821FF302821FF302821FF302821FF302821FF302821FF302821FF302821FF302821FF302821FF302821FF302821FF302821FF302821FF302821FF302821FF302821FF302821FF302821FF302821FF302821FF302821FF302821FF302821FF
310
302821FF302821FF302821FF302821FF302821FF302821FF302821FF302821FF302821FF302821FF302821FF302821FF302821FF302821FF302821FF302821FF302821FF302821FF302821FF302821FF302821FF302821FF302821FF302821FF302821FF302821FF302821FF302821FF302821FF302821FF302821FF302821
310
FF302821FF302821FF302821FF302821FF302821FF302821FF302821FF302821FF302821FF302821FF302821FF302821FF302821FF302821FF302821FF302821FF302821FF302821FF302821FF302821FF302821FF302821FF302821FF302821FF302821FF302821FF302821FF302821FF302821FF302821FF302821FF3028
310
21FF302821FF302821FF302821FF302821FF302821FF302821FF302821FF302821FF302821FF302821FF302821FF302821FF302821FF302821FF302821FF302821FF302821FF302821FF302821FF302821FF302821FF302821FF302821FF302821FF302821FF302821FF302821FF302821FF302821FF302821FF302821FF30
310
2821FF302821FF302821FF302821FF302821FF302821FF302821FF302821FF302821FF302821FF302821FF302821FF302821FF302821FF302821FF302821FF302821FF302821FF302821FF302821FF302821FF302821FF302821FF302821FF302821FF302821FF302821FF302821FF302821FF302821FF302821FF302821FF
310
302821FF302821FF302821FF302821FF302821FF302821FF302821FF302821FF302821FF302821FF302821FF302821FF302821FF302821FF302821FF302821FF302821FF302821FF302821FF302821FF302821FF302821FF302821FF302821FF302821FF302821FF302821FF302821FF302821FF302821FF302821FF302821
310
FF302821FF302821FF302821FF302821FF302821FF302821FF302821FF302821FF302821FF302821FF302821FF302821FF302821FF302821FF302821FF302821FF302821FF302821FF302821FF302821FF302821FF302821FF302821FF302821FF302821FF302821FF302821FF302821FF302821FF302821FF302821FF3028
310
21FF302821FF302821FF302821FF302821FF302821FF302821FF302821FF302821FF302821FF302821FF302821FF302821FF302821FF302821FF302821FF302821FF302821FF302821FF302821FF302821FF302821FF302821FF302821FF302821FF302821FF302821FF302821FF302821FF302821FF302821FF302821FF30
310
2821FF302821FF302821FF302821FF302821FF302821FF302821FF302821FF302821FF302821FF302821FF302821FF302821FF302821FF302821FFFFFFFFFFFFFFFFFFFFFFFFFFFFFFFFFFFFFFFFFFFFFFFFFFFFFFFFFFFFFFFFFFFFFFFFFFFFFFFFFFFFFFFFFFFFFFFFFFFFFFFFFFFFFFFFFFFFFFFFFFFFFFFFFFFFFFFFFF
310
FFFFFFFFFFFFFFFFFFFFFFFFFFFFFFFFFFFFFFFFFFFFFFFFFFFFFFFFFFFFFFFFFFFFFFFFFFFFFFFFFFFFFFFFFFFFFFFFFFFFFFFF302821FF302821FFFFFFFFFFFFFFFFFFFFFFFFFFFFFFFFFFFFFFFFFFFFFFFFFFFFFFFFFFFFFFFFFFFFFFFFFFFFFFFFFFFFFFFFFFFFFFFFFFFFFFFFFFFFFFFFFFFFFFFFFFFFFFFFFFFFFFFF
310
FFFFFFFFFFFFFFFFFFFFFFFFFFFFFFFFFFFFFFFFFFFFFFFFFFFFFFFFFFFFFFFFFF302821FF302821FF302821FF302821FFFFFFFFFF302821FF302821FFFFFFFFFFFFFFFFFFFFFFFFFFFFFFFFFFFFFFFFFF302821FF302821FF302821FF302821FF302821FF302821FF302821FFFFFFFFFFFFFFFFFF302821FF302821FF3028
310
21FF302821FF302821FF302821FFFFFFFFFFFFFFFFFFFFFFFFFFFFFFFFFFFFFFFFFF302821FF302821FF302821FFFFFFFFFFFFFFFFFF302821FF302821FFFFFFFFFFFFFFFFFFFFFFFFFFFFFFFFFFFFFFFFFF302821FF302821FF302821FF302821FF302821FF302821FF302821FFFFFFFFFFFFFFFFFFFFFFFFFF302821FF30
310
2821FF302821FF302821FF302821FFFFFFFFFFFFFFFFFFFFFFFFFFFFFFFFFFFFFFFFFF302821FF302821FF302821FFFFFFFFFFFFFFFFFF302821FF302821FFFFFFFFFFFFFFFFFFFFFFFFFFFFFFFFFFFFFFFFFFFFFFFFFFFFFFFFFFFFFFFFFFFFFFFFFFFFFFFFFFFFFFFFFFFFFFFFFFFFFFFFFFFFFFFFFFFFFFFFFFFFFFFFFF
310
FFFFFFFFFFFFFFFFFFFFFFFFFFFFFFFFFFFFFFFFFFFFFFFFFFFFFFFFFFFFFFFFFFFFFFFF302821FF302821FF302821FFFFFFFFFFFFFFFFFF302821FF302821FFFFFFFFFFFFFFFFFFFFFFFFFFFFFFFFFFFFFFFFFFFFFFFFFFFFFFFFFFFFFFFFFFFFFFFFFFFFFFFFFFFFFFFFFFFFFFFFFFFFFFFFFFFFFFFFFFFFFFFFFFFFFFFF
310
FFFFFFFFFFFFFFFFFFFFFFFFFFFFFFFFFFFFFFFFFFFFFFFFFFFFFFFFFFFFFFFFFFFFFFFFFFFFFFFFFFFFFFFFFFFFFFFFFFFFFFFFFFFFFFFFFF302821FF302821FFFFFFFFFF302821FF302821FF302821FF302821FF302821FF302821FF302821FF302821FF302821FF302821FF302821FF302821FF302821FF302821FF3028
310
21FF302821FF302821FF302821FF302821FF302821FF302821FF302821FF302821FFFFFFFFFF302821FF302821FF302821FF302821FF302821FF302821FF302821FFFFFFFFFF302821FF302821FF302821FF302821FF302821FF302821FF302821FF302821FF302821FF302821FF302821FF302821FF302821FF302821FF30
310
2821FF302821FF302821FF302821FF302821FF302821FF302821FF302821FF302821FFFFFFFFFF302821FF302821FF302821FF302821FF302821FF302821FF302821FFFFFFFFFF302821FF302821FF302821FF302821FF302821FF302821FF302821FF302821FF302821FF302821FF302821FF302821FF302821FF302821FF
310
302821FF302821FF302821FF302821FF302821FF302821FF302821FF302821FF302821FFFFFFFFFF302821FF302821FF302821FF302821FF302821FF302821FF302821FFFFFFFFFFFFFFFFFFFFFFFFFFFFFFFFFFFFFFFFFFFFFFFFFFFFFFFFFFFFFFFFFFFFFFFFFFFFFFFFFFFFFFFFFFFFFFFFFFFFFFFFFFFFFFFFFFFFFFFF
310
FFFFFFFFFFFFFFFFFFFFFFFFFFFFFFFFFFFFFFFFFFFFFFFFFFFFFFFFFFFFFFFFFFFFFFFFFFFFFFFFFF302821FF302821FF302821FF302821FF302821FF302821FF302821FF302821FF302821FF302821FF302821FF302821FF302821FF302821FF302821FF302821FF302821FF302821FF302821FF302821FF302821FF3028
310
21FF302821FF302821FF302821FF302821FF302821FF302821FF302821FF302821FF302821FF302821FF302821FF302821FF302821FF302821FF302821FF302821FF302821FF302821FF302821FF302821FF302821FF302821FF302821FF302821FF302821FF302821FF302821FF302821FF302821FF302821FF302821FF30
310
2821FF302821FF302821FF302821FF302821FF302821FF302821FF302821FF302821FF302821FF302821FF302821FF302821FF302821FF302821FF302821FF302821FF302821FF302821FF302821FF302821FF302821FF302821FF302821FF302821FF302821FF302821FF302821FF302821FF302821FF302821FF302821FF
310
302821FF302821FF302821FF302821FF302821FF302821FF302821FF302821FF302821FF302821FF302821FF302821FF302821FF302821FF302821FF302821FF302821FF302821FF302821FF302821FF302821FF302821FF302821FF302821FF302821FF302821FF302821FF302821FF302821FF302821FF302821FF302821
310
FF302821FF302821FF302821FF302821FF302821FF302821FF302821FF302821FF302821FF302821FF302821FF302821FF302821FF302821FF302821FF302821FF302821FF302821FF302821FF302821FF302821FF302821FF302821FF302821FF302821FF302821FF302821FF302821FF302821FF302821FF302821FF3028
310
21FF302821FF302821FF302821FF302821FF302821FF302821FF302821FF302821FF302821FF302821FF302821FF302821FF302821FF302821FF302821FF302821FF302821FF302821FF302821FF302821FF302821FF302821FF302821FF302821FF302821FF302821FF302821FF302821FF302821FF302821FF302821FF30
310
2821FF302821FF302821FF302821FF302821FF302821FF302821FF302821FF302821FF302821FF302821FF302821FF302821FF302821FF302821FF302821FF302821FF302821FF302821FF302821FF302821FF302821FF302821FF302821FF302821FF302821FF302821FF302821FF302821FF302821FF302821FF302821FF
310
302821FF302821FF302821FF302821FF302821FF302821FF302821FF302821FF302821FF302821FF302821FF302821FF302821FF302821FF302821FF302821FF302821FF302821FF302821FF302821FF302821FF302821FF302821FF302821FF302821FF302821FF302821FF302821FF302821FF302821FF302821FF302821
310
FF302821FF302821FF302821FF302821FF302821FF302821FF302821FF302821FF302821FF302821FF302821FF302821FF302821FF302821FF302821FF302821FF302821FF302821FF302821FF302821FF302821FF302821FF302821FF302821FF302821FF302821FF302821FF302821FF302821FF302821FF302821FF3028
310
21FF302821FF302821FF302821FF302821FF302821FF302821FF302821FF302821FF302821FF302821FF302821FF302821FF302821FF302821FF302821FF302821FF302821FF302821FF302821FF302821FF302821FF302821FF302821FF302821FF302821FF302821FF302821FF302821FF302821FF302821FF302821FF30
310
2821FF302821FF302821FF302821FF302821FF302821FF302821FF302821FF302821FF302821FF302821FF302821FF302821FF302821FF302821FF302821FF302821FF302821FF302821FF302821FF302821FF302821FF302821FF302821FF302821FF302821FF302821FF302821FF302821FF302821FF302821FF302821FF
310
302821FF302821FF302821FF302821FF302821FF302821FF302821FF302821FF302821FF302821FF302821FF302821FF302821FF302821FF302821FF302821FF302821FF302821FF
102
{BLKREFS
331
10A05
331
10A2D
331
10A3A
331
10A96
331
10B2C
331
6A85
331
6A93
102
}
 70
     1
280
     0
281
     0
1001
AcDbDynamicBlockGUID
1000
{584E22F1-026C-0D40-BC6D-2C59C7D25985}
  0
BLOCK_RECORD
  5
435
102
{ACAD_XDICTIONARY
360
436
102
}
330
1
100
AcDbSymbolTableRecord
100
AcDbBlockTableRecord
  2
T3
340
0
310
2800000020000000200000000100200000000000001000000100000001000000000000000000000001000000302821FF302821FF302821FF302821FF302821FF302821FF302821FF302821FF302821FF302821FF302821FF302821FF302821FF302821FF302821FF302821FF302821FF302821FF302821FF302821FF302821
310
FF302821FF302821FF302821FF302821FF302821FF302821FF302821FF302821FF302821FF302821FF302821FF302821FF302821FF302821FF302821FF302821FF302821FF302821FF302821FF302821FF302821FF302821FF302821FF302821FF302821FF302821FF302821FF302821FF302821FF302821FF302821FF3028
310
21FF302821FF302821FF302821FF302821FF302821FF302821FF302821FF302821FF302821FF302821FF302821FF302821FF302821FF302821FF302821FF302821FF302821FF302821FF302821FF302821FF302821FF302821FF302821FF302821FF302821FF302821FF302821FF302821FF302821FF302821FF302821FF30
310
2821FF302821FF302821FF302821FF302821FF302821FF302821FF302821FF302821FF302821FF302821FF302821FF302821FF302821FF302821FF302821FF302821FF302821FF302821FF302821FF302821FF302821FF302821FF302821FF302821FF302821FF302821FF302821FF302821FF302821FF302821FF302821FF
310
302821FF302821FF302821FF302821FF302821FF302821FF302821FF302821FF302821FF302821FF302821FF302821FF302821FF302821FF302821FF302821FF302821FF302821FF302821FF302821FF302821FF302821FF302821FF302821FF302821FF302821FF302821FF302821FF302821FF302821FF302821FF302821
310
FF302821FF302821FF302821FF302821FF302821FF302821FF302821FF302821FF302821FF302821FF302821FF302821FF302821FF302821FF302821FF302821FF302821FF302821FF302821FF302821FF302821FF302821FF302821FF302821FF302821FF302821FF302821FF302821FF302821FF302821FF302821FF3028
310
21FF302821FF302821FF302821FF302821FF302821FF302821FF302821FF302821FF302821FF302821FF302821FF302821FF302821FF302821FF302821FF302821FF302821FF302821FF302821FF302821FF302821FF302821FFFFFFFFFFFFFFFFFFFFFFFFFFFFFFFFFFFFFFFFFFFFFFFFFFFFFFFFFFFFFFFFFFFFFFFFFFFF
310
FFFFFFFFFFFFFFFFFFFFFFFFFFFFFFFFFFFFFFFFFFFFFFFFFFFFFFFFFFFFFFFFFFFFFFFFFFFFFFFFFFFFFFFFFFFFFF302821FF302821FF302821FF302821FF302821FF302821FF302821FF302821FF302821FF302821FF302821FFFFFFFFFFFFFFFFFFFFFFFFFFFFFFFFFFFFFFFFFFFFFFFFFF302821FF302821FF302821FF
310
302821FF302821FF302821FF302821FF302821FF302821FF302821FF302821FF302821FF302821FFFFFFFFFF302821FF302821FF302821FF302821FF302821FF302821FF302821FF302821FF302821FF302821FF302821FF302821FFFFFFFFFFFFFFFFFFFFFFFFFFFFFFFFFFFFFFFFFFFFFFFFFF302821FF302821FF302821
310
FF302821FF302821FF302821FF302821FF302821FF302821FF302821FF302821FF302821FF302821FFFFFFFFFF302821FF302821FF302821FF302821FF302821FF302821FF302821FF302821FF302821FF302821FF302821FF302821FFFFFFFFFFFFFFFFFFFFFFFFFFFFFFFFFFFFFFFFFFFFFFFFFF302821FF302821FF3028
310
21FF302821FF302821FF302821FF302821FF302821FF302821FF302821FF302821FF302821FF302821FFFFFFFFFF302821FF302821FF302821FF302821FF302821FF302821FF302821FF302821FF302821FF302821FF302821FF302821FFFFFFFFFFFFFFFFFFFFFFFFFFFFFFFFFFFFFFFFFFFFFFFFFF302821FF302821FF30
310
2821FF302821FF302821FF302821FF302821FF302821FF302821FF302821FF302821FF302821FF302821FFFFFFFFFF302821FF302821FF302821FF302821FF302821FF302821FF302821FF302821FF302821FF302821FF302821FF302821FFFFFFFFFF302821FF302821FF302821FF302821FFFFFFFFFF302821FF302821FF
310
302821FF302821FF302821FF302821FF302821FF302821FF302821FF302821FF302821FF302821FF302821FFFFFFFFFF302821FF302821FF302821FF302821FF302821FF302821FF302821FF302821FF302821FF302821FF302821FF302821FFFFFFFFFFFFFFFFFF302821FF302821FFFFFFFFFFFFFFFFFF302821FF302821
310
FF302821FF302821FF302821FF302821FF302821FF302821FF302821FF302821FF302821FF302821FF302821FFFFFFFFFF302821FF302821FF302821FF302821FF302821FF302821FF302821FF302821FF302821FF302821FF302821FF302821FFFFFFFFFFFFFFFFFF302821FF302821FFFFFFFFFFFFFFFFFF302821FF3028
310
21FF302821FF302821FF302821FF302821FF302821FF302821FF302821FF302821FF302821FF302821FF302821FFFFFFFFFF302821FF302821FF302821FF302821FF302821FF302821FF302821FF302821FF302821FF302821FFFFFFFFFF302821FFFFFFFFFFFFFFFFFF302821FF302821FFFFFFFFFFFFFFFFFF302821FFFF
310
FFFFFFFFFFFFFF302821FF302821FF302821FF302821FF302821FF302821FF302821FF302821FF302821FF302821FFFFFFFFFF302821FF302821FF302821FFFFFFFFFFFFFFFFFFFFFFFFFFFFFFFFFFFFFFFFFFFFFFFFFFFFFFFFFFFFFFFFFFFFFFFFFFFFFFFFFFFFFFFFFF302821FF302821FFFFFFFFFFFFFFFFFFFFFFFFFF
310
302821FFFFFFFFFFFFFFFFFFFFFFFFFFFFFFFFFFFFFFFFFFFFFFFFFFFFFFFFFF302821FF302821FF302821FF302821FFFFFFFFFF302821FF302821FF302821FFFFFFFFFFFFFFFFFFFFFFFFFFFFFFFFFFFFFFFFFF302821FF302821FFFFFFFFFFFFFFFFFFFFFFFFFFFFFFFFFFFFFFFFFFFFFFFFFFFFFFFFFFFFFFFFFFFFFFFF
310
FFFFFFFFFFFFFFFFFF302821FFFFFFFFFFFFFFFFFFFFFFFFFFFFFFFFFFFFFFFFFF302821FF302821FF302821FF302821FFFFFFFFFF302821FF302821FF302821FFFFFFFFFFFFFFFFFFFFFFFFFFFFFFFFFFFFFFFFFF302821FF302821FF302821FF302821FF302821FF302821FFFFFFFFFFFFFFFFFFFFFFFFFF302821FF3028
310
21FF302821FF302821FF302821FFFFFFFFFFFFFFFFFFFFFFFFFFFFFFFFFFFFFFFFFF302821FF302821FF302821FF302821FFFFFFFFFF302821FF302821FF302821FFFFFFFFFFFFFFFFFFFFFFFFFFFFFFFFFFFFFFFFFF302821FF302821FF302821FF302821FF302821FFFFFFFFFFFFFFFFFFFFFFFFFFFFFFFFFF302821FF30
310
2821FF302821FF302821FF302821FFFFFFFFFFFFFFFFFFFFFFFFFFFFFFFFFFFFFFFFFF302821FF302821FF302821FF302821FFFFFFFFFF302821FF302821FF302821FFFFFFFFFF302821FF302821FF302821FFFFFFFFFF302821FF302821FFFFFFFFFFFFFFFFFFFFFFFFFFFFFFFFFFFFFFFFFFFFFFFFFFFFFFFFFFFFFFFFFF
310
FFFFFFFFFFFFFFFFFFFFFFFF302821FFFFFFFFFF302821FF302821FF302821FFFFFFFFFF302821FF302821FF302821FF302821FFFFFFFFFF302821FF302821FF302821FFFFFFFFFFFFFFFFFFFFFFFFFFFFFFFFFFFFFFFFFFFFFFFFFFFFFFFFFFFFFFFFFFFFFFFFFFFFFFFFFFFFFFFFFFFFFFFFFFFFFFFFFFFFFFFFFFFFFFFF
310
FFFFFFFFFFFFFFFFFFFFFFFFFFFFFFFFFFFFFFFFFFFFFFFFFFFFFFFFFFFFFFFFFFFFFFFFFFFFFFFFFFFFFFFFFFFFFFFFFFFFFFFFFFFFFFFFFFFFFFFFFF302821FF302821FFFFFFFFFF302821FF302821FF302821FF302821FF302821FF302821FF302821FF302821FF302821FF302821FF302821FF302821FF302821FF3028
310
21FF302821FF302821FF302821FF302821FF302821FF302821FF302821FF302821FFFFFFFFFF302821FF302821FF302821FF302821FF302821FF302821FF302821FF302821FFFFFFFFFF302821FF302821FF302821FF302821FF302821FF302821FF302821FF302821FF302821FF302821FF302821FF302821FF302821FF30
310
2821FF302821FF302821FF302821FF302821FF302821FF302821FF302821FF302821FFFFFFFFFF302821FF302821FF302821FF302821FF302821FF302821FF302821FF302821FFFFFFFFFF302821FF302821FF302821FF302821FF302821FF302821FF302821FF302821FF302821FF302821FF302821FF302821FF302821FF
310
302821FF302821FF302821FF302821FF302821FF302821FF302821FF302821FF302821FFFFFFFFFF302821FF302821FF302821FF302821FF302821FF302821FF302821FF302821FFFFFFFFFFFFFFFFFFFFFFFFFFFFFFFFFFFFFFFFFFFFFFFFFFFFFFFFFFFFFFFFFFFFFFFFFFFFFFFFFFFFFFFFFFFFFFFFFFFFFFFFFFFFFFFF
310
FFFFFFFFFFFFFFFFFFFFFFFFFFFFFFFFFFFFFFFFFFFFFFFFFFFFFFFFFFFFFFFFFFFFFFFFFFFFFFFFFF302821FF302821FF302821FF302821FF302821FF302821FF302821FF302821FF302821FF302821FF302821FF302821FF302821FF302821FF302821FF302821FF302821FF302821FFFFFFFFFFFFFFFFFFFFFFFFFFFFFF
310
FFFF302821FF302821FF302821FF302821FF302821FF302821FF302821FF302821FF302821FF302821FF302821FF302821FF302821FF302821FF302821FF302821FF302821FF302821FF302821FF302821FF302821FF302821FF302821FF302821FF302821FF302821FF302821FF302821FF302821FF302821FF302821FF30
310
2821FF302821FF302821FF302821FF302821FF302821FF302821FF302821FF302821FF302821FF302821FF302821FF302821FF302821FF302821FF302821FF302821FF302821FF302821FF302821FF302821FF302821FF302821FF302821FF302821FF302821FF302821FF302821FF302821FF302821FF302821FF302821FF
310
302821FF302821FF302821FF302821FF302821FF302821FF302821FF302821FF302821FF302821FF302821FF302821FF302821FF302821FF302821FF302821FF302821FF302821FF302821FF302821FF302821FF302821FF302821FF302821FF302821FF302821FF302821FF302821FF302821FF302821FF302821FF302821
310
FF302821FF302821FF302821FF302821FF302821FF302821FF302821FF302821FF302821FF302821FF302821FF302821FF302821FF302821FF302821FF302821FF302821FF302821FF302821FF302821FF302821FF302821FF302821FF302821FF302821FF302821FF302821FF302821FF302821FF302821FF302821FF3028
310
21FF302821FF302821FF302821FF302821FF302821FF302821FF302821FF302821FF302821FF302821FF302821FF302821FF302821FF302821FF302821FF302821FF302821FF302821FF302821FF302821FF302821FF302821FF302821FF302821FF302821FF302821FF302821FF302821FF302821FF302821FF302821FF30
310
2821FF302821FF302821FF302821FF302821FF302821FF302821FF302821FF302821FF302821FF302821FF302821FF302821FF302821FF302821FF302821FF302821FF302821FF302821FF302821FF302821FF302821FF302821FF302821FF302821FF302821FF302821FF302821FF302821FF302821FF302821FF302821FF
310
302821FF302821FF302821FF302821FF302821FF302821FF302821FF302821FF302821FF302821FF302821FF302821FF302821FF302821FF302821FF302821FF302821FF302821FF
102
{BLKREFS
331
10A2C
331
10A39
331
10A5D
331
10A95
331
10B2B
331
6A64
331
6A8B
102
}
 70
     1
280
     0
281
     0
1001
AcDbDynamicBlockGUID
1000
{619DB08F-928F-6240-BE4B-CF284F06CF8C}
  0
BLOCK_RECORD
  5
676
330
1
100
AcDbSymbolTableRecord
100
AcDbBlockTableRecord
  2
防尘塞
340
0
102
{BLKREFS
331
BF9
102
}
 70
     4
280
     1
281
     0
  0
BLOCK_RECORD
  5
699
330
1
100
AcDbSymbolTableRecord
100
AcDbBlockTableRecord
  2
防尘塞2
340
0
102
{BLKREFS
331
CDE
102
}
 70
     4
280
     1
281
     0
  0
BLOCK_RECORD
  5
6D1
330
1
100
AcDbSymbolTableRecord
100
AcDbBlockTableRecord
  2
4
340
0
310
28000000200000002000000001002000000000000010000001000000010000000000000000000000302821FF302821FF302821FF302821FF302821FF302821FF302821FF302821FF302821FF302821FF302821FF302821FF302821FF302821FF302821FF302821FF302821FF302821FF302821FF302821FF302821FF302821
310
FF302821FF302821FF302821FF302821FF302821FF302821FF302821FF302821FF302821FF302821FF302821FF302821FF302821FF302821FF302821FF302821FF302821FF302821FF302821FF302821FF302821FFFFFFFFFFFFFFFFFFFFFFFFFFFFFFFFFFFFFFFFFFFFFFFFFFFFFFFFFFFFFFFFFFFFFFFFFFFFFFFFFF3028
310
21FF302821FF302821FF302821FF302821FF302821FF302821FF302821FF302821FF302821FF302821FF302821FF302821FF302821FF302821FF302821FF302821FF302821FF302821FF302821FF302821FF302821FFFFFFFFFFFFFFFFFFFFFFFFFFFFFFFFFF302821FF302821FFFFFFFFFFFFFFFFFFFFFFFFFFFFFFFFFF30
310
2821FF302821FF302821FF302821FF302821FF302821FF302821FF302821FF302821FF302821FF302821FF302821FF302821FF302821FF302821FF302821FF302821FF302821FF302821FF302821FF302821FF302821FFFFFFFFFFFFFFFFFFFFFFFFFFFFFFFFFF302821FF302821FFFFFFFFFFFFFFFFFFFFFFFFFFFFFFFFFF
310
302821FF302821FF302821FF302821FF302821FF302821FF302821FF302821FF302821FF302821FF302821FF302821FF302821FF302821FF302821FF302821FF302821FF302821FF302821FF302821FF302821FF302821FFFFFFFFFFFFFFFFFFFFFFFFFFFFFFFFFFFFFFFFFFFFFFFFFFFFFFFFFFFFFFFFFFFFFFFFFFFFFFFF
310
FF302821FF302821FF302821FF302821FF302821FF302821FF302821FF302821FF302821FF302821FF302821FF302821FF302821FF302821FF302821FF302821FF302821FF302821FF302821FF302821FF302821FF302821FFFFFFFFFFFFFFFFFFFFFFFFFFFFFFFFFFFFFFFFFFFFFFFFFFFFFFFFFFFFFFFFFFFFFFFFFFFFFF
310
FFFF302821FF302821FF302821FF302821FF302821FF302821FF302821FF302821FF302821FF302821FF302821FF302821FF302821FF302821FF302821FF302821FF302821FF302821FF302821FF302821FF302821FF302821FF302821FF302821FFFFFFFFFFFFFFFFFFFFFFFFFFFFFFFFFFFFFFFFFFFFFFFFFF302821FF30
310
2821FF302821FF302821FF302821FF302821FF302821FF302821FF302821FF302821FF302821FF302821FF302821FF302821FF302821FF302821FF302821FF302821FF302821FF302821FF302821FF302821FF302821FF302821FF302821FF302821FFFFFFFFFFFFFFFFFFFFFFFFFFFFFFFFFFFFFFFFFFFFFFFFFF302821FF
310
302821FF302821FF302821FF302821FF302821FF302821FF302821FF302821FF302821FF302821FF302821FF302821FF302821FF302821FF302821FF302821FF302821FF302821FF302821FF302821FF302821FF302821FF302821FFFFFFFFFFFFFFFFFFFFFFFFFFFFFFFFFFFFFFFFFFFFFFFFFFFFFFFFFFFFFFFFFFFFFFFF
310
FFFFFFFFFF302821FF302821FF302821FF302821FF302821FF302821FF302821FF302821FF302821FF302821FF302821FF302821FF302821FF302821FF302821FF302821FF302821FF302821FF302821FF302821FF302821FF302821FFFFFFFFFFFFFFFFFFFFFFFFFFFFFFFFFFFFFFFFFFFFFFFFFFFFFFFFFFFFFFFFFFFFFF
310
FFFFFFFFFFFF302821FF302821FF302821FF302821FF302821FF302821FF302821FF302821FF302821FF302821FF302821FF302821FF302821FF302821FF302821FF302821FF302821FF302821FF302821FF302821FF302821FF302821FFFFFFFFFFFFFFFFFFFFFFFFFFFFFFFFFFFFFFFFFFFFFFFFFFFFFFFFFFFFFFFFFFFF
310
FFFFFFFFFFFFFF302821FF302821FF302821FF302821FF302821FF302821FF302821FF302821FF302821FF302821FF302821FF302821FF302821FF302821FF302821FF302821FF302821FF302821FF302821FF302821FF302821FF302821FFFFFFFFFFFFFFFFFFFFFFFFFFFFFFFFFF302821FF302821FFFFFFFFFFFFFFFFFF
310
FFFFFFFFFFFFFFFF302821FF302821FF302821FF302821FF302821FF302821FF302821FF302821FF302821FF302821FF302821FF302821FF302821FF302821FF302821FF302821FF302821FF302821FF302821FF302821FF302821FF302821FFFFFFFFFFFFFFFFFFFFFFFFFFFFFFFFFF302821FF302821FFFFFFFFFFFFFFFF
310
FFFFFFFFFFFFFFFFFF302821FF302821FF302821FF302821FF302821FF302821FF302821FF302821FF302821FF302821FF302821FF302821FF302821FF302821FF302821FF302821FF302821FF302821FF302821FF302821FF302821FF302821FFFFFFFFFFFFFFFFFFFFFFFFFFFFFFFFFFFFFFFFFFFFFFFFFFFFFFFFFFFFFF
310
FFFFFFFFFFFFFFFFFFFF302821FF302821FF302821FF302821FF302821FF302821FF302821FF302821FF302821FF302821FF302821FF302821FF302821FF302821FF302821FF302821FF302821FF302821FF302821FF302821FF302821FF302821FFFFFFFFFFFFFFFFFFFFFFFFFFFFFFFFFFFFFFFFFFFFFFFFFFFFFFFFFFFF
310
FFFFFFFFFFFFFFFFFFFFFF302821FF302821FF302821FF302821FF302821FF302821FF302821FF302821FF302821FF302821FF302821FF302821FF302821FF302821FF302821FF302821FF302821FF302821FF302821FF302821FF302821FF302821FFFFFFFFFFFFFFFFFFFFFFFFFF302821FF302821FF302821FF302821FF
310
FFFFFFFFFFFFFFFFFFFFFFFF302821FF302821FF302821FF302821FF302821FF302821FF302821FF302821FF302821FF302821FF302821FF302821FF302821FF302821FF302821FF302821FF302821FF302821FF302821FF302821FF302821FF302821FFFFFFFFFFFFFFFFFFFFFFFFFFFFFFFFFFFFFFFFFFFFFFFFFFFFFFFF
310
FFFFFFFFFFFFFFFFFFFFFFFFFF302821FF302821FF302821FF302821FF302821FF302821FF302821FF302821FF302821FF302821FF302821FF302821FF302821FF302821FF302821FF302821FF302821FF302821FF302821FF302821FF302821FF302821FFFFFFFFFFFFFFFFFFFFFFFFFFFFFFFFFFFFFFFFFFFFFFFFFFFFFF
310
FFFF302821FFFFFFFFFFFFFFFFFF302821FF302821FF302821FF302821FF302821FF302821FF302821FF302821FF302821FF302821FF302821FF302821FF302821FF302821FF302821FF302821FF302821FF302821FF302821FF302821FF302821FF302821FFFFFFFFFFFFFFFFFFFFFFFFFFFFFFFFFFFFFFFFFFFFFFFFFFFF
310
FFFFFFFFFFFFFFFFFFFFFFFFFFFFFF302821FF302821FF302821FF302821FF302821FF302821FF302821FF302821FF302821FF302821FF302821FF302821FF302821FF302821FF302821FF302821FF302821FF302821FF302821FF302821FF302821FF302821FFFFFFFFFFFFFFFFFFFFFFFFFFFFFFFFFFFFFFFFFFFFFFFFFF
310
FFFFFFFFC0C0C0FFC0C0C0FFFFFFFFFF302821FF302821FF302821FF302821FF302821FF302821FF302821FF302821FF302821FF302821FF302821FF302821FF302821FF302821FF302821FF302821FF302821FF302821FF302821FF302821FF302821FF302821FFFFFFFFFFC0C0C0FFC0C0C0FFC0C0C0FFC0C0C0FFC0C0C0
310
FFFFFFFFFFFFFFFFFFFFFFFFFFFFFFFFFF302821FF302821FF302821FF302821FF302821FF302821FF302821FF302821FF302821FF302821FF302821FF302821FF302821FF302821FF302821FF302821FF302821FF302821FF302821FF302821FF302821FF302821FFFFFFFFFF302821FF302821FF302821FF302821FF3028
310
21FF302821FF302821FF302821FFFFFFFFFF302821FF302821FF302821FF302821FF302821FF302821FF302821FF302821FF302821FF302821FF302821FF302821FF302821FF302821FF302821FF302821FF302821FF302821FF302821FF302821FF302821FF302821FFFFFFFFFF302821FF302821FF302821FF302821FF30
310
2821FF302821FF302821FF302821FFFFFFFFFF302821FF302821FF302821FF302821FF302821FF302821FF302821FF302821FF302821FF302821FF302821FF302821FF302821FF302821FF302821FF302821FF302821FF302821FF302821FF302821FF302821FF302821FFFFFFFFFF302821FF302821FF302821FF302821FF
310
302821FF302821FF302821FF302821FFFFFFFFFF302821FF302821FF302821FF302821FF302821FF302821FF302821FF302821FF302821FF302821FF302821FF302821FF302821FF302821FF302821FF302821FF302821FF302821FF302821FF302821FF302821FF302821FFFFFFFFFF302821FF302821FF302821FF302821
310
FF302821FF302821FF302821FF302821FFFFFFFFFF302821FF302821FF302821FF302821FF302821FF302821FF302821FF302821FF302821FF302821FF302821FF302821FF302821FF302821FF302821FF302821FF302821FF302821FF302821FF302821FF302821FF302821FFFFFFFFFF302821FF302821FF302821FF3028
310
21FF302821FF302821FF302821FF302821FFFFFFFFFF302821FF302821FF302821FF302821FF302821FF302821FF302821FF302821FF302821FF302821FF302821FF302821FF302821FF302821FF302821FF302821FF302821FF302821FF302821FF302821FF302821FF302821FFFFFFFFFF302821FF302821FF302821FF30
310
2821FF302821FF302821FF302821FF302821FFFFFFFFFF302821FF302821FF302821FF302821FF302821FF302821FF302821FF302821FF302821FF302821FF302821FF302821FF302821FF302821FF302821FF302821FF302821FF302821FF302821FF302821FF302821FF302821FFFFFFFFFF302821FF302821FF302821FF
310
302821FF302821FF302821FF302821FF302821FFFFFFFFFF302821FF302821FF302821FF302821FF302821FF302821FF302821FF302821FF302821FF302821FF302821FF302821FF302821FF302821FF302821FF302821FF302821FF302821FF302821FF302821FF302821FF302821FFFFFFFFFFC0C0C0FFC0C0C0FFC0C0C0
310
FFC0C0C0FFC0C0C0FFC0C0C0FFC0C0C0FFC0C0C0FFFFFFFFFF302821FF302821FF302821FF302821FF302821FF302821FF302821FF302821FF302821FF302821FF302821FF302821FF302821FF302821FF302821FF302821FF302821FF302821FF302821FF302821FF302821FF302821FFFFFFFFFFFFFFFFFF302821FF3028
310
21FF302821FF302821FF302821FF302821FFFFFFFFFFFFFFFFFF302821FF302821FF302821FF302821FF302821FF302821FF302821FF302821FF302821FF302821FF302821FF302821FF302821FF302821FF302821FF302821FF302821FF302821FF302821FF302821FF302821FF302821FF302821FFFFFFFFFFFFFFFFFFFF
310
FFFFFFFFFFFFFFFFFFFFFFFFFFFFFFFFFFFFFFFFFFFFFF302821FF302821FF302821FF302821FF302821FF302821FF302821FF302821FF302821FF302821FF302821FF302821FF302821FF302821FF302821FF302821FF302821FF302821FF302821FF302821FF302821FF302821FF302821FF302821FF302821FF302821FF
310
302821FF302821FF302821FF302821FF302821FF302821FF302821FF302821FF302821FF302821FF302821FF302821FF302821FF302821FF302821FF302821FF302821FF302821FF
102
{BLKREFS
331
10A22
331
10A32
331
10A3F
331
10A9B
331
10B31
331
6A86
331
6A99
331
6AA5
102
}
 70
     0
280
     1
281
     0
1001
AcDbDynamicBlockGUID
1000
{B1ABD6BF-7709-F846-9383-2ED75E1BC838}
  0
BLOCK_RECORD
  5
BF6
330
1
100
AcDbSymbolTableRecord
100
AcDbBlockTableRecord
  2
防尘塞短
340
0
102
{BLKREFS
331
10A23
331
10A33
331
10A40
331
10A9C
331
10B32
331
6A87
331
6A9A
331
6AA6
102
}
 70
     4
280
     1
281
     0
  0
BLOCK_RECORD
  5
BFB
330
1
100
AcDbSymbolTableRecord
100
AcDbBlockTableRecord
  2
A$C45091238
340
0
102
{BLKREFS
331
10A60
331
10AB9
331
10B8F
331
6A6C
331
6A71
331
6A7F
102
}
 70
     0
280
     1
281
     0
1001
AcDbDynamicBlockGUID
1000
{3411FCF6-0F0C-C748-B7D8-3B30251C3EE0}
  0
BLOCK_RECORD
  5
CDC
330
1
100
AcDbSymbolTableRecord
100
AcDbBlockTableRecord
  2
防尘塞长
340
0
102
{BLKREFS
331
10A61
331
10ABA
331
10B90
331
6A6D
331
6A72
331
6A80
102
}
 70
     4
280
     1
281
     0
  0
BLOCK_RECORD
  5
CE1
330
1
100
AcDbSymbolTableRecord
100
AcDbBlockTableRecord
  2
CU - AL
340
0
310
28000000200000002000000001002000000000000010000001000000010000000000000000000000302821FF302821FF302821FF302821FF302821FF302821FF302821FF302821FF302821FF302821FF302821FF302821FF302821FF302821FF302821FF302821FF302821FF302821FF302821FF302821FF302821FF302821
310
FF302821FF302821FF302821FF302821FF302821FF302821FF302821FF302821FF302821FF302821FF302821FF302821FF302821FF302821FF302821FF302821FF302821FF302821FF302821FF302821FF302821FF302821FF302821FF302821FF302821FF302821FF302821FF302821FF302821FF302821FF302821FF3028
310
21FF302821FF302821FF302821FF302821FF302821FF302821FF302821FF302821FF302821FF302821FF302821FF302821FF302821FF302821FF302821FF302821FF302821FF302821FF302821FF302821FF302821FF302821FF302821FF302821FF302821FF302821FF302821FF302821FF302821FF302821FF302821FF30
310
2821FF302821FF302821FF302821FF302821FF302821FF302821FF302821FF302821FF302821FF302821FF302821FF302821FF302821FF302821FF302821FF302821FF302821FF302821FF302821FF302821FF302821FF302821FF302821FF302821FF302821FF302821FF302821FF302821FF302821FF302821FF302821FF
310
302821FF302821FF302821FF302821FF302821FF302821FF302821FF302821FF302821FF302821FF302821FF302821FF302821FF302821FF302821FF302821FF302821FF302821FF302821FF302821FF302821FF302821FF302821FF302821FF302821FF302821FF302821FF302821FF302821FF302821FF302821FF302821
310
FF302821FF302821FF302821FF302821FF302821FF302821FF302821FF302821FF302821FF302821FF302821FF302821FF302821FF302821FF302821FF302821FF302821FF302821FF302821FF302821FF302821FF302821FF302821FF302821FF302821FF302821FF302821FF302821FF302821FF302821FF302821FF3028
310
21FF302821FF302821FF302821FF302821FF302821FF302821FF302821FF302821FF302821FF302821FF302821FF302821FF302821FF302821FF302821FF302821FF302821FF302821FF302821FF302821FF302821FF302821FF302821FF302821FF302821FF302821FF302821FF302821FF302821FF302821FF302821FF30
310
2821FF302821FF302821FF302821FF302821FF302821FF302821FF302821FF302821FF302821FF302821FF302821FF302821FF302821FF302821FF302821FF302821FF302821FF302821FF302821FF302821FF302821FF302821FF302821FF302821FF302821FF302821FF302821FF302821FF302821FF302821FF302821FF
310
302821FF302821FF302821FF302821FF302821FF302821FF302821FF302821FF302821FF302821FF302821FF302821FF302821FF302821FF302821FF302821FF302821FF302821FF302821FF302821FF302821FF302821FF302821FF302821FF302821FF302821FF302821FF302821FF302821FF302821FF302821FF302821
310
FF302821FF302821FF302821FF302821FF302821FF302821FF302821FF302821FF302821FF302821FF302821FF302821FF302821FF302821FF302821FF302821FF302821FF302821FF302821FF302821FF302821FF302821FF302821FF302821FF302821FF302821FF302821FF302821FF302821FF302821FF302821FF3028
310
21FF302821FF302821FF302821FF302821FF302821FF302821FF302821FF302821FF302821FF302821FF302821FF302821FF302821FF302821FF302821FF302821FF302821FF302821FF302821FF302821FF302821FF302821FF302821FF302821FF302821FF302821FF302821FF302821FF302821FF302821FF302821FF30
310
2821FF302821FF302821FF302821FF302821FF302821FF302821FF302821FF302821FF302821FF302821FF302821FF302821FF302821FF302821FF302821FF302821FF000000FF000000FF000000FF000000FF000000FF000000FF000000FF000000FF000000FF000000FF000000FF000000FF000000FF000000FF000000FF
310
000000FF000000FF000000FF000000FF000000FF000000FF000000FF000000FF000000FF302821FF302821FF302821FF302821FF302821FF000000FF000000FF000000FF000000FF000000FF000000FF000000FF000000FF000000FF000000FF000000FF000000FF000000FF000000FF000000FF000000FF000000FF000000
310
FF000000FF000000FF000000FF000000FF000000FF000000FF000000FF000000FF000000FF000000FFFFFFFFFFFFFFFFFF302821FF302821FF000000FF000000FF000000FF000000FFFFFFFFFF000000FFFFFFFFFFFFFFFFFFFFFFFFFF000000FF000000FF000000FF000000FF000000FF000000FF000000FF000000FF0000
310
00FF000000FF000000FF000000FFFFFFFFFFFFFFFFFFFFFFFFFF000000FFFFFFFFFF000000FF000000FF000000FFFFFFFFFF302821FF302821FF000000FF000000FF000000FF000000FFFFFFFFFF000000FFFFFFFFFFFFFFFFFFFFFFFFFFFFFFFFFF000000FF000000FF000000FF000000FF000000FF000000FF000000FF00
310
0000FF000000FF000000FFFFFFFFFFFFFFFFFFFFFFFFFFFFFFFFFF000000FFFFFFFFFF000000FF000000FF000000FFFFFFFFFF302821FF302821FF000000FF000000FF000000FF000000FF000000FF000000FF000000FF000000FF000000FF000000FF000000FF000000FF000000FF000000FF000000FF000000FF000000FF
310
000000FF000000FF000000FF000000FF000000FF000000FF000000FF000000FF000000FF000000FF000000FF000000FF000000FF302821FF302821FF302821FF302821FF302821FF000000FF000000FF000000FF000000FF000000FF000000FF000000FF000000FF000000FF000000FF000000FF000000FF000000FF000000
310
FF000000FF000000FF000000FF000000FF000000FF000000FF000000FF000000FF000000FF000000FF302821FF302821FF302821FF302821FF302821FF302821FF302821FF302821FF302821FF302821FF302821FF302821FF302821FF302821FF302821FF302821FF302821FF302821FF302821FF302821FF302821FF3028
310
21FF302821FF302821FF302821FF302821FF302821FF302821FF302821FF302821FF302821FF302821FF302821FF302821FF302821FF302821FF302821FF302821FF302821FF302821FF302821FF302821FF302821FF302821FF302821FF302821FF302821FF302821FF302821FF302821FF302821FF302821FF302821FF30
310
2821FF302821FF302821FF302821FF302821FF302821FF302821FF302821FFFFFFFFFF302821FF302821FF302821FF302821FF302821FF302821FF302821FF302821FF302821FF302821FF302821FF302821FF302821FF302821FF302821FF302821FF302821FF302821FF302821FF302821FF302821FF302821FF302821FF
310
302821FF302821FF302821FF302821FF302821FF302821FF302821FF302821FFFFFFFFFF302821FF302821FF302821FF302821FF302821FF302821FF302821FF302821FF302821FF302821FF302821FF302821FF302821FF302821FF302821FF302821FF302821FF302821FF302821FF302821FF302821FF302821FF302821
310
FF302821FF302821FF302821FF302821FF302821FF302821FF302821FF302821FFFFFFFFFF302821FF302821FF302821FF302821FF302821FF302821FF302821FF302821FF302821FF302821FF302821FF302821FF302821FF302821FF302821FF302821FF302821FF302821FF302821FF302821FF302821FF302821FF3028
310
21FF302821FF302821FF302821FF302821FF302821FF302821FF302821FF302821FF302821FF302821FF302821FF302821FF302821FF302821FF302821FF302821FF302821FF302821FF302821FF302821FF302821FF302821FF302821FF302821FF302821FF302821FF302821FF302821FF302821FF302821FF302821FF30
310
2821FF302821FF302821FF302821FF302821FF302821FF302821FF302821FF302821FF302821FF302821FF302821FF302821FF302821FF302821FF302821FF302821FF302821FF302821FF302821FF302821FF302821FF302821FF302821FF302821FF302821FF302821FF302821FF302821FF302821FF302821FF302821FF
310
302821FF302821FF302821FF302821FF302821FF302821FF302821FF302821FF302821FF302821FF302821FF302821FF302821FF302821FF302821FF302821FF302821FF302821FF302821FF302821FF302821FF302821FF302821FF302821FF302821FF302821FF302821FF302821FF302821FF302821FF302821FF302821
310
FF302821FF302821FF302821FF302821FF302821FF302821FF302821FF302821FF302821FF302821FF302821FF302821FF302821FF302821FF302821FF302821FF302821FF302821FF302821FF302821FF302821FF302821FF302821FF302821FF302821FF302821FF302821FF302821FF302821FF302821FF302821FF3028
310
21FF302821FF302821FF302821FF302821FF302821FF302821FF302821FF302821FF302821FF302821FF302821FF302821FF302821FF302821FF302821FF302821FF302821FF302821FF302821FF302821FF302821FF302821FF302821FF302821FF302821FF302821FF302821FF302821FF302821FF302821FF302821FF30
310
2821FF302821FF302821FF302821FF302821FF302821FF302821FF302821FF302821FF302821FF302821FF302821FF302821FF302821FF302821FF302821FF302821FF302821FF302821FF302821FF302821FF302821FF302821FF302821FF302821FF302821FF302821FF302821FF302821FF302821FF302821FF302821FF
310
302821FF302821FF302821FF302821FF302821FF302821FF302821FF302821FF302821FF302821FF302821FF302821FF302821FF302821FF302821FF302821FF302821FF302821FF302821FF302821FF302821FF302821FF302821FF302821FF302821FF302821FF302821FF302821FF302821FF302821FF302821FF302821
310
FF302821FF302821FF302821FF302821FF302821FF302821FF302821FF302821FF302821FF302821FF302821FF302821FF302821FF302821FF302821FF302821FF302821FF302821FF302821FF302821FF302821FF302821FF302821FF302821FF302821FF302821FF302821FF302821FF302821FF302821FF302821FF3028
310
21FF302821FF302821FF302821FF302821FF302821FF302821FF302821FF302821FF302821FF302821FF302821FF302821FF302821FF302821FF302821FF302821FF302821FF302821FF302821FF302821FF302821FF302821FF302821FF302821FF302821FF302821FF302821FF302821FF302821FF302821FF302821FF30
310
2821FF302821FF302821FF302821FF302821FF302821FF302821FF302821FF302821FF302821FF302821FF302821FF302821FF302821FF302821FF302821FF302821FF302821FF302821FF302821FF302821FF302821FF302821FF302821FF302821FF302821FF302821FF302821FF302821FF302821FF302821FF302821FF
310
302821FF302821FF302821FF302821FF302821FF302821FF302821FF302821FF302821FF302821FF302821FF302821FF302821FF302821FF302821FF302821FF302821FF302821FF
102
{BLKREFS
331
10A0C
331
6AA7
331
6AA9
102
}
 70
     4
280
     1
281
     0
1001
AcDbDynamicBlockGUID
1000
{76CF017D-9152-2247-B461-851875671D31}
  0
BLOCK_RECORD
  5
1307
330
1
100
AcDbSymbolTableRecord
100
AcDbBlockTableRecord
  2
旧框
340
0
310
2800000020000000200000000100200000000000001000000100000001000000000000000000000001000000302821FF302821FF302821FF302821FF302821FF302821FF302821FF302821FF302821FF302821FF302821FF302821FF302821FF302821FF302821FF302821FF302821FF302821FF302821FF302821FF302821
310
FF302821FF302821FF302821FF302821FF302821FF302821FF302821FF302821FF302821FF302821FF302821FF302821FF302821FF302821FF302821FF302821FF302821FF302821FF302821FF302821FF302821FF302821FF302821FF302821FF302821FF302821FF302821FF302821FF302821FF302821FF302821FF3028
310
21FF302821FF302821FF302821FF302821FF302821FF302821FF302821FF302821FF302821FF302821FF302821FF302821FF302821FF302821FF302821FF302821FF302821FF302821FF302821FF302821FF302821FF302821FF302821FF302821FF302821FF302821FF302821FF302821FF302821FF302821FF302821FF30
310
2821FF302821FF302821FF302821FF302821FF302821FF302821FF302821FF302821FF302821FF302821FF302821FF302821FF302821FF302821FF302821FF302821FF302821FF302821FF302821FF302821FF302821FF302821FF302821FF302821FF302821FF302821FF302821FF302821FF302821FF302821FF302821FF
310
302821FF302821FF302821FF302821FF302821FF302821FF302821FF302821FF302821FF302821FF302821FF302821FF302821FF302821FF302821FF302821FF302821FF302821FF302821FF302821FF302821FF302821FF302821FF302821FF302821FF302821FF302821FF302821FF302821FF302821FF302821FF302821
310
FF302821FF302821FF302821FF302821FF302821FF302821FF302821FF302821FF302821FF302821FF302821FF302821FF302821FF302821FF302821FF302821FF302821FF302821FF302821FF302821FF302821FF302821FF302821FF302821FF302821FF302821FF302821FF302821FF302821FF302821FF302821FF3028
310
21FF302821FF302821FF302821FF302821FF302821FF302821FF302821FF302821FF302821FF302821FF302821FF302821FF302821FFFFFF00FFFFFF00FFFFFF00FFFFFF00FFFFFF00FFFFFF00FFFFFF00FFFFFF00FFFFFF00FFFFFF00FFFFFF00FFFFFF00FFFFFF00FFFFFF00FFFFFF00FFFFFF00FFFFFF00FFFFFF00FFFF
310
FF00FFFFFF00FFFFFF00FFFFFF00FFFFFF00FFFFFF00FFFFFF00FFFFFF00FFFFFF00FFFFFF00FFFFFF00FFFFFF00FF302821FF302821FFFFFF00FFFFFFFFFFFFFFFFFFFFFFFFFFFFFFFFFFFFFFFFFFFFFFFFFFFFFFFFFFFFFFFFFFFFFFFFFFFFFFFFFFFFFFFFFFFFFFFFFFFFFFFFFFFFFFFFFFFFFFFFFFFFFFFFFFFFFFFFFF
310
FFFFFFFFFFFFFFFFFFFFFFFFFFFFFFFFFFFFFFFFFFFFFFFFFFFFFFFFFFFFFFFFFFFFFFFFFFFFFFFFFFFFFFFFFFFF00FF302821FF302821FFFFFF00FFFFFFFFFFFFFFFFFF302821FF302821FF302821FF302821FF302821FF302821FF302821FF302821FF302821FF302821FF302821FF302821FF302821FF302821FF302821
310
FF302821FF302821FF302821FF302821FF302821FF302821FF302821FFFFFFFFFFFFFFFFFFFFFFFFFFFFFFFFFFFFFF00FF302821FF302821FFFFFF00FFFFFFFFFFFF0000FF302821FF302821FF302821FF302821FF302821FF302821FF302821FF302821FF302821FF302821FF302821FF302821FF302821FF302821FF3028
310
21FF302821FF302821FF302821FF302821FF302821FF302821FF302821FFFFFFFFFFFFFFFFFFFFFFFFFFFFFFFFFFFFFF00FF302821FF302821FFFFFF00FFFFFFFFFFFF0000FF302821FF302821FF302821FF302821FF302821FF302821FF302821FF302821FF302821FF302821FF302821FF302821FF302821FF302821FF30
310
2821FF302821FF302821FF302821FF302821FF302821FF302821FF302821FFFFFFFFFFFFFFFFFFFFFFFFFFFFFFFFFFFFFF00FF302821FF302821FFFFFF00FFFFFFFFFFFFFFFFFF302821FF302821FF302821FF302821FF302821FF302821FF302821FF302821FF302821FF302821FF302821FF302821FF302821FF302821FF
310
302821FF302821FF302821FF302821FF302821FF302821FF302821FF302821FFFFFFFFFFFFFFFFFFFFFFFFFFFFFFFFFFFFFF00FF302821FF302821FFFFFF00FFFFFFFFFFFF0000FF302821FF302821FF302821FF302821FF302821FF302821FF302821FF302821FF302821FF302821FF302821FF302821FF302821FF302821
310
FF302821FF302821FF302821FF302821FF302821FF302821FF302821FF302821FFFFFFFFFFFFFFFFFFFFFFFFFFFFFFFFFFFFFF00FF302821FF302821FFFFFF00FFFF0000FFFFFFFFFF302821FF302821FF302821FF302821FF302821FF302821FF302821FF302821FF302821FF302821FF302821FF302821FF302821FF3028
310
21FF302821FF302821FF302821FF302821FF302821FF302821FF302821FF302821FFFFFFFFFFFFFFFFFFFFFFFFFFFFFFFFFFFFFF00FF302821FF302821FFFFFF00FFFF0000FFFF0000FF302821FF302821FF302821FF302821FF302821FF302821FF302821FF302821FF302821FF302821FF302821FF302821FF302821FF30
310
2821FF302821FF302821FF302821FF302821FF302821FF302821FF302821FF302821FFFFFFFFFFFFFFFFFFFFFFFFFFFFFFFFFFFFFF00FF302821FF302821FFFFFF00FFFF0000FFFF0000FF302821FF302821FF302821FF302821FF302821FF302821FF302821FF302821FF302821FF302821FF302821FF302821FF302821FF
310
302821FF302821FF302821FF302821FF302821FF302821FF302821FF302821FF302821FFFFFFFFFFFFFFFFFFFFFFFFFFFFFFFFFFFFFF00FF302821FF302821FFFFFF00FFFF0000FFFFFFFFFF302821FF302821FF302821FF302821FF302821FF302821FF302821FF302821FF302821FF302821FF302821FF302821FF302821
310
FF302821FF302821FF302821FF302821FF302821FF302821FF302821FF302821FF302821FFFFFFFFFFFFFFFFFF302821FFFFFFFFFFFFFF00FF302821FF302821FFFFFF00FFFF0000FFFF0000FF302821FF302821FF302821FF302821FF302821FF302821FF302821FF302821FF302821FF302821FF302821FF302821FF3028
310
21FF302821FF302821FF302821FF302821FF302821FF302821FF302821FF302821FF302821FFFFFFFFFFFFFFFFFF302821FFFFFFFFFFFFFF00FF302821FF302821FFFFFF00FFFF0000FFFF0000FF302821FF302821FF302821FF302821FF302821FF302821FF302821FF302821FF302821FF302821FF302821FF302821FF30
310
2821FF302821FF302821FF302821FF302821FF302821FF302821FF302821FF302821FF302821FFFFFFFFFF302821FF302821FFFFFFFFFFFFFF00FF302821FF302821FFFFFF00FFFF0000FFFFFFFFFF302821FF302821FF302821FF302821FF302821FF302821FF302821FF302821FF302821FF302821FF302821FF302821FF
310
302821FF302821FF302821FF302821FF302821FF302821FF302821FF302821FF302821FF302821FFFFFFFFFFFFFFFFFFFFFFFFFFFFFFFFFFFFFF00FF302821FF302821FFFFFF00FFFF0000FFFF0000FF302821FF302821FF302821FF302821FF302821FF302821FF302821FF302821FF302821FF302821FF302821FF302821
310
FF302821FF302821FF302821FF302821FF302821FF302821FF302821FF302821FF302821FF302821FFFFFFFFFFFFFFFFFFFFFFFFFFFFFFFFFFFFFF00FF302821FF302821FFFFFF00FFFF0000FFFF0000FF302821FF302821FF302821FF302821FF302821FF302821FF302821FF302821FF302821FF302821FF302821FF3028
310
21FF302821FF302821FF302821FF302821FF302821FF302821FF302821FF302821FF302821FF302821FFFFFFFFFFFFFFFFFFFFFFFFFFFFFFFFFFFFFF00FF302821FF302821FFFFFF00FFFF0000FFFFFFFFFFFFFFFFFFFFFFFFFFFFFFFFFFFFFFFFFFFFFFFFFF302821FF302821FF302821FF302821FF302821FF302821FF30
310
2821FF302821FF302821FF302821FF302821FF302821FF302821FF302821FF302821FF302821FF302821FFFFFFFFFFFFFFFFFFFFFFFFFFFFFFFFFFFFFF00FF302821FF302821FFFFFF00FFFF0000FFFFFFFFFFFFFFFFFFFFFFFFFFFFFFFFFFFFFFFFFFFFFFFFFF302821FF302821FF302821FF302821FF302821FF302821FF
310
302821FF302821FF302821FF302821FF302821FF302821FF302821FF302821FF302821FF302821FF302821FFFFFFFFFF703C00FF703C00FFFFFFFFFFFFFF00FF302821FF302821FFFFFF00FFFF0000FFFFFFFFFFFFFFFFFFFFFFFFFFFFFFFFFFFFFFFFFFFFFFFFFFFFFFFFFFFFFFFFFFFFFFFFFFFFFFFFFFFFFFFFFFFFFFFF
310
FFFFFFFFFFFFFFFFFFFFFFFFFFFFFFFFFFFFFFFFFFFFFFFFFFFFFFFFFFFFFFFFFFFFFFFFFFFFFFFFFFFFFFFFFFFFFFFFFFFFFFFFFFFFFFFFFFFFFFFFFFFFFF00FF302821FF302821FFFFFF00FFFFFF00FFFFFF00FFFFFF00FFFFFF00FFFFFF00FFFFFF00FFFFFF00FFFFFF00FFFFFF00FFFFFF00FFFFFF00FFFFFF00FFFFFF
310
00FFFFFF00FFFFFF00FFFFFF00FFFFFF00FFFFFF00FFFFFF00FFFFFF00FFFFFF00FFFFFF00FFFFFF00FFFFFF00FFFFFF00FFFFFF00FFFF0000FFFF0000FFFFFF00FF302821FF302821FF302821FF302821FF302821FF302821FF302821FF302821FF302821FF302821FF302821FF302821FF302821FF302821FF302821FF30
310
2821FF302821FF302821FF302821FF302821FF302821FF302821FF302821FF302821FF302821FF302821FF302821FF302821FF302821FF302821FF302821FF302821FF302821FF302821FF302821FF302821FF302821FF302821FF302821FF302821FF302821FF302821FF302821FF302821FF302821FF302821FF302821FF
310
302821FF302821FF302821FF302821FF302821FF302821FF302821FF302821FF302821FF302821FF302821FF302821FF302821FF302821FF302821FF302821FF302821FF302821FF302821FF302821FF302821FF302821FF302821FF302821FF302821FF302821FF302821FF302821FF302821FF302821FF302821FF302821
310
FF302821FF302821FF302821FF302821FF302821FF302821FF302821FF302821FF302821FF302821FF302821FF302821FF302821FF302821FF302821FF302821FF302821FF302821FF302821FF302821FF302821FF302821FF302821FF302821FF302821FF302821FF302821FF302821FF302821FF302821FF302821FF3028
310
21FF302821FF302821FF302821FF302821FF302821FF302821FF302821FF302821FF302821FF302821FF302821FF302821FF302821FF302821FF302821FF302821FF302821FF302821FF302821FF302821FF302821FF302821FF302821FF302821FF302821FF302821FF302821FF302821FF302821FF302821FF302821FF30
310
2821FF302821FF302821FF302821FF302821FF302821FF302821FF302821FF302821FF302821FF302821FF302821FF302821FF302821FF302821FF302821FF302821FF302821FF302821FF302821FF302821FF302821FF302821FF302821FF302821FF302821FF302821FF302821FF302821FF302821FF302821FF302821FF
310
302821FF302821FF302821FF302821FF302821FF302821FF302821FF302821FF302821FF302821FF302821FF302821FF302821FF302821FF302821FF302821FF302821FF302821FF
 70
     4
280
     1
281
     0
1001
AcDbDynamicBlockGUID
1000
{FB5125F9-ADC2-0745-ADDC-746F805851E8}
  0
BLOCK_RECORD
  5
13E8
330
1
100
AcDbSymbolTableRecord
100
AcDbBlockTableRecord
  2
HANWHA-3STR
340
0
310
2800000020000000200000000100200000000000001000000100000001000000000000000000000048010000302821FF302821FF302821FF302821FF302821FF302821FF302821FF302821FF302821FF302821FF302821FF302821FF302821FF302821FF302821FF302821FF302821FF302821FF302821FF302821FF302821
310
FF302821FF302821FF302821FF302821FF302821FF302821FF302821FF302821FF302821FF302821FF302821FF302821FF302821FF302821FF302821FF302821FF302821FF302821FF302821FF302821FF302821FF302821FF302821FF302821FF302821FF302821FF302821FF302821FF302821FF302821FF302821FF3028
310
21FF302821FF302821FF302821FF302821FF302821FF302821FF302821FF302821FF302821FF302821FF302821FF302821FF302821FF302821FF302821FF302821FF302821FF302821FF302821FF302821FF302821FF302821FF302821FF302821FF302821FF302821FF302821FF302821FF302821FF302821FF302821FF30
310
2821FF302821FF302821FF302821FF302821FF302821FF302821FF302821FF302821FF302821FF302821FF302821FF302821FF302821FF302821FF302821FF302821FF302821FF302821FF302821FF302821FF302821FF302821FF302821FF302821FF302821FF302821FF302821FF302821FF302821FF302821FF302821FF
310
302821FF302821FF302821FF302821FF302821FF302821FF302821FF302821FF302821FF302821FF302821FF302821FF302821FF302821FF302821FF302821FF302821FF302821FF302821FF302821FF302821FF302821FF302821FF302821FF302821FF302821FF302821FF302821FF302821FF302821FF302821FF302821
310
FF302821FF302821FF302821FF302821FF302821FF302821FF302821FF302821FF302821FF302821FF302821FF302821FF302821FF302821FF302821FF302821FF302821FF302821FF302821FF302821FF302821FF302821FF302821FF302821FF302821FF302821FF302821FF302821FF302821FF302821FF302821FF3028
310
21FF302821FF302821FF302821FF302821FF302821FF302821FF302821FF302821FF302821FF302821FF302821FF302821FF302821FF302821FF302821FF302821FF302821FF302821FF302821FF302821FF302821FF302821FF302821FF302821FF302821FF302821FF302821FF302821FF302821FF302821FF302821FF30
310
2821FF302821FF302821FF302821FF302821FF302821FF302821FF302821FF302821FF302821FF302821FF302821FF302821FF302821FF302821FF302821FF302821FF302821FF302821FF302821FF302821FF302821FF302821FF302821FF302821FF302821FF302821FF302821FF302821FF302821FF302821FF302821FF
310
302821FF302821FF302821FF302821FF302821FF302821FF302821FF302821FF302821FF302821FF302821FF302821FF302821FF302821FF302821FF302821FF302821FF302821FF302821FF302821FF302821FF302821FF302821FF302821FF302821FF302821FF302821FF302821FF302821FF302821FF302821FF302821
310
FF302821FF302821FF302821FF302821FF302821FF302821FF302821FF302821FF302821FF302821FF302821FF302821FF302821FF302821FF302821FF302821FF302821FF302821FF302821FF302821FF302821FF302821FF302821FF302821FF302821FF302821FF302821FF302821FF302821FF302821FF302821FF3028
310
21FF302821FF302821FF302821FF302821FF302821FF302821FF302821FF302821FF302821FF302821FF302821FF302821FF302821FF302821FF302821FF302821FF302821FF302821FF302821FF302821FF302821FF302821FF302821FF302821FF302821FF302821FF302821FF302821FF302821FF302821FF302821FF30
310
2821FF302821FF302821FF302821FF302821FF302821FF302821FF302821FF302821FF302821FF302821FF302821FF302821FF302821FF302821FF302821FF302821FF302821FF302821FF302821FF302821FF302821FF302821FF302821FF302821FF302821FF302821FF302821FF302821FF302821FF302821FF302821FF
310
302821FF302821FF302821FF302821FF302821FF302821FF302821FF302821FF302821FF302821FF302821FF302821FF302821FF302821FF302821FF302821FF302821FF302821FF302821FF302821FF302821FF302821FF302821FF302821FF302821FF302821FF302821FF302821FF302821FF302821FF302821FF302821
310
FF302821FF302821FF302821FF302821FF302821FF302821FF302821FF302821FF302821FF302821FF302821FF302821FF302821FF302821FF302821FF302821FF302821FF302821FF302821FF302821FF302821FF302821FF302821FF302821FF302821FF302821FF302821FF302821FF302821FF302821FF302821FF3028
310
21FF302821FF302821FF302821FF302821FF302821FF302821FF302821FF302821FF302821FF302821FF302821FF302821FF302821FF302821FF302821FF302821FF302821FF302821FF302821FF302821FF302821FF302821FF302821FF302821FF302821FF302821FF302821FF302821FF302821FF302821FF302821FF30
310
2821FF302821FF302821FF302821FF302821FF302821FF302821FF302821FF302821FF302821FF302821FF302821FF302821FF302821FF302821FF302821FFFFFFFFFFFFFFFFFFFFFFFFFFFFFFFFFFFFFFFFFFFFFFFFFFFFFFFFFFFFFFFFFFFFFFFFFFFFFFFFFFFFFFFFFFFFFFFFFFFFFFFFFFFFFFFFFFFFFFFFFFFFFFFFFF
310
FFFFFFFFFFFFFFFFFFFFFFFFFFFFFFFFFFFFFFFFFFFFFFFFFFFFFFFFFFFFFFFFFFFFFFFFFFFFFFFFFFFFFFFFFFFFFFFFFFFFFFFFFFFFFFFF302821FF302821FFFFFFFFFFFFFFFFFFFFFFFFFFFFFFFFFFFFFFFFFFFFFFFFFFFFFFFFFFFFFFFFFFFFFFFFFFFFFFFFFFFFFFFFFFFFFFFFFFFFFFFFFFFFFFFFFFFFFFFFFFFFFFFF
310
FFFFFFFFFFFFFFFFFFFFFFFFFFFFFFFFFFFFFFFFFFFFFFFFFFFFFFFFFFFFFFFFFFFFFFFFFFFFFFFFFFFFFFFFFFFFFFFFFFFFFFFFFFFFFFFFFF302821FF302821FF302821FF302821FF302821FF302821FF302821FF302821FF302821FF302821FF302821FF302821FF302821FF302821FF302821FF302821FF302821FF3028
310
21FF302821FF302821FF302821FF302821FF302821FF302821FF302821FF302821FF302821FF302821FF302821FF302821FF302821FF302821FF302821FF302821FF302821FF302821FF302821FF302821FF302821FF302821FF302821FF302821FF302821FF302821FF302821FF302821FF302821FF302821FF302821FF30
310
2821FF302821FF302821FF302821FF302821FF302821FF302821FF302821FF302821FF302821FF302821FF302821FF302821FF302821FF302821FF302821FF302821FF302821FF302821FF302821FF302821FF302821FF302821FF302821FF302821FF302821FF302821FF302821FF302821FF302821FF302821FF302821FF
310
302821FF302821FF302821FF302821FF302821FF302821FF302821FF302821FF302821FF302821FF302821FF302821FF302821FF302821FF302821FF302821FF302821FF302821FF302821FF302821FF302821FF302821FF302821FF302821FF302821FF302821FF302821FF302821FF302821FF302821FF302821FF302821
310
FF302821FF302821FF302821FF302821FF302821FF302821FF302821FF302821FF302821FF302821FF302821FF302821FF302821FF302821FF302821FF302821FF302821FF302821FF302821FF302821FF302821FF302821FF302821FF302821FF302821FF302821FF302821FF302821FF302821FF302821FF302821FF3028
310
21FF302821FF302821FF302821FF302821FF302821FF302821FF302821FF302821FF302821FF302821FF302821FF302821FF302821FF302821FF302821FF302821FF302821FF302821FF302821FF302821FF302821FF302821FF302821FF302821FF302821FF302821FF302821FF302821FF302821FF302821FF302821FF30
310
2821FF302821FF302821FF302821FF302821FF302821FF302821FF302821FF302821FF302821FF302821FF302821FF302821FF302821FF302821FF302821FF302821FF302821FF302821FF302821FF302821FF302821FF302821FF302821FF302821FF302821FF302821FF302821FF302821FF302821FF302821FF302821FF
310
302821FF302821FF302821FF302821FF302821FF302821FF302821FF302821FF302821FF302821FF302821FF302821FF302821FF302821FF302821FF302821FF302821FF302821FF302821FF302821FF302821FF302821FF302821FF302821FF302821FF302821FF302821FF302821FF302821FF302821FF302821FF302821
310
FF302821FF302821FF302821FF302821FF302821FF302821FF302821FF302821FF302821FF302821FF302821FF302821FF302821FF302821FF302821FF302821FF302821FF302821FF302821FF302821FF302821FF302821FF302821FF302821FF302821FF302821FF302821FF302821FF302821FF302821FF302821FF3028
310
21FF302821FF302821FF302821FF302821FF302821FF302821FF302821FF302821FF302821FF302821FF302821FF302821FF302821FF302821FF302821FF302821FF302821FF302821FF302821FF302821FF302821FF302821FF302821FF302821FF302821FF302821FF302821FF302821FF302821FF302821FF302821FF30
310
2821FF302821FF302821FF302821FF302821FF302821FF302821FF302821FF302821FF302821FF302821FF302821FF302821FF302821FF302821FF302821FF302821FF302821FF302821FF302821FF302821FF302821FF302821FF302821FF302821FF302821FF302821FF302821FF302821FF302821FF302821FF302821FF
310
302821FF302821FF302821FF302821FF302821FF302821FF302821FF302821FF302821FF302821FF302821FF302821FF302821FF302821FF302821FF302821FF302821FF302821FF302821FF302821FF302821FF302821FF302821FF302821FF302821FF302821FF302821FF302821FF302821FF302821FF302821FF302821
310
FF302821FF302821FF302821FF302821FF302821FF302821FF302821FF302821FF302821FF302821FF302821FF302821FF302821FF302821FF302821FF302821FF302821FF302821FF302821FF302821FF302821FF302821FF302821FF302821FF302821FF302821FF302821FF302821FF302821FF302821FF302821FF3028
310
21FF302821FF302821FF302821FF302821FF302821FF302821FF302821FF302821FF302821FF302821FF302821FF302821FF302821FF302821FF302821FF302821FF302821FF302821FF302821FF302821FF302821FF302821FF302821FF302821FF302821FF302821FF302821FF302821FF302821FF302821FF302821FF30
310
2821FF302821FF302821FF302821FF302821FF302821FF302821FF302821FF302821FF302821FF302821FF302821FF302821FF302821FF302821FF302821FF302821FF302821FF302821FF302821FF302821FF302821FF302821FF302821FF302821FF302821FF302821FF302821FF302821FF302821FF302821FF302821FF
310
302821FF302821FF302821FF302821FF302821FF302821FF302821FF302821FF302821FF302821FF302821FF302821FF302821FF302821FF302821FF302821FF302821FF302821FF
 70
     4
280
     1
281
     0
  0
BLOCK_RECORD
  5
1856
330
1
100
AcDbSymbolTableRecord
100
AcDbBlockTableRecord
  2
HANWHA-2STR
340
0
310
280000002000000020000000010020000000000000100000010000000100000000000000000000002C000000302821FF302821FF302821FF302821FF302821FF302821FF302821FF302821FF302821FF302821FF302821FF302821FF302821FF302821FF302821FF302821FF302821FF302821FF302821FF302821FF302821
310
FF302821FF302821FF302821FF302821FF302821FF302821FF302821FF302821FF302821FF302821FF302821FF302821FF302821FF302821FF302821FF302821FF302821FF302821FF302821FF302821FF302821FF302821FF302821FF302821FF302821FF302821FF302821FF302821FF302821FF302821FF302821FF3028
310
21FF302821FF302821FF302821FF302821FF302821FF302821FF302821FF302821FF302821FF302821FF302821FF302821FF302821FF302821FF302821FF302821FF302821FF302821FF302821FF302821FF302821FF302821FF302821FF302821FF302821FF302821FF302821FF302821FF302821FF302821FF302821FF30
310
2821FF302821FF302821FF302821FF302821FF302821FF302821FF302821FF302821FF302821FF302821FF302821FF302821FF302821FF302821FF302821FF302821FF302821FF302821FF302821FF302821FF302821FF302821FF302821FF302821FF302821FF302821FF302821FF302821FF302821FF302821FF302821FF
310
302821FF302821FF302821FF302821FF302821FF302821FF302821FF302821FF302821FF302821FF302821FF302821FF302821FF302821FF302821FF302821FF302821FF302821FF302821FF302821FF302821FF302821FF302821FF302821FF302821FF302821FF302821FF302821FF302821FF302821FF302821FF302821
310
FF302821FF302821FF302821FF302821FF302821FF302821FF302821FF302821FF302821FF302821FF302821FF302821FF302821FF302821FF302821FF302821FF302821FF302821FF302821FF302821FF302821FF302821FF302821FF302821FF302821FF302821FF302821FF302821FF302821FF302821FF302821FF3028
310
21FF302821FF302821FF302821FF302821FF302821FF302821FF302821FF302821FF302821FF302821FF302821FF302821FF302821FF302821FF302821FF302821FF302821FF302821FF302821FF302821FF302821FF302821FF302821FF302821FF302821FF302821FF302821FF302821FF302821FF302821FF302821FF30
310
2821FF302821FF302821FF302821FF302821FF302821FF302821FF302821FF302821FF302821FF302821FF302821FF302821FF302821FF302821FF302821FF302821FF302821FF302821FF302821FF302821FF302821FF302821FF302821FF302821FF302821FF302821FF302821FF302821FF302821FF302821FF302821FF
310
302821FF302821FF302821FF302821FF302821FF302821FF302821FF302821FF302821FF302821FF302821FF302821FF302821FF302821FF302821FF302821FF302821FF302821FF302821FF302821FF302821FF302821FF302821FF302821FF302821FF302821FF302821FF302821FF302821FF302821FF302821FF302821
310
FF302821FF302821FF302821FF302821FF302821FF302821FF302821FF302821FF302821FF302821FF302821FF302821FF302821FF302821FF302821FF302821FF302821FF302821FF302821FF302821FF302821FF302821FF302821FF302821FF302821FF302821FF302821FF302821FF302821FF302821FF302821FF3028
310
21FF302821FF302821FF302821FF302821FF302821FF302821FF302821FF302821FF302821FF302821FF302821FF302821FF302821FF302821FF302821FF302821FF302821FF302821FF302821FF302821FF302821FF302821FF302821FF302821FF302821FF302821FF302821FF302821FF302821FF302821FF302821FF30
310
2821FF302821FF302821FF302821FF302821FF302821FF302821FF302821FF302821FF302821FF302821FF302821FF302821FF302821FF302821FF302821FF302821FF302821FF302821FF302821FF302821FF302821FF302821FF302821FF302821FF302821FF302821FF302821FF302821FF302821FF302821FF302821FF
310
302821FF302821FF302821FF302821FF302821FF302821FF302821FF302821FF302821FF302821FF302821FF302821FF302821FF302821FF302821FF302821FF302821FF302821FF302821FF302821FF302821FF302821FF302821FF302821FF302821FF302821FF302821FF302821FF302821FF302821FF302821FF302821
310
FF302821FF302821FF302821FF302821FF302821FF302821FF302821FF302821FF302821FF302821FF302821FF302821FF302821FF302821FF302821FF302821FF302821FF302821FF302821FF302821FF302821FF302821FF302821FF302821FF302821FF302821FF302821FF302821FF302821FF302821FF302821FF3028
310
21FF302821FF302821FF302821FF302821FF302821FF302821FF302821FF302821FF302821FF302821FF302821FF302821FF302821FF302821FF302821FF302821FF302821FF302821FF302821FF302821FF302821FF302821FF302821FF302821FF302821FF302821FF302821FF302821FF302821FF302821FF302821FF30
310
2821FF302821FF302821FF302821FF302821FF302821FF302821FF302821FF302821FF302821FF302821FF302821FF302821FF302821FF302821FF302821FFFFFFFFFFFFFFFFFFFFFFFFFFFFFFFFFFFFFFFFFFFFFFFFFFFFFFFFFFFFFFFFFFFFFFFFFFFFFFFFFFFFFFFFFFFFFFFFFFFFFFFFFFFFFFFFFFFFFFFFFFFFFFFFFF
310
FFFFFFFFFFFFFFFFFFFFFFFFFFFFFFFFFFFFFFFFFFFFFFFFFFFFFFFFFFFFFFFFFFFFFFFFFFFFFFFFFFFFFFFFFFFFFFFFFFFFFFFFFFFFFFFF302821FF302821FFFFFFFFFFFFFFFFFFFFFFFFFFFFFFFFFFFFFFFFFFFFFFFFFFFFFFFFFFFFFFFFFFFFFFFFFFFFFFFFFFFFFFFFFFFFFFFFFFFFFFFFFFFFFFFFFFFFFFFFFFFFFFFF
310
FFFFFFFFFFFFFFFFFFFFFFFFFFFFFFFFFFFFFFFFFFFFFFFFFFFFFFFFFFFFFFFFFFFFFFFFFFFFFFFFFFFFFFFFFFFFFFFFFFFFFFFFFFFFFFFFFF302821FF302821FF302821FF302821FF302821FF302821FF302821FF302821FF302821FF302821FF302821FF302821FF302821FF302821FF302821FF302821FF302821FF3028
310
21FF302821FF302821FF302821FF302821FF302821FF302821FF302821FF302821FF302821FF302821FF302821FF302821FF302821FF302821FF302821FF302821FF302821FF302821FF302821FF302821FF302821FF302821FF302821FF302821FF302821FF302821FF302821FF302821FF302821FF302821FF302821FF30
310
2821FF302821FF302821FF302821FF302821FF302821FF302821FF302821FF302821FF302821FF302821FF302821FF302821FF302821FF302821FF302821FF302821FF302821FF302821FF302821FF302821FF302821FF302821FF302821FF302821FF302821FF302821FF302821FF302821FF302821FF302821FF302821FF
310
302821FF302821FF302821FF302821FF302821FF302821FF302821FF302821FF302821FF302821FF302821FF302821FF302821FF302821FF302821FF302821FF302821FF302821FF302821FF302821FF302821FF302821FF302821FF302821FF302821FF302821FF302821FF302821FF302821FF302821FF302821FF302821
310
FF302821FF302821FF302821FF302821FF302821FF302821FF302821FF302821FF302821FF302821FF302821FF302821FF302821FF302821FF302821FF302821FF302821FF302821FF302821FF302821FF302821FF302821FF302821FF302821FF302821FF302821FF302821FF302821FF302821FF302821FF302821FF3028
310
21FF302821FF302821FF302821FF302821FF302821FF302821FF302821FF302821FF302821FF302821FF302821FF302821FF302821FF302821FF302821FF302821FF302821FF302821FF302821FF302821FF302821FF302821FF302821FF302821FF302821FF302821FF302821FF302821FF302821FF302821FF302821FF30
310
2821FF302821FF302821FF302821FF302821FF302821FF302821FF302821FF302821FF302821FF302821FF302821FF302821FF302821FF302821FF302821FF302821FF302821FF302821FF302821FF302821FF302821FF302821FF302821FF302821FF302821FF302821FF302821FF302821FF302821FF302821FF302821FF
310
302821FF302821FF302821FF302821FF302821FF302821FF302821FF302821FF302821FF302821FF302821FF302821FF302821FF302821FF302821FF302821FF302821FF302821FF302821FF302821FF302821FF302821FF302821FF302821FF302821FF302821FF302821FF302821FF302821FF302821FF302821FF302821
310
FF302821FF302821FF302821FF302821FF302821FF302821FF302821FF302821FF302821FF302821FF302821FF302821FF302821FF302821FF302821FF302821FF302821FF302821FF302821FF302821FF302821FF302821FF302821FF302821FF302821FF302821FF302821FF302821FF302821FF302821FF302821FF3028
310
21FF302821FF302821FF302821FF302821FF302821FF302821FF302821FF302821FF302821FF302821FF302821FF302821FF302821FF302821FF302821FF302821FF302821FF302821FF302821FF302821FF302821FF302821FF302821FF302821FF302821FF302821FF302821FF302821FF302821FF302821FF302821FF30
310
2821FF302821FF302821FF302821FF302821FF302821FF302821FF302821FF302821FF302821FF302821FF302821FF302821FF302821FF302821FF302821FF302821FF302821FF302821FF302821FF302821FF302821FF302821FF302821FF302821FF302821FF302821FF302821FF302821FF302821FF302821FF302821FF
310
302821FF302821FF302821FF302821FF302821FF302821FF302821FF302821FF302821FF302821FF302821FF302821FF302821FF302821FF302821FF302821FF302821FF302821FF302821FF302821FF302821FF302821FF302821FF302821FF302821FF302821FF302821FF302821FF302821FF302821FF302821FF302821
310
FF302821FF302821FF302821FF302821FF302821FF302821FF302821FF302821FF302821FF302821FF302821FF302821FF302821FF302821FF302821FF302821FF302821FF302821FF302821FF302821FF302821FF302821FF302821FF302821FF302821FF302821FF302821FF302821FF302821FF302821FF302821FF3028
310
21FF302821FF302821FF302821FF302821FF302821FF302821FF302821FF302821FF302821FF302821FF302821FF302821FF302821FF302821FF302821FF302821FF302821FF302821FF302821FF302821FF302821FF302821FF302821FF302821FF302821FF302821FF302821FF302821FF302821FF302821FF302821FF30
310
2821FF302821FF302821FF302821FF302821FF302821FF302821FF302821FF302821FF302821FF302821FF302821FF302821FF302821FF302821FF302821FF302821FF302821FF302821FF302821FF302821FF302821FF302821FF302821FF302821FF302821FF302821FF302821FF302821FF302821FF302821FF302821FF
310
302821FF302821FF302821FF302821FF302821FF302821FF302821FF302821FF302821FF302821FF302821FF302821FF302821FF302821FF302821FF302821FF302821FF302821FF
 70
     4
280
     1
281
     0
  0
BLOCK_RECORD
  5
5038
330
1
100
AcDbSymbolTableRecord
100
AcDbBlockTableRecord
  2
Frame1
340
0
310
2800000020000000200000000100200000000000001000000100000001000000000000000000000001000000302821FF302821FF302821FF302821FF302821FF302821FF302821FF302821FF302821FF302821FF302821FF302821FF302821FF302821FF302821FF302821FF302821FF302821FF302821FF302821FF302821
310
FF302821FF302821FF302821FF302821FF302821FF302821FF302821FF302821FF302821FF302821FF302821FF302821FF302821FF302821FF302821FF302821FF302821FF302821FF302821FF302821FF302821FF302821FF302821FF302821FF302821FF302821FF302821FF302821FF302821FF302821FF302821FF3028
310
21FF302821FF302821FF302821FF302821FF302821FF302821FF302821FF302821FF302821FF302821FF302821FF302821FF302821FF302821FF302821FF302821FF302821FF302821FF302821FF302821FF302821FF302821FF302821FF302821FF302821FF302821FF302821FF302821FF302821FF302821FF302821FF30
310
2821FF302821FF302821FF302821FF302821FF302821FF302821FF302821FF302821FF302821FF302821FF302821FF302821FF302821FF302821FF302821FF302821FF302821FF302821FF302821FF302821FF302821FF302821FF302821FF302821FF302821FF302821FF302821FF302821FF302821FF302821FF302821FF
310
302821FF302821FF302821FF302821FF302821FF302821FF302821FF302821FF302821FF302821FF302821FF302821FF302821FF302821FF302821FF302821FF302821FF302821FF302821FF302821FF302821FF302821FF302821FF302821FF302821FF302821FF302821FF302821FF302821FF302821FF302821FF302821
310
FF302821FF302821FF302821FF302821FF302821FF302821FF302821FF302821FF302821FF302821FF302821FF302821FF302821FF302821FF302821FF302821FF302821FF302821FF302821FF302821FF302821FF302821FF302821FF302821FF302821FF302821FF302821FF302821FF302821FF302821FF302821FF3028
310
21FF302821FF302821FF302821FF302821FF302821FF302821FF302821FF302821FF302821FF302821FF302821FF302821FF302821FFFFFF00FFFFFF00FFFFFF00FFFFFF00FFFFFF00FFFFFF00FFFFFF00FFFFFF00FFFFFF00FFFFFF00FFFFFF00FFFFFF00FFFFFF00FFFFFF00FFFFFF00FFFFFF00FFFFFF00FFFFFF00FFFF
310
FF00FFFFFF00FFFFFF00FFFFFF00FFFFFF00FFFFFF00FFFFFF00FFFFFF00FFFFFF00FFFFFF00FFFFFF00FFFFFF00FF302821FF302821FFFFFF00FFFFFFFFFFFFFFFFFFFFFFFFFFFFFFFFFFFFFFFFFFFFFFFFFFFFFFFFFFFFFFFFFFFFFFFFFFFFFFFFFFFFFFFFFFFFFFFFFFFFFFFFFFFFFFFFFFFFFFFFFFFFFFFFFFFFFFFFFF
310
FFFFFFFFFFFFFFFFFFFFFFFFFFFFFFFFFFFFFFFFFFFFFFFFFFFFFFFFFFFFFFFFFFFFFFFFFFFFFFFFFFFFFFFFFFFF00FF302821FF302821FFFFFF00FFFFFFFFFFFFFFFFFF302821FF302821FF302821FF302821FF302821FF302821FF302821FF302821FF302821FF302821FF302821FF302821FF302821FF302821FF302821
310
FF302821FF302821FF302821FF302821FF302821FF302821FF302821FFFFFFFFFFFFFFFFFFFFFFFFFFFFFFFFFFFFFF00FF302821FF302821FFFFFF00FFFFFFFFFFFF0000FF302821FF302821FF302821FF302821FF302821FF302821FF302821FF302821FF302821FF302821FF302821FF302821FF302821FF302821FF3028
310
21FF302821FF302821FF302821FF302821FF302821FF302821FF302821FFFFFFFFFFFFFFFFFFFFFFFFFFFFFFFFFFFFFF00FF302821FF302821FFFFFF00FFFFFFFFFFFF0000FF302821FF302821FF302821FF302821FF302821FF302821FF302821FF302821FF302821FF302821FF302821FF302821FF302821FF302821FF30
310
2821FF302821FF302821FF302821FF302821FF302821FF302821FF302821FFFFFFFFFFFFFFFFFFFFFFFFFFFFFFFFFFFFFF00FF302821FF302821FFFFFF00FFFFFFFFFFFFFFFFFF302821FF302821FF302821FF302821FF302821FF302821FF302821FF302821FF302821FF302821FF302821FF302821FF302821FF302821FF
310
302821FF302821FF302821FF302821FF302821FF302821FF302821FF302821FFFFFFFFFFFFFFFFFFFFFFFFFFFFFFFFFFFFFF00FF302821FF302821FFFFFF00FFFFFFFFFFFF0000FF302821FF302821FF302821FF302821FF302821FF302821FF302821FF302821FF302821FF302821FF302821FF302821FF302821FF302821
310
FF302821FF302821FF302821FF302821FF302821FF302821FF302821FF302821FFFFFFFFFFFFFFFFFFFFFFFFFFFFFFFFFFFFFF00FF302821FF302821FFFFFF00FFFF0000FFFFFFFFFF302821FF302821FF302821FF302821FF302821FF302821FF302821FF302821FF302821FF302821FF302821FF302821FF302821FF3028
310
21FF302821FF302821FF302821FF302821FF302821FF302821FF302821FF302821FFFFFFFFFFFFFFFFFFFFFFFFFFFFFFFFFFFFFF00FF302821FF302821FFFFFF00FFFF0000FFFF0000FF302821FF302821FF302821FF302821FF302821FF302821FF302821FF302821FF302821FF302821FF302821FF302821FF302821FF30
310
2821FF302821FF302821FF302821FF302821FF302821FF302821FF302821FF302821FFFFFFFFFFFFFFFFFFFFFFFFFFFFFFFFFFFFFF00FF302821FF302821FFFFFF00FFFF0000FFFF0000FF302821FF302821FF302821FF302821FF302821FF302821FF302821FF302821FF302821FF302821FF302821FF302821FF302821FF
310
302821FF302821FF302821FF302821FF302821FF302821FF302821FF302821FF302821FFFFFFFFFFFFFFFFFFFFFFFFFFFFFFFFFFFFFF00FF302821FF302821FFFFFF00FFFF0000FFFFFFFFFF302821FF302821FF302821FF302821FF302821FF302821FF302821FF302821FF302821FF302821FF302821FF302821FF302821
310
FF302821FF302821FF302821FF302821FF302821FF302821FF302821FF302821FF302821FFFFFFFFFFFFFFFFFF302821FFFFFFFFFFFFFF00FF302821FF302821FFFFFF00FFFF0000FFFF0000FF302821FF302821FF302821FF302821FF302821FF302821FF302821FF302821FF302821FF302821FF302821FF302821FF3028
310
21FF302821FF302821FF302821FF302821FF302821FF302821FF302821FF302821FF302821FFFFFFFFFFFFFFFFFF302821FFFFFFFFFFFFFF00FF302821FF302821FFFFFF00FFFF0000FFFF0000FF302821FF302821FF302821FF302821FF302821FF302821FF302821FF302821FF302821FF302821FF302821FF302821FF30
310
2821FF302821FF302821FF302821FF302821FF302821FF302821FF302821FF302821FF302821FFFFFFFFFF302821FF302821FFFFFFFFFFFFFF00FF302821FF302821FFFFFF00FFFF0000FFFFFFFFFF302821FF302821FF302821FF302821FF302821FF302821FF302821FF302821FF302821FF302821FF302821FF302821FF
310
302821FF302821FF302821FF302821FF302821FF302821FF302821FF302821FF302821FF302821FFFFFFFFFFFFFFFFFFFFFFFFFFFFFFFFFFFFFF00FF302821FF302821FFFFFF00FFFF0000FFFF0000FF302821FF302821FF302821FF302821FF302821FF302821FF302821FF302821FF302821FF302821FF302821FF302821
310
FF302821FF302821FF302821FF302821FF302821FF302821FF302821FF302821FF302821FF302821FFFFFFFFFFFFFFFFFFFFFFFFFFFFFFFFFFFFFF00FF302821FF302821FFFFFF00FFFF0000FFFF0000FF302821FF302821FF302821FF302821FF302821FF302821FF302821FF302821FF302821FF302821FF302821FF3028
310
21FF302821FF302821FF302821FF302821FF302821FF302821FF302821FF302821FF302821FF302821FFFFFFFFFFFFFFFFFFFFFFFFFFFFFFFFFFFFFF00FF302821FF302821FFFFFF00FFFF0000FFFFFFFFFFFFFFFFFFFFFFFFFFFFFFFFFFFFFFFFFFFFFFFFFF302821FF302821FF302821FF302821FF302821FF302821FF30
310
2821FF302821FF302821FF302821FF302821FF302821FF302821FF302821FF302821FF302821FF302821FFFFFFFFFFFFFFFFFFFFFFFFFFFFFFFFFFFFFF00FF302821FF302821FFFFFF00FFFF0000FFFFFFFFFFFFFFFFFFFFFFFFFFFFFFFFFFFFFFFFFFFFFFFFFF302821FF302821FF302821FF302821FF302821FF302821FF
310
302821FF302821FF302821FF302821FF302821FF302821FF302821FF302821FF302821FF302821FF302821FFFFFFFFFF703C00FF703C00FFFFFFFFFFFFFF00FF302821FF302821FFFFFF00FFFF0000FFFFFFFFFFFFFFFFFFFFFFFFFFFFFFFFFFFFFFFFFFFFFFFFFFFFFFFFFFFFFFFFFFFFFFFFFFFFFFFFFFFFFFFFFFFFFFFF
310
FFFFFFFFFFFFFFFFFFFFFFFFFFFFFFFFFFFFFFFFFFFFFFFFFFFFFFFFFFFFFFFFFFFFFFFFFFFFFFFFFFFFFFFFFFFFFFFFFFFFFFFFFFFFFFFFFFFFFFFFFFFFFF00FF302821FF302821FFFFFF00FFFFFF00FFFFFF00FFFFFF00FFFFFF00FFFFFF00FFFFFF00FFFFFF00FFFFFF00FFFFFF00FFFFFF00FFFFFF00FFFFFF00FFFFFF
310
00FFFFFF00FFFFFF00FFFFFF00FFFFFF00FFFFFF00FFFFFF00FFFFFF00FFFFFF00FFFFFF00FFFFFF00FFFFFF00FFFFFF00FFFFFF00FFFF0000FFFF0000FFFFFF00FF302821FF302821FF302821FF302821FF302821FF302821FF302821FF302821FF302821FF302821FF302821FF302821FF302821FF302821FF302821FF30
310
2821FF302821FF302821FF302821FF302821FF302821FF302821FF302821FF302821FF302821FF302821FF302821FF302821FF302821FF302821FF302821FF302821FF302821FF302821FF302821FF302821FF302821FF302821FF302821FF302821FF302821FF302821FF302821FF302821FF302821FF302821FF302821FF
310
302821FF302821FF302821FF302821FF302821FF302821FF302821FF302821FF302821FF302821FF302821FF302821FF302821FF302821FF302821FF302821FF302821FF302821FF302821FF302821FF302821FF302821FF302821FF302821FF302821FF302821FF302821FF302821FF302821FF302821FF302821FF302821
310
FF302821FF302821FF302821FF302821FF302821FF302821FF302821FF302821FF302821FF302821FF302821FF302821FF302821FF302821FF302821FF302821FF302821FF302821FF302821FF302821FF302821FF302821FF302821FF302821FF302821FF302821FF302821FF302821FF302821FF302821FF302821FF3028
310
21FF302821FF302821FF302821FF302821FF302821FF302821FF302821FF302821FF302821FF302821FF302821FF302821FF302821FF302821FF302821FF302821FF302821FF302821FF302821FF302821FF302821FF302821FF302821FF302821FF302821FF302821FF302821FF302821FF302821FF302821FF302821FF30
310
2821FF302821FF302821FF302821FF302821FF302821FF302821FF302821FF302821FF302821FF302821FF302821FF302821FF302821FF302821FF302821FF302821FF302821FF302821FF302821FF302821FF302821FF302821FF302821FF302821FF302821FF302821FF302821FF302821FF302821FF302821FF302821FF
310
302821FF302821FF302821FF302821FF302821FF302821FF302821FF302821FF302821FF302821FF302821FF302821FF302821FF302821FF302821FF302821FF302821FF302821FF
102
{BLKREFS
331
D3C8
102
}
 70
     4
280
     1
281
     0
1001
AcDbDynamicBlockGUID
1000
{42ACC49F-CC68-4F68-B8A4-F1C636378D63}
  0
BLOCK_RECORD
  5
6A01
330
1
100
AcDbSymbolTableRecord
100
AcDbBlockTableRecord
  2
*D14
340
0
 70
     0
280
     1
281
     0
  0
BLOCK_RECORD
  5
6A0D
330
1
100
AcDbSymbolTableRecord
100
AcDbBlockTableRecord
  2
*D15
340
0
 70
     0
280
     1
281
     0
  0
BLOCK_RECORD
  5
6A19
330
1
100
AcDbSymbolTableRecord
100
AcDbBlockTableRecord
  2
*D16
340
0
 70
     0
280
     1
281
     0
  0
BLOCK_RECORD
  5
6A25
330
1
100
AcDbSymbolTableRecord
100
AcDbBlockTableRecord
  2
*D17
340
0
 70
     0
280
     1
281
     0
  0
BLOCK_RECORD
  5
6A31
330
1
100
AcDbSymbolTableRecord
100
AcDbBlockTableRecord
  2
*D18
340
0
 70
     0
280
     1
281
     0
  0
BLOCK_RECORD
  5
6A3D
330
1
100
AcDbSymbolTableRecord
100
AcDbBlockTableRecord
  2
*D19
340
0
 70
     0
280
     1
281
     0
  0
BLOCK_RECORD
  5
6A49
330
1
100
AcDbSymbolTableRecord
100
AcDbBlockTableRecord
  2
*D20
340
0
 70
     0
280
     1
281
     0
  0
BLOCK_RECORD
  5
6A55
330
1
100
AcDbSymbolTableRecord
100
AcDbBlockTableRecord
  2
*D21
340
0
 70
     0
280
     1
281
     0
  0
BLOCK_RECORD
  5
6A61
330
1
100
AcDbSymbolTableRecord
100
AcDbBlockTableRecord
  2
zw$76FF
340
0
 70
     4
280
     1
281
     0
  0
BLOCK_RECORD
  5
78D7
330
1
100
AcDbSymbolTableRecord
100
AcDbBlockTableRecord
  2
pannello 1
340
0
310
2800000020000000200000000100080000000000000400000000000000000000000000000000000000000000000080000080000000808000800000008000800080800000C0C0C000C0DCC000F0CAA6000020400000206000002080000020A0000020C0000020E00000400000004020000040400000406000004080000040A0
310
000040C0000040E00000600000006020000060400000606000006080000060A0000060C0000060E00000800000008020000080400000806000008080000080A0000080C0000080E00000A0000000A0200000A0400000A0600000A0800000A0A00000A0C00000A0E00000C0000000C0200000C0400000C0600000C0800000C0
310
A00000C0C00000C0E00000E0000000E0200000E0400000E0600000E0800000E0A00000E0C00000E0E00040000000400020004000400040006000400080004000A0004000C0004000E00040200000402020004020400040206000402080004020A0004020C0004020E000404000004040200040404000404060004040800040
310
40A0004040C0004040E00040600000406020004060400040606000406080004060A0004060C0004060E00040800000408020004080400040806000408080004080A0004080C0004080E00040A0000040A0200040A0400040A0600040A0800040A0A00040A0C00040A0E00040C0000040C0200040C0400040C0600040C08000
310
40C0A00040C0C00040C0E00040E0000040E0200040E0400040E0600040E0800040E0A00040E0C00040E0E00080000000800020008000400080006000800080008000A0008000C0008000E00080200000802020008020400080206000802080008020A0008020C0008020E00080400000804020008040400080406000804080
310
008040A0008040C0008040E00080600000806020008060400080606000806080008060A0008060C0008060E00080800000808020008080400080806000808080008080A0008080C0008080E00080A0000080A0200080A0400080A0600080A0800080A0A00080A0C00080A0E00080C0000080C0200080C0400080C0600080C0
310
800080C0A00080C0C00080C0E00080E0000080E0200080E0400080E0600080E0800080E0A00080E0C00080E0E000C0000000C0002000C0004000C0006000C0008000C000A000C000C000C000E000C0200000C0202000C0204000C0206000C0208000C020A000C020C000C020E000C0400000C0402000C0404000C0406000C0
310
408000C040A000C040C000C040E000C0600000C0602000C0604000C0606000C0608000C060A000C060C000C060E000C0800000C0802000C0804000C0806000C0808000C080A000C080C000C080E000C0A00000C0A02000C0A04000C0A06000C0A08000C0A0A000C0A0C000C0A0E000C0C00000C0C02000C0C04000C0C06000
310
C0C08000C0C0A000F0FBFF00A4A0A000808080000000FF0000FF000000FFFF00FF000000FF00FF00FFFF0000FFFFFF005B5B5B5B5B5B5B5B5B5B5B5B5B5B5B5B5B5B5B5B5B5B5B5B5B5B5B5B5B5B5B5B5B5B5B5B5B5BFFFFFFFFFFFFFFFFFFFFFFFFFFFFFFFFFFFFFFFF5B5B5B5B5B5B5B5B5B5B5B5BFFE0E0E0E0E0E0E0E0
310
E0E0E0E0E0E0E0E0E0E0FF5B5B5B5B5B5B5B5B5B5B5B5BE05B5BE05B5BE05B5B5BE05B5BE05B5BE05B5BE05B5B5B5B5B5B5B5B5B5B5B5BE05B5BE05B5BE05B5B5BE05B5BE05B5BE05B5BE05B5B5B5B5B5B5B5B5B5B5B5BE0E0E0E0E0E0E0E0E0E0E0E0E0E0E0E0E0E0E0E05B5B5B5B5B5B5B5B5B5B5B5BE05B5BE05B5BE05B
310
5B5BE05B5BE05B5BE05B5BE05B5B5B5B5B5B5B5B5B5B5B5BE05B5BE05B5BE05B5B5BE05B5BE05B5BE05B5BE05B5B5B5B5B5B5B5B5B5B5B5BE0E0E0E0E0E0E0E0E0E0E0E0E0E0E0E0E0E0E0E05B5B5B5B5B5B5B5B5B5B5B5BE05B5BE05B5BE05B5B5BE05B5BE05B5BE05B5BE05B5B5B5B5B5B5B5B5B5B5B5BE05B5BE05B5BE0
310
5B5B5BE05B5BE05B5BE05B5BE05B5B5B5B5B5B5B5B5B5B5B5BE0E0E0E0E0E0E0E0E0E0E0E0E0E0E0E0E0E0E0E05B5B5B5B5B5B5B5B5B5B5B5BE05B5BE05B5BE05B5B5BE05B5BE05B5BE05B5BE05B5B5B5B5B5B5B5B5B5B5B5BE05B5BE05B5BE05B5B5BE05B5BE05B5BE05B5BE05B5B5B5B5B5B5B5B5B5B5B5BE0E0E0E0E0E0
310
E0E0E0E0E0E0E0E0E0E0E0E0E0E05B5B5B5B5B5B5B5B5B5B5B5BE05B5BE05B5BE05B5B5BE05B5BE05B5BE05B5BE05B5B5B5B5B5B5B5B5B5B5B5BE05B5BE05B5BE05B5B5BE05B5BE05B5BE05B5BE05B5B5B5B5B5B5B5B5B5B5B5BE0E0E0E0E0E0E0E0E0E0E0E0E0E0E0E0E0E0E0E05B5B5B5B5B5B5B5B5B5B5B5BE05B5BE05B
310
5BE05B5B5BE05B5BE05B5BE05B5BE05B5B5B5B5B5B5B5B5B5B5B5BE05B5BE05B5BE05B5B5BE05B5BE05B5BE05B5BE05B5B5B5B5B5B5B5B5B5B5B5BE0E0E0E0E0E0E0E0E0E0E0E0E0E0E0E0E0E0E0E05B5B5B5B5B5B5B5B5B5B5B5BE05B5BE05B5BE05B5B5BE05B5BE05B5BE05B5BE05B5B5B5B5B5B5B5B5B5B5B5BE05B5BE0
310
5B5BE05B5B5BE05B5BE05B5BE05B5BE05B5B5B5B5B5B5B5B5B5B5B5BE0E0E0E0E0E0E0E0E0E0E0E0E0E0E0E0E0E0E0E05B5B5B5B5B5B5B5B5B5B5B5BE05B5BE05B5BE05B5B5BE05B5BE05B5BE05B5BE05B5B5B5B5B5B5B5B5B5B5B5BE05B5BE05B5BE05B5B5BE05B5BE05B5BE05B5BE05B5B5B5B5B5B5B5B5B5B5B5BE0E0E0
310
E0E0E0E0E0E0E0E0E0E0E0E0E0E0E0E0E05B5B5B5B5B5B5B5B5B5B5B5BE05B5BE05B5BE05B5B5BE05B5BE05B5BE05B5BE05B5B5B5B5B5B5B5B5B5B5B5BE05B5BE05B5BE05B5B5BE05B5BE05B5BE05B5BE05B5B5B5B5B5B5B5B5B5B5B5BFFE0E0E0E0E0E0E0E0E0E0E0E0E0E0E0E0E0E0FF5B5B5B5B5B5B5B5B5B5B5B5BFFFF
310
FFFFFFFFFFFFFFFFFFFFFFFFFFFFFFFFFFFF5B5B5B5B5B5B5B5B5B5B5B5B5B5B5B5B5B5B5B5B5B5B5B5B5B5B5B5B5B5B5B5B5B5B5B5B5B5B
102
{BLKREFS
331
7913
331
791C
331
7922
102
}
 70
     4
280
     1
281
     0
  0
BLOCK_RECORD
  5
78F8
330
1
100
AcDbSymbolTableRecord
100
AcDbBlockTableRecord
  2
serie
340
0
310
28000000200000002000000001002000000000000010000001000000010000000000000000000000FCFFFFFF000000FF000000FF000000FF000000FF000000FF000000FF000000FF000000FF000000FF000000FF000000FF000000FF000000FF000000FF000000FF000000FF000000FF000000FF000000FF000000FF000000
310
FF000000FF000000FF000000FF000000FF000000FF000000FF000000FF000000FF000000FF000000FF000000FF000000FF000000FF000000FF000000FF000000FF000000FF000000FF000000FF000000FF000000FF000000FF000000FFFFFFFFFFFFFFFFFFFFFFFFFFFFFFFFFFFFFFFFFFFFFFFFFFFFFFFFFFFFFFFFFF0000
310
00FF000000FF000000FF000000FF000000FF000000FF000000FF000000FF000000FF000000FF000000FF000000FF000000FF000000FF000000FF000000FF000000FF000000FF000000FF000000FF000000FF000000FF000000FF000000FFFFFFFFFF000000FF000000FFFFFFFFFFFFFFFFFF000000FF000000FFFFFFFFFF00
310
0000FF000000FF000000FF000000FF000000FF000000FF000000FF000000FF000000FF000000FF000000FF000000FF000000FF000000FF000000FF000000FF000000FF000000FF000000FF000000FF000000FF000000FF000000FF000000FFFFFFFFFFFFFFFFFFFFFFFFFFFFFFFFFFFFFFFFFFFFFFFFFFFFFFFFFFFFFFFFFF
310
000000FF000000FF000000FF000000FF000000FF000000FF000000FF000000FF000000FF000000FF000000FF000000FF000000FF000000FF000000FF000000FF000000FF000000FF000000FF000000FF000000FF000000FF000000FF000000FFFFFFFFFFFFFFFFFFCC9900FFCC9900FFCC9900FFCC9900FFFFFFFFFFFFFFFF
310
FF000000FF000000FF000000FF000000FF000000FF000000FF000000FF000000FF000000FF000000FF000000FF000000FF000000FF000000FF000000FF000000FF000000FF000000FF000000FF000000FF000000FF000000FF000000FF000000FFFFFFFFFFFFFFFFFFCC9900FFCC9900FFCC9900FFCC9900FFFFFFFFFFFFFF
310
FFFF000000FF000000FF000000FF000000FF000000FF000000FF000000FF000000FF000000FF000000FF000000FF000000FF000000FF000000FF000000FF000000FF000000FF000000FF000000FF000000FF000000FF000000FF000000FF000000FFFFFFFFFFFFFFFFFFCC9900FFCC9900FFCC9900FFCC9900FFFFFFFFFFFF
310
FFFFFF000000FF000000FF000000FF000000FF000000FF000000FF000000FF000000FF000000FF000000FF000000FF000000FF000000FF000000FF000000FF000000FF000000FF000000FF000000FF000000FF000000FF000000FF000000FF000000FFFFFFFFFFFFFFFFFFFFFFFFFFCC9900FFCC9900FFCC9900FFFFFFFFFF
310
FFFFFFFF000000FF000000FF000000FF000000FF000000FF000000FF000000FF000000FF000000FF000000FF000000FF000000FF000000FF000000FF000000FF000000FF000000FF000000FF000000FF000000FF000000FF000000FF000000FF000000FFFFFFFFFFFFFFFFFFCC9900FFCC9900FFCC9900FFCC9900FFFFFFFF
310
FFFFFFFFFF000000FF000000FF000000FF000000FF000000FF000000FF000000FF000000FF000000FF000000FF000000FF000000FF000000FF000000FF000000FF000000FF000000FF000000FF000000FF000000FF000000FF000000FF000000FF000000FFFFFFFFFFFFFFFFFFFFFFFFFFCC9900FFCC9900FFFFFFFFFFFFFF
310
FFFFFFFFFFFF000000FF000000FF000000FF000000FF000000FF000000FF000000FF000000FF000000FF000000FF000000FF000000FF000000FF000000FF000000FF000000FF000000FF000000FF000000FF000000FF000000FF000000FF000000FF000000FFFFFFFFFFFFFFFFFF000000FF000000FF000000FF000000FFFF
310
FFFFFFFFFFFFFF000000FF000000FF000000FF000000FF000000FF000000FF000000FF000000FF000000FF000000FF000000FF000000FF000000FF000000FF000000FF000000FF000000FF000000FF000000FF000000FF000000FF000000FF000000FF000000FFFFFFFFFFFFFFFFFF000000FF000000FF000000FF000000FF
310
FFFFFFFFFFFFFFFF000000FF000000FF000000FF000000FF000000FF000000FF000000FF000000FF000000FF000000FF000000FF000000FF000000FF000000FF000000FF000000FF000000FF000000FF000000FF000000FF000000FF000000FF000000FF000000FFFFFFFFFFFFFFFFFFD6D6D6FFD6D6D6FFD6D6D6FFD6D6D6
310
FFFFFFFFFFFFFFFFFF000000FF000000FF000000FF000000FF000000FF000000FF000000FF000000FF000000FF000000FF000000FF000000FF000000FF000000FF000000FF000000FF000000FF000000FF000000FF000000FF000000FF000000FF000000FF000000FFFFFFFFFFFFFFFFFFD6D6D6FFCC9900FFCC9900FFD6D6
310
D6FFFFFFFFFFFFFFFFFF000000FF000000FF000000FF000000FF000000FF000000FF000000FF000000FF000000FF000000FF000000FF000000FF000000FF000000FF000000FF000000FF000000FF000000FF000000FF000000FF000000FF000000FF000000FF000000FFFFFFFFFFFFFFFFFFD6D6D6FFCC9900FFCC9900FFD6
310
D6D6FFFFFFFFFFFFFFFFFF000000FF000000FF000000FF000000FF000000FF000000FF000000FF000000FF000000FF000000FF000000FF000000FF000000FF000000FF000000FF000000FF000000FF000000FF000000FF000000FF000000FF000000FF000000FF000000FFFFFFFFFFFFFFFFFFD6D6D6FFCC9900FFCC9900FF
310
D6D6D6FFFFFFFFFFFFFFFFFF000000FF000000FF000000FF000000FF000000FF000000FF000000FF000000FF000000FF000000FF000000FF000000FF000000FF000000FF000000FF000000FF000000FF000000FF000000FF000000FF000000FF000000FF000000FF000000FFFFFFFFFFFFFFFFFFD6D6D6FFCC9900FFCC9900
310
FFD6D6D6FFFFFFFFFFFFFFFFFF000000FF000000FF000000FF000000FF000000FF000000FF000000FF000000FF000000FF000000FF000000FF000000FF000000FF000000FF000000FF000000FF000000FF000000FF000000FF000000FF000000FF000000FF000000FF000000FFFFFFFFFFFFFFFFFFD6D6D6FFCC9900FFCC99
310
00FFD6D6D6FFFFFFFFFFFFFFFFFF000000FF000000FF000000FF000000FF000000FF000000FF000000FF000000FF000000FF000000FF000000FF000000FF000000FF000000FF000000FF000000FF000000FF000000FF000000FF000000FF000000FF000000FF000000FF000000FFFFFFFFFFFFFFFFFFD6D6D6FFD6D6D6FFD6
310
D6D6FFD6D6D6FFFFFFFFFFFFFFFFFF000000FF000000FF000000FF000000FF000000FF000000FF000000FF000000FF000000FF000000FF000000FF000000FF000000FF000000FF000000FF000000FF000000FF000000FF000000FF000000FF000000FF000000FF000000FF000000FFFFFFFFFFFFFFFFFF000000FF000000FF
310
000000FF000000FFFFFFFFFFFFFFFFFF000000FF000000FF000000FF000000FF000000FF000000FF000000FF000000FF000000FF000000FF000000FF000000FF000000FF000000FF000000FF000000FF000000FF000000FF000000FF000000FF000000FF000000FF000000FF000000FFFFFFFFFFFFFFFFFF000000FF000000
310
FF000000FF000000FFFFFFFFFFFFFFFFFF000000FF000000FF000000FF000000FF000000FF000000FF000000FF000000FF000000FF000000FF000000FF000000FF000000FF000000FF000000FF000000FF000000FF000000FF000000FF000000FF000000FF000000FF000000FF000000FFFFFFFFFFFFFFFFFF000000FF0000
310
00FF000000FF000000FFFFFFFFFFFFFFFFFF000000FF000000FF000000FF000000FF000000FF000000FF000000FF000000FF000000FF000000FF000000FF000000FF000000FF000000FF000000FF000000FF000000FF000000FF000000FF000000FF000000FF000000FF000000FF000000FFFFFFFFFFFFFFFFFFD6D6D6FFD6
310
D6D6FFD6D6D6FFD6D6D6FFFFFFFFFFFFFFFFFF000000FF000000FF000000FF000000FF000000FF000000FF000000FF000000FF000000FF000000FF000000FF000000FF000000FF000000FF000000FF000000FF000000FF000000FF000000FF000000FF000000FF000000FF000000FF000000FFFFFFFFFFFFFFFFFFD6D6D6FF
310
CC9900FFCC9900FFD6D6D6FFFFFFFFFFFFFFFFFF000000FF000000FF000000FF000000FF000000FF000000FF000000FF000000FF000000FF000000FF000000FF000000FF000000FF000000FF000000FF000000FF000000FF000000FF000000FF000000FF000000FF000000FF000000FF000000FFFFFFFFFFFFFFFFFFD6D6D6
310
FFCC9900FFCC9900FFD6D6D6FFFFFFFFFFFFFFFFFF000000FF000000FF000000FF000000FF000000FF000000FF000000FF000000FF000000FF000000FF000000FF000000FF000000FF000000FF000000FF000000FF000000FF000000FF000000FF000000FF000000FF000000FF000000FF000000FFFFFFFFFFFFFFFFFFD6D6
310
D6FFCC9900FFCC9900FFD6D6D6FFFFFFFFFFFFFFFFFF000000FF000000FF000000FF000000FF000000FF000000FF000000FF000000FF000000FF000000FF000000FF000000FF000000FF000000FF000000FF000000FF000000FF000000FF000000FF000000FF000000FF000000FF000000FF000000FFFFFFFFFFFFFFFFFFD6
310
D6D6FFCC9900FFCC9900FFD6D6D6FFFFFFFFFFFFFFFFFF000000FF000000FF000000FF000000FF000000FF000000FF000000FF000000FF000000FF000000FF000000FF000000FF000000FF000000FF000000FF000000FF000000FF000000FF000000FF000000FF000000FF000000FF000000FF000000FFFFFFFFFFFFFFFFFF
310
D6D6D6FFCC9900FFCC9900FFD6D6D6FFFFFFFFFFFFFFFFFF000000FF000000FF000000FF000000FF000000FF000000FF000000FF000000FF000000FF000000FF000000FF000000FF000000FF000000FF000000FF000000FF000000FF000000FF000000FF000000FF000000FF000000FF000000FF000000FFFFFFFFFFFFFFFF
310
FFD6D6D6FFD6D6D6FFD6D6D6FFD6D6D6FFFFFFFFFFFFFFFFFF000000FF000000FF000000FF000000FF000000FF000000FF000000FF000000FF000000FF000000FF000000FF000000FF000000FF000000FF000000FF000000FF000000FF000000FF000000FF000000FF000000FF000000FF000000FF000000FFFFFFFFFF0000
310
00FF000000FF000000FF000000FF000000FF000000FFFFFFFFFF000000FF000000FF000000FF000000FF000000FF000000FF000000FF000000FF000000FF000000FF000000FF000000FF000000FF000000FF000000FF000000FF000000FF000000FF000000FF000000FF000000FF000000FF000000FF000000FFFFFFFFFFFF
310
FFFFFFFFFFFFFFFFFFFFFFFFFFFFFFFFFFFFFFFFFFFFFFFFFFFFFF000000FF000000FF000000FF000000FF000000FF000000FF000000FF000000FF000000FF000000FF000000FF000000FF000000FF000000FF000000FF000000FF000000FF000000FF000000FF000000FF000000FF000000FF000000FF000000FF000000FF
310
000000FF000000FF000000FF000000FF000000FF000000FF000000FF000000FF000000FF000000FF000000FF000000FF000000FF000000FF000000FF000000FF000000FF000000FF
 70
     4
280
     1
281
     0
  0
BLOCK_RECORD
  5
7DA7
330
1
100
AcDbSymbolTableRecord
100
AcDbBlockTableRecord
  2
_ArchTick
340
0
310
2800000020000000200000000100080000000000000400000000000000000000000000000000000000000000000080000080000000808000800000008000800080800000C0C0C000C0DCC000F0CAA6000020400000206000002080000020A0000020C0000020E00000400000004020000040400000406000004080000040A0
310
000040C0000040E00000600000006020000060400000606000006080000060A0000060C0000060E00000800000008020000080400000806000008080000080A0000080C0000080E00000A0000000A0200000A0400000A0600000A0800000A0A00000A0C00000A0E00000C0000000C0200000C0400000C0600000C0800000C0
310
A00000C0C00000C0E00000E0000000E0200000E0400000E0600000E0800000E0A00000E0C00000E0E00040000000400020004000400040006000400080004000A0004000C0004000E00040200000402020004020400040206000402080004020A0004020C0004020E000404000004040200040404000404060004040800040
310
40A0004040C0004040E00040600000406020004060400040606000406080004060A0004060C0004060E00040800000408020004080400040806000408080004080A0004080C0004080E00040A0000040A0200040A0400040A0600040A0800040A0A00040A0C00040A0E00040C0000040C0200040C0400040C0600040C08000
310
40C0A00040C0C00040C0E00040E0000040E0200040E0400040E0600040E0800040E0A00040E0C00040E0E00080000000800020008000400080006000800080008000A0008000C0008000E00080200000802020008020400080206000802080008020A0008020C0008020E00080400000804020008040400080406000804080
310
008040A0008040C0008040E00080600000806020008060400080606000806080008060A0008060C0008060E00080800000808020008080400080806000808080008080A0008080C0008080E00080A0000080A0200080A0400080A0600080A0800080A0A00080A0C00080A0E00080C0000080C0200080C0400080C0600080C0
310
800080C0A00080C0C00080C0E00080E0000080E0200080E0400080E0600080E0800080E0A00080E0C00080E0E000C0000000C0002000C0004000C0006000C0008000C000A000C000C000C000E000C0200000C0202000C0204000C0206000C0208000C020A000C020C000C020E000C0400000C0402000C0404000C0406000C0
310
408000C040A000C040C000C040E000C0600000C0602000C0604000C0606000C0608000C060A000C060C000C060E000C0800000C0802000C0804000C0806000C0808000C080A000C080C000C080E000C0A00000C0A02000C0A04000C0A06000C0A08000C0A0A000C0A0C000C0A0E000C0C00000C0C02000C0C04000C0C06000
310
C0C08000C0C0A000F0FBFF00A4A0A000808080000000FF0000FF000000FFFF00FF000000FF00FF00FFFF0000FFFFFF00FFFFFF00FFFFFFFFFFFFFFFFFFFFFFFFFFFFFFFFFFFFFFFFFFFFFFFFFFFFFFFFFFFF00FF00FFFFFFFFFFFFFFFFFFFFFFFFFFFFFFFFFFFFFFFFFFFFFFFFFFFFFFFF00FFFFFF00FFFFFFFFFFFFFFFFFF
310
FFFFFFFFFFFFFFFFFFFFFFFFFFFFFFFFFF00FFFFFFFFFF00FFFFFFFFFFFFFFFFFFFFFFFFFFFFFFFFFFFFFFFFFFFFFFFFFFFF00FFFFFFFFFF00FFFFFFFFFFFFFFFFFFFFFFFFFFFFFFFFFFFFFFFFFFFFFFFFFFFF00FFFFFFFFFF00FFFFFFFFFFFFFFFFFFFFFFFFFFFFFFFFFFFFFFFFFFFFFFFFFFFF00FFFFFFFFFF00FFFFFFFF
310
FFFFFFFFFFFFFFFFFFFFFFFFFFFFFFFFFFFFFFFFFFFF00FFFFFFFFFF00FFFFFFFFFFFFFFFFFFFFFFFFFFFFFFFFFFFFFFFFFFFFFFFFFFFF00FFFFFFFFFF00FFFFFFFFFFFFFFFFFFFFFFFFFFFFFFFFFFFFFFFFFFFFFFFFFFFF00FFFFFFFFFF00FFFFFFFFFFFFFFFFFFFFFFFFFFFFFFFFFFFFFFFFFFFFFFFFFFFF00FFFFFFFFFF
310
00FFFFFFFFFFFFFFFFFFFFFFFFFFFFFFFFFFFFFFFFFFFFFFFFFFFF00FFFFFFFFFF00FFFFFFFFFFFFFFFFFFFFFFFFFFFFFFFFFFFFFFFFFFFFFFFFFFFF00FFFFFFFFFF00FFFFFFFFFFFFFFFFFFFFFFFFFFFFFFFFFFFFFFFFFFFFFFFFFFFF00FFFFFFFFFF00FFFFFFFFFFFFFFFFFFFFFFFFFFFFFFFFFFFFFFFFFFFFFFFFFFFF00
310
FFFFFFFFFF00FFFFFFFFFFFFFFFFFFFFFFFFFFFFFFFFFFFFFFFFFFFFFFFFFFFF00FFFFFFFFFF00FFFFFFFFFFFFFFFFFFFFFFFFFFFFFFFFFFFFFFFFFFFFFFFFFFFF00FFFFFFFFFF00FFFFFFFFFFFFFFFFFFFFFFFFFFFFFFFFFFFFFFFFFFFFFFFFFFFF00FFFFFFFFFF00FFFFFFFFFFFFFFFFFFFFFFFFFFFFFFFFFFFFFFFFFFFF
310
FFFFFFFF00FFFFFFFFFF00FFFFFFFFFFFFFFFFFFFFFFFFFFFFFFFFFFFFFFFFFFFFFFFFFFFF00FFFFFFFFFF00FFFFFFFFFFFFFFFFFFFFFFFFFFFFFFFFFFFFFFFFFFFFFFFFFFFF00FFFFFFFFFF00FFFFFFFFFFFFFFFFFFFFFFFFFFFFFFFFFFFFFFFFFFFFFFFFFFFF00FFFFFFFFFF00FFFFFFFFFFFFFFFFFFFFFFFFFFFFFFFFFF
310
FFFFFFFFFFFFFFFFFF00FFFFFFFFFF00FFFFFFFFFFFFFFFFFFFFFFFFFFFFFFFFFFFFFFFFFFFFFFFFFFFF00FFFFFFFFFF00FFFFFFFFFFFFFFFFFFFFFFFFFFFFFFFFFFFFFFFFFFFFFFFFFFFF00FFFFFFFFFF00FFFFFFFFFFFFFFFFFFFFFFFFFFFFFFFFFFFFFFFFFFFFFFFFFFFF00FFFFFFFFFF00FFFFFFFFFFFFFFFFFFFFFFFF
310
FFFFFFFFFFFFFFFFFFFFFFFFFFFF00FFFFFFFFFF00FFFFFFFFFFFFFFFFFFFFFFFFFFFFFFFFFFFFFFFFFFFFFFFFFFFF00FFFFFFFFFF00FFFFFFFFFFFFFFFFFFFFFFFFFFFFFFFFFFFFFFFFFFFFFFFFFFFF00FFFFFFFFFF00FFFFFFFFFFFFFFFFFFFFFFFFFFFFFFFFFFFFFFFFFFFFFFFFFFFF00FFFFFF00FFFFFFFFFFFFFFFFFF
310
FFFFFFFFFFFFFFFFFFFFFFFFFFFFFFFFFFFFFF00FF00FFFFFFFFFFFFFFFFFFFFFFFFFFFFFFFFFFFFFFFFFFFFFFFFFFFFFFFFFFFF00FFFFFF
 70
     0
280
     1
281
     0
  0
BLOCK_RECORD
  5
7DAB
330
1
100
AcDbSymbolTableRecord
100
AcDbBlockTableRecord
  2
_Origin
340
0
310
2800000020000000200000000100080000000000000400000000000000000000000000000000000000000000000080000080000000808000800000008000800080800000C0C0C000C0DCC000F0CAA6000020400000206000002080000020A0000020C0000020E00000400000004020000040400000406000004080000040A0
310
000040C0000040E00000600000006020000060400000606000006080000060A0000060C0000060E00000800000008020000080400000806000008080000080A0000080C0000080E00000A0000000A0200000A0400000A0600000A0800000A0A00000A0C00000A0E00000C0000000C0200000C0400000C0600000C0800000C0
310
A00000C0C00000C0E00000E0000000E0200000E0400000E0600000E0800000E0A00000E0C00000E0E00040000000400020004000400040006000400080004000A0004000C0004000E00040200000402020004020400040206000402080004020A0004020C0004020E000404000004040200040404000404060004040800040
310
40A0004040C0004040E00040600000406020004060400040606000406080004060A0004060C0004060E00040800000408020004080400040806000408080004080A0004080C0004080E00040A0000040A0200040A0400040A0600040A0800040A0A00040A0C00040A0E00040C0000040C0200040C0400040C0600040C08000
310
40C0A00040C0C00040C0E00040E0000040E0200040E0400040E0600040E0800040E0A00040E0C00040E0E00080000000800020008000400080006000800080008000A0008000C0008000E00080200000802020008020400080206000802080008020A0008020C0008020E00080400000804020008040400080406000804080
310
008040A0008040C0008040E00080600000806020008060400080606000806080008060A0008060C0008060E00080800000808020008080400080806000808080008080A0008080C0008080E00080A0000080A0200080A0400080A0600080A0800080A0A00080A0C00080A0E00080C0000080C0200080C0400080C0600080C0
310
800080C0A00080C0C00080C0E00080E0000080E0200080E0400080E0600080E0800080E0A00080E0C00080E0E000C0000000C0002000C0004000C0006000C0008000C000A000C000C000C000E000C0200000C0202000C0204000C0206000C0208000C020A000C020C000C020E000C0400000C0402000C0404000C0406000C0
310
408000C040A000C040C000C040E000C0600000C0602000C0604000C0606000C0608000C060A000C060C000C060E000C0800000C0802000C0804000C0806000C0808000C080A000C080C000C080E000C0A00000C0A02000C0A04000C0A06000C0A08000C0A0A000C0A0C000C0A0E000C0C00000C0C02000C0C04000C0C06000
310
C0C08000C0C0A000F0FBFF00A4A0A000808080000000FF0000FF000000FFFF00FF000000FF00FF00FFFF0000FFFFFF00FFFFFFFFFFFFFFFFFFFFFFFFFFFFFFFFFFFFFFFFFFFFFFFFFFFFFFFFFFFFFFFFFFFFFFFFFFFFFFFFFFFFFFFFFFFFFFFFFFFFFFFFFFFFFFFFFFFFFFFFFFFFFFFFFFFFFFFFFFFFFFFFFFFFFFFFFFFFFF
310
FFFFFFFFFFFFFFFFFFFFFFFFFFFFFFFFFFFFFFFFFFFFFFFFFFFFFFFFFFFFFFFFFFFFFFFFFFFFFFFFFFFFFFFFFFFFFFFFFFFFFFFFFFFFFFFFFFFFFFFFFFFFFFFFFFFFFFFFFFFFFFFFFFFFFFFFFFFFFFFFFFFFFFFFFFFFFFFFFFFFFFFFFFFFFFFFFFFFFFFFFFFFFFFFFFFFFFFFFFFFFFFFFFFFFFFFFFFFFFFFFFFFFFFFFFFFFF
310
FFFFFFFFFF00000000FFFFFFFFFFFFFFFFFFFFFFFFFFFFFFFFFFFFFFFFFFFFFFFF00000000FFFFFFFF0000FFFFFFFFFFFFFFFFFFFFFFFFFFFFFFFFFFFFFFFFFF00FFFFFFFFFFFFFFFFFFFF0000FFFFFFFFFFFFFFFFFFFFFFFFFFFFFFFFFFFF00FFFFFFFFFFFFFFFFFFFFFFFFFF00FFFFFFFFFFFFFFFFFFFFFFFFFFFFFFFFFF
310
00FFFFFFFFFFFFFFFFFFFFFFFFFF00FFFFFFFFFFFFFFFFFFFFFFFFFFFFFFFF00FFFFFFFFFFFFFFFFFFFFFFFFFFFFFF00FFFFFFFFFFFFFFFFFFFFFFFFFFFF00FFFFFFFFFFFFFFFFFFFFFFFFFFFFFFFF00FFFFFFFFFFFFFFFFFFFFFFFFFFFF00FFFFFFFFFFFFFFFFFFFFFFFFFFFFFFFFFF00FFFFFFFFFFFFFFFFFFFFFFFFFF00
310
FFFFFFFFFFFFFFFFFFFFFFFFFFFFFFFFFF00FFFFFFFFFFFFFFFFFFFFFFFFFF00FFFFFFFFFFFFFFFFFFFFFFFFFFFFFFFFFFFF00FFFF0000000000000000000000000000000000000000FFFFFFFFFFFFFFFFFF00FFFFFFFFFFFFFFFFFFFFFFFF00FFFFFFFFFFFFFFFFFFFFFFFFFFFFFFFFFFFF00FFFFFFFFFFFFFFFFFFFFFFFF
310
00FFFFFFFFFFFFFFFFFFFFFFFFFFFFFFFFFF00FFFFFFFFFFFFFFFFFFFFFFFFFF00FFFFFFFFFFFFFFFFFFFFFFFFFFFFFFFFFF00FFFFFFFFFFFFFFFFFFFFFFFFFFFF00FFFFFFFFFFFFFFFFFFFFFFFFFFFFFF00FFFFFFFFFFFFFFFFFFFFFFFFFFFFFFFF00FFFFFFFFFFFFFFFFFFFFFFFFFFFF00FFFFFFFFFFFFFFFFFFFFFFFFFF
310
FFFFFF00FFFFFFFFFFFFFFFFFFFFFFFFFF00FFFFFFFFFFFFFFFFFFFFFFFFFFFFFFFFFFFF00FFFFFFFFFFFFFFFFFFFF0000FFFFFFFFFFFFFFFFFFFFFFFFFFFFFFFFFFFFFFFF00000000FFFFFFFF0000FFFFFFFFFFFFFFFFFFFFFFFFFFFFFFFFFFFFFFFFFFFFFFFFFFFF00000000FFFFFFFFFFFFFFFFFFFFFFFFFFFFFFFFFFFF
310
FFFFFFFFFFFFFFFFFFFFFFFFFFFFFFFFFFFFFFFFFFFFFFFFFFFFFFFFFFFFFFFFFFFFFFFFFFFFFFFFFFFFFFFFFFFFFFFFFFFFFFFFFFFFFFFFFFFFFFFFFFFFFFFFFFFFFFFFFFFFFFFFFFFFFFFFFFFFFFFFFFFFFFFFFFFFFFFFFFFFFFFFFFFFFFFFFFFFFFFFFFFFFFFFFFFFFFFFFFFFFFFFFFFFFFFFFFFFFFFFFFFFFFFFFFFFFF
310
FFFFFFFFFFFFFFFFFFFFFFFFFFFFFFFFFFFFFFFFFFFFFFFFFFFFFFFFFFFFFFFFFFFFFFFFFFFFFFFFFFFFFFFFFFFFFFFFFFFFFFFFFFFFFFFF
 70
     0
280
     1
281
     0
  0
BLOCK_RECORD
  5
105AB
330
1
100
AcDbSymbolTableRecord
100
AcDbBlockTableRecord
  2
SLD_NOTES
340
0
310
2800000020000000200000000100080000000000000400003E0000003D000000000000000000000000000000000080000080000000808000800000008000800080800000C0C0C000C0DCC000F0CAA6000020400000206000002080000020A0000020C0000020E00000400000004020000040400000406000004080000040A0
310
000040C0000040E00000600000006020000060400000606000006080000060A0000060C0000060E00000800000008020000080400000806000008080000080A0000080C0000080E00000A0000000A0200000A0400000A0600000A0800000A0A00000A0C00000A0E00000C0000000C0200000C0400000C0600000C0800000C0
310
A00000C0C00000C0E00000E0000000E0200000E0400000E0600000E0800000E0A00000E0C00000E0E00040000000400020004000400040006000400080004000A0004000C0004000E00040200000402020004020400040206000402080004020A0004020C0004020E000404000004040200040404000404060004040800040
310
40A0004040C0004040E00040600000406020004060400040606000406080004060A0004060C0004060E00040800000408020004080400040806000408080004080A0004080C0004080E00040A0000040A0200040A0400040A0600040A0800040A0A00040A0C00040A0E00040C0000040C0200040C0400040C0600040C08000
310
40C0A00040C0C00040C0E00040E0000040E0200040E0400040E0600040E0800040E0A00040E0C00040E0E00080000000800020008000400080006000800080008000A0008000C0008000E00080200000802020008020400080206000802080008020A0008020C0008020E00080400000804020008040400080406000804080
310
008040A0008040C0008040E00080600000806020008060400080606000806080008060A0008060C0008060E00080800000808020008080400080806000808080008080A0008080C0008080E00080A0000080A0200080A0400080A0600080A0800080A0A00080A0C00080A0E00080C0000080C0200080C0400080C0600080C0
310
800080C0A00080C0C00080C0E00080E0000080E0200080E0400080E0600080E0800080E0A00080E0C00080E0E000C0000000C0002000C0004000C0006000C0008000C000A000C000C000C000E000C0200000C0202000C0204000C0206000C0208000C020A000C020C000C020E000C0400000C0402000C0404000C0406000C0
310
408000C040A000C040C000C040E000C0600000C0602000C0604000C0606000C0608000C060A000C060C000C060E000C0800000C0802000C0804000C0806000C0808000C080A000C080C000C080E000C0A00000C0A02000C0A04000C0A06000C0A08000C0A0A000C0A0C000C0A0E000C0C00000C0C02000C0C04000C0C06000
310
C0C08000C0C0A000F0FBFF00A4A0A000808080000000FF0000FF000000FFFF00FF000000FF00FF00FFFF0000FFFFFF000090FF1500FF6F000000D8FFFFFFFFFF2600000000150000009002F60AD8FFFF0090022600FF6F00009000FFFFF6E4FFFF6F0000D86F0000000000BC00FF27000002FFFFFFFFFFFFFFFFFFFFFFFFF7
310
00FF6F000090B70000000000E0F60015000002FFFFFFFFFFFFFFFFFFFFFFFFFFFFFFFFFFFFFFFFFFFFFFFFFFFFFFFFFFFF00FEFFFFFFFFFFFFFFFFFFFFFFFFFFFFFFFFFFFFFFFFFFFFFFFFFFFFFFFFFFFF00B9FFFFFFFFFFFFFFFFFFFFFFFFFFFFFFFFFFFFFFFFFFFFFFFFFFFFFFFFFFFF0000FFFFFFFFFFFFFFFFFFFFFFFF
310
FFFFFFFFFFFFFFFFFFFFFFFFFFFFFFFFFFFF0000FFFFFFFFFFFFFFFFFFFFFFFFFFFFFFFFFFFFFFFFFFFFFFFFFFFFFFFFFFFF00BCFFFFFFFFFFFFFFFFFFFFFFFFFFFFFFFFFFFFFFFFFFFFFFFFFFFFFFFFFFFF00B9FFFFFFFFFFFFFFFFFFFFFFFFFFFFFFFFFFFFFFFFFFFFFFFFFFFFFFFFFFFF0000FFFFFFFFFFFFFFFFFFFFFF
310
FFFFFFFFFFFFFFFFFFFFFFFFFFFFFFFFFFFFFF00F1FFFFFFFFFFFFFFFFFFFFFFFFFFFFFFFFFFFFFFFFFFFFFFFFFFFFFFFFFFFF00F2FFFFFFFFFFFFFFFFFFFFFFFFFFFFFFFFFFFFFFFFFFFFFFFFFFFFFFFFFFFF00FFFFFFFFFFFFFFFFFFFFFFFFFFFFFFFFFFFFFFFFFFFFFFFFFFFFFFFFFFFFFF00F8FFFFFFFFFFFFFFFFFFFF
310
FFFFFFFFFFFFFFFFFFFFFFFFFFFFFFFFFFFFFFFF00BBFFFFFFFFFFFFFFFFFFFFFFFFFFFFFFFFFFFFFFFFFFFFFFFFFFFFFFFFFFFF00FEFFFFFFFFFFFFFFFFFFFFFFFFFFFFFFFFFFFFFFFFFFFFFFFFFFFFFFFFFFFF04FFFFFFFFFFFFFFFFFFFFFFFFFFFFFFFFFFFFFFFFFFFFFFFFFFFFFFFFFFFFFF0098FFFFFFFFFFFFFFFFFF
310
FFFFFFFFFFFFFFFFFFFFFFFFFFFFFFFFFFFFFFFFFF00C0FFFFFFFFFFFFFFFFFFFFFFFFFFFFFFFFFFFFFFFFFFFFFFFFFFFFFFFFFFFF000400FFFFFFFFFFFFFFFFFFFFFFFFFFFFFFFFFFFFFFFFFFFFFFFFFFFFFFFFFF004000FFFFFFFFFFFFFFFFFFFFFFFFFFFFFFFFFFFFFFFFFFFFFFFFFFFFFFFFFF00D0FFFFF6FFFFFFFFBF
310
FFFFFFFFFFFF6F0004FFFFF6ECFFF61590FF6F0400260004FFFFF600FFFFFFFFFFFFF6FFFFFF150000FFFFBF02FFF61590FF6F0400260400FFFFFFFFFFFFFFFFFFFF2600FFFFFFFFFFFFFFFFFFFFF6150402BF0400260004FFFFFFFFFF160000FFF61500000000000000000000000000000000000000004002FFFFFFFF1600
310
00FFF60A000000000000000000000000000000000000000040BDFFFFF6F6160000FFFFBF000000000000000000000000000000000000000040BDFFFFFFF61590FFFFF615000000000000000000000000000000000000000004FFFFFFFFFFFFFFFFFFF60A000000000000000000000000000000000000000000000000000000
310
0000000000000000000000000000000000000000000000000000000000000000000000000000000000000000000000000000000000000000
102
{BLKREFS
331
105C3
102
}
 70
     4
280
     1
281
     0
1001
AcDbDynamicBlockGUID
1000
{BA71F434-E297-4E4D-9CF3-E03B72B387E7}
  0
BLOCK_RECORD
  5
10A02
330
1
100
AcDbSymbolTableRecord
100
AcDbBlockTableRecord
  2
FUSE
340
0
310
2800000020000000200000000100080000000000000400000000000000000000000000000000000000000000000080000080000000808000800000008000800080800000C0C0C000C0DCC000F0CAA6000020400000206000002080000020A0000020C0000020E00000400000004020000040400000406000004080000040A0
310
000040C0000040E00000600000006020000060400000606000006080000060A0000060C0000060E00000800000008020000080400000806000008080000080A0000080C0000080E00000A0000000A0200000A0400000A0600000A0800000A0A00000A0C00000A0E00000C0000000C0200000C0400000C0600000C0800000C0
310
A00000C0C00000C0E00000E0000000E0200000E0400000E0600000E0800000E0A00000E0C00000E0E00040000000400020004000400040006000400080004000A0004000C0004000E00040200000402020004020400040206000402080004020A0004020C0004020E000404000004040200040404000404060004040800040
310
40A0004040C0004040E00040600000406020004060400040606000406080004060A0004060C0004060E00040800000408020004080400040806000408080004080A0004080C0004080E00040A0000040A0200040A0400040A0600040A0800040A0A00040A0C00040A0E00040C0000040C0200040C0400040C0600040C08000
310
40C0A00040C0C00040C0E00040E0000040E0200040E0400040E0600040E0800040E0A00040E0C00040E0E00080000000800020008000400080006000800080008000A0008000C0008000E00080200000802020008020400080206000802080008020A0008020C0008020E00080400000804020008040400080406000804080
310
008040A0008040C0008040E00080600000806020008060400080606000806080008060A0008060C0008060E00080800000808020008080400080806000808080008080A0008080C0008080E00080A0000080A0200080A0400080A0600080A0800080A0A00080A0C00080A0E00080C0000080C0200080C0400080C0600080C0
310
800080C0A00080C0C00080C0E00080E0000080E0200080E0400080E0600080E0800080E0A00080E0C00080E0E000C0000000C0002000C0004000C0006000C0008000C000A000C000C000C000E000C0200000C0202000C0204000C0206000C0208000C020A000C020C000C020E000C0400000C0402000C0404000C0406000C0
310
408000C040A000C040C000C040E000C0600000C0602000C0604000C0606000C0608000C060A000C060C000C060E000C0800000C0802000C0804000C0806000C0808000C080A000C080C000C080E000C0A00000C0A02000C0A04000C0A06000C0A08000C0A0A000C0A0C000C0A0E000C0C00000C0C02000C0C04000C0C06000
310
C0C08000C0C0A000F0FBFF00A4A0A000808080000000FF0000FF000000FFFF00FF000000FF00FF00FFFF0000FFFFFF0000000000000000000000000000000000000000000000000000000000000000000000000000000000000000000000000000000000000000000000000000000000000000000000000000000000000000
310
00000000000000000000000000000000000000000000000000000000000000000000000000000000000000000000000000000000000000000000000000000000000000000000000000000000000000000000000000000000000000000000000000000000000000000000000000000000000000000000000000000000000000
310
00000000000000000000000000000000000000000000000000000000000000000000000000000000000000000000000000000000000000000000000000000000000000000000000000000000000000000000000000000000000000000000000000000000000000000000000000000000000000000000000000000000000000
310
00000000000000000000000000000000000000000000000000000000000000000000000000000000000000000000000000000000FFFFFFFFFFFFFFFFFFFFFFFFFFFFFFFFFFFFFFFFFFFFFFFFFFFFFFFFFFFFFF00FF00000000FFFFFFFFFFFFFFFFFFFFFFFFFFFFFFFFFFFFFFFFFF00000000FF00FF00000000FF0000000000
310
000000FFFF000000000000000000FF00000000FF00FF00000000FF0000000000000000FFFF000000000000000000FF00000000FF00FF00000000FF0000000000000000FFFFFF0000000000000000FF00000000FF00FFFFFFFFFFFFFFFFFFFFFFFFFFFFFFFFFFFFFFFFFFFFFFFFFFFFFFFFFFFFFF00FFFFFFFFFFFFFFFFFFFF
310
FFFFFFFFFFFFFFFFFFFFFFFFFFFFFFFFFFFFFFFF0000000000000000000000000000000000000000000000000000000000000000000000000000000000000000000000000000000000000000000000000000000000000000000000000000000000000000000000000000000000000000000000000000000000000000000000
310
00000000000000000000000000000000000000000000000000000000000000000000000000000000000000000000000000000000000000000000000000000000000000000000000000000000000000000000000000000000000000000000000000000000000000000000000000000000000000000000000000000000000000
310
00000000000000000000000000000000000000000000000000000000000000000000000000000000000000000000000000000000000000000000000000000000000000000000000000000000000000000000000000000000000000000000000000000000000000000000000000000000000000000000000000000000000000
310
0000000000000000000000000000000000000000000000000000000000000000000000000000000000000000000000000000000000000000
102
{BLKREFS
331
10A0B
102
}
 70
     4
280
     1
281
     0
  0
BLOCK_RECORD
  5
10A1F
330
1
100
AcDbSymbolTableRecord
100
AcDbBlockTableRecord
  2
Male
340
0
310
2800000020000000200000000100080000000000000400000000010020000000000000000000000000000000000080000080000000808000800000008000800080800000C0C0C000C0DCC000F0CAA6000020400000206000002080000020A0000020C0000020E00000400000004020000040400000406000004080000040A0
310
000040C0000040E00000600000006020000060400000606000006080000060A0000060C0000060E00000800000008020000080400000806000008080000080A0000080C0000080E00000A0000000A0200000A0400000A0600000A0800000A0A00000A0C00000A0E00000C0000000C0200000C0400000C0600000C0800000C0
310
A00000C0C00000C0E00000E0000000E0200000E0400000E0600000E0800000E0A00000E0C00000E0E00040000000400020004000400040006000400080004000A0004000C0004000E00040200000402020004020400040206000402080004020A0004020C0004020E000404000004040200040404000404060004040800040
310
40A0004040C0004040E00040600000406020004060400040606000406080004060A0004060C0004060E00040800000408020004080400040806000408080004080A0004080C0004080E00040A0000040A0200040A0400040A0600040A0800040A0A00040A0C00040A0E00040C0000040C0200040C0400040C0600040C08000
310
40C0A00040C0C00040C0E00040E0000040E0200040E0400040E0600040E0800040E0A00040E0C00040E0E00080000000800020008000400080006000800080008000A0008000C0008000E00080200000802020008020400080206000802080008020A0008020C0008020E00080400000804020008040400080406000804080
310
008040A0008040C0008040E00080600000806020008060400080606000806080008060A0008060C0008060E00080800000808020008080400080806000808080008080A0008080C0008080E00080A0000080A0200080A0400080A0600080A0800080A0A00080A0C00080A0E00080C0000080C0200080C0400080C0600080C0
310
800080C0A00080C0C00080C0E00080E0000080E0200080E0400080E0600080E0800080E0A00080E0C00080E0E000C0000000C0002000C0004000C0006000C0008000C000A000C000C000C000E000C0200000C0202000C0204000C0206000C0208000C020A000C020C000C020E000C0400000C0402000C0404000C0406000C0
310
408000C040A000C040C000C040E000C0600000C0602000C0604000C0606000C0608000C060A000C060C000C060E000C0800000C0802000C0804000C0806000C0808000C080A000C080C000C080E000C0A00000C0A02000C0A04000C0A06000C0A08000C0A0A000C0A0C000C0A0E000C0C00000C0C02000C0C04000C0C06000
310
C0C08000C0C0A000F0FBFF00A4A0A000808080000000FF0000FF000000FFFF00FF000000FF00FF00FFFF0000FFFFFF0000000000000000000000000000000000000000000000000000000000000000000000000000000000000000000000000000000000000000000000000000000000000000000000000000000000000000
310
00000000000000000000000000000000000000000000000000000000000000000000000000000000000000000000000000000000000000000000000000000000000000000000000000000000000000000000000000000000000000000000000000000000000000000000000000000000000000000000000000000000000000
310
00000000000000000000000000000000000000000000000000000000000000000000000000000000000000000000000000000000000000000000000000000000000000000000000000000000000000000000000000000000000000000000000000000000000000000000000000000000000000000000000000000000000000
310
00000000000000000000000000000000FFFF0000FF00FFFFFFFFFFFFFFFFFFFFFFFFFFFFFFFFFFFFFFFF000000FFFFFFFFFF000000FF070000000000000007FFFFFFFFFFFFFFFFFFFFFF000000FFFFFFFF000000FF00070000000000000007FFFFFFFFFFFFFFFFFFFFFFFFFFFFFFFFFFFFFFFF00FF000700000000000000FF
310
FFFFFFFF00FFFFFFFFFFFFFFFFFFFFFFFFFFFFFF00FF000700000000000000FFFFFFFFFF00FFFF0000FFFFFFFFFFFFFFFFFFFFFF00FF000700000000000000FF07FFFFFF00FFFF0000FFFFFFFFFFFFFFFFFFFFFF00FF000700000000000000FF07FF00FF00FFFFFFFFFFFFFFFFFFFFFFFFFFFF0000FF000700000000000000
310
FF07FF00FFFFFFFF00FFFFFFFFFFFFFFFFFFFFFF0000FF000700000000000000FFFF00FFFFFFFFFFFFFFFFFF000000FFFFFFFFFF000000FF07FFFFFFFFFFFFFF00FFFFFFFFFFFFFFFFFFFFFF000000FFFFFFFFFF00000000000000000000000000000000000000000000000000000000000000000000000000000000000000
310
00000000000000000000000000000000000000000000000000000000000000000000000000000000000000000000000000000000000000000000000000000000000000000000000000000000000000000000000000000000000000000000000000000000000000000000000000000000000000000000000000000000000000
310
00000000000000000000000000000000000000000000000000000000000000000000000000000000000000000000000000000000000000000000000000000000000000000000000000000000000000000000000000000000000000000000000000000000000000000000000000000000000000000000000000000000000000
310
0000000000000000000000000000000000000000000000000000000000000000000000000000000000000000000000000000000000000000
102
{BLKREFS
331
10A2A
102
}
 70
     4
280
     1
281
     0
  0
BLOCK_RECORD
  5
10A2B
102
{ACAD_XDICTIONARY
360
10A34
102
}
330
1
100
AcDbSymbolTableRecord
100
AcDbBlockTableRecord
  2
zw$EC05
340
0
 70
     4
280
     1
281
     0
  0
BLOCK_RECORD
  5
10A38
102
{ACAD_XDICTIONARY
360
10A43
102
}
330
1
100
AcDbSymbolTableRecord
100
AcDbBlockTableRecord
  2
zw$11ED
340
0
 70
     4
280
     1
281
     0
  0
BLOCK_RECORD
  5
10A5A
330
1
100
AcDbSymbolTableRecord
100
AcDbBlockTableRecord
  2
ENG
340
0
310
280000002000000020000000010008000000000000040000741266631C889240000000000000000000000000000080000080000000808000800000008000800080800000C0C0C000C0DCC000F0CAA6000020400000206000002080000020A0000020C0000020E00000400000004020000040400000406000004080000040A0
310
000040C0000040E00000600000006020000060400000606000006080000060A0000060C0000060E00000800000008020000080400000806000008080000080A0000080C0000080E00000A0000000A0200000A0400000A0600000A0800000A0A00000A0C00000A0E00000C0000000C0200000C0400000C0600000C0800000C0
310
A00000C0C00000C0E00000E0000000E0200000E0400000E0600000E0800000E0A00000E0C00000E0E00040000000400020004000400040006000400080004000A0004000C0004000E00040200000402020004020400040206000402080004020A0004020C0004020E000404000004040200040404000404060004040800040
310
40A0004040C0004040E00040600000406020004060400040606000406080004060A0004060C0004060E00040800000408020004080400040806000408080004080A0004080C0004080E00040A0000040A0200040A0400040A0600040A0800040A0A00040A0C00040A0E00040C0000040C0200040C0400040C0600040C08000
310
40C0A00040C0C00040C0E00040E0000040E0200040E0400040E0600040E0800040E0A00040E0C00040E0E00080000000800020008000400080006000800080008000A0008000C0008000E00080200000802020008020400080206000802080008020A0008020C0008020E00080400000804020008040400080406000804080
310
008040A0008040C0008040E00080600000806020008060400080606000806080008060A0008060C0008060E00080800000808020008080400080806000808080008080A0008080C0008080E00080A0000080A0200080A0400080A0600080A0800080A0A00080A0C00080A0E00080C0000080C0200080C0400080C0600080C0
310
800080C0A00080C0C00080C0E00080E0000080E0200080E0400080E0600080E0800080E0A00080E0C00080E0E000C0000000C0002000C0004000C0006000C0008000C000A000C000C000C000E000C0200000C0202000C0204000C0206000C0208000C020A000C020C000C020E000C0400000C0402000C0404000C0406000C0
310
408000C040A000C040C000C040E000C0600000C0602000C0604000C0606000C0608000C060A000C060C000C060E000C0800000C0802000C0804000C0806000C0808000C080A000C080C000C080E000C0A00000C0A02000C0A04000C0A06000C0A08000C0A0A000C0A0C000C0A0E000C0C00000C0C02000C0C04000C0C06000
310
C0C08000C0C0A000F0FBFF00A4A0A000808080000000FF0000FF000000FFFF00FF000000FF00FF00FFFF0000FFFFFF000000000000000000000000000000FF0000FFFF00000000000000000000000000000000000000000000000000FFFFFFFFFFFFFFFFFF0000000000000000000000000000000000000000000000FFFFFF
310
FFFFFFFFFFFF0000000000000000000000000000000000000000000000FFFFFFFF00FFFFFFFF0000000000000000000000000000000000000000000000000000FFFFFF0000000000000000000000000000000000000000000000000000000000FF00FF00000000000000000000000000000000000000000000000000000000
310
00FFFFFF000000000000000000000000000000000000000000000000000000000000FF00000000000000000000000000000000000000000000000000000000000000FF00000000000000000000000000000000000000000000000000000000000000FF00000000000000000000000000000000000000000000000000000000
310
000000FF00000000000000000000000000000000000000000000000000000000000000FF00000000000000000000000000000000000000000000000000000000000000FF00000000000000000000000000000000000000000000000000000000000000FF000000000000000000000000000000000000000000000000000000
310
00000000FF00000000000000000000000000000000000000000000000000000000000000FF00000000000000000000000000000000000000000000000000000000000000FF00000000000000000000000000000000000000000000000000000000000000FF0000000000000000000000000000000000000000000000000000
310
0000000000FF00000000000000000000000000000000000000000000000000000000000000FF00000000000000000000000000000000000000000000000000000000000000FF000000000000000000000000000000000000000000000000000000000000FF07FF000000000000000000000000000000000000000000000000
310
0000000000FF00FF00000000000000000000000000000000000000000000000000000000000707070000000000000000000000000000000000000000000000000000000000FF07FF0000000000000000000000000000000000000000000000000000000000FF07FF0000000000000000000000000000000000000000000000
310
000000000000FFFFFF0000000000000000000000000000000000000000000000000000000000FFFFFF0000000000000000000000000000000000000000000000000000000000FFFFFF0000000000000000000000000000000000000000000000000000000000FFFFFFFF000000000000000000000000000000000000000000
310
00000000000000FFFFFFFF000000000000000000000000000000000000000000000000000000000000000000000000000000000000000000
102
{BLKREFS
331
10A67
102
}
 70
     4
280
     1
281
     0
  0
BLOCK_RECORD
  5
10A7A
330
1
100
AcDbSymbolTableRecord
100
AcDbBlockTableRecord
  2
Femal
340
0
310
2800000020000000200000000100080000000000000400000000000000000000000000000000000000000000000080000080000000808000800000008000800080800000C0C0C000C0DCC000F0CAA6000020400000206000002080000020A0000020C0000020E00000400000004020000040400000406000004080000040A0
310
000040C0000040E00000600000006020000060400000606000006080000060A0000060C0000060E00000800000008020000080400000806000008080000080A0000080C0000080E00000A0000000A0200000A0400000A0600000A0800000A0A00000A0C00000A0E00000C0000000C0200000C0400000C0600000C0800000C0
310
A00000C0C00000C0E00000E0000000E0200000E0400000E0600000E0800000E0A00000E0C00000E0E00040000000400020004000400040006000400080004000A0004000C0004000E00040200000402020004020400040206000402080004020A0004020C0004020E000404000004040200040404000404060004040800040
310
40A0004040C0004040E00040600000406020004060400040606000406080004060A0004060C0004060E00040800000408020004080400040806000408080004080A0004080C0004080E00040A0000040A0200040A0400040A0600040A0800040A0A00040A0C00040A0E00040C0000040C0200040C0400040C0600040C08000
310
40C0A00040C0C00040C0E00040E0000040E0200040E0400040E0600040E0800040E0A00040E0C00040E0E00080000000800020008000400080006000800080008000A0008000C0008000E00080200000802020008020400080206000802080008020A0008020C0008020E00080400000804020008040400080406000804080
310
008040A0008040C0008040E00080600000806020008060400080606000806080008060A0008060C0008060E00080800000808020008080400080806000808080008080A0008080C0008080E00080A0000080A0200080A0400080A0600080A0800080A0A00080A0C00080A0E00080C0000080C0200080C0400080C0600080C0
310
800080C0A00080C0C00080C0E00080E0000080E0200080E0400080E0600080E0800080E0A00080E0C00080E0E000C0000000C0002000C0004000C0006000C0008000C000A000C000C000C000E000C0200000C0202000C0204000C0206000C0208000C020A000C020C000C020E000C0400000C0402000C0404000C0406000C0
310
408000C040A000C040C000C040E000C0600000C0602000C0604000C0606000C0608000C060A000C060C000C060E000C0800000C0802000C0804000C0806000C0808000C080A000C080C000C080E000C0A00000C0A02000C0A04000C0A06000C0A08000C0A0A000C0A0C000C0A0E000C0C00000C0C02000C0C04000C0C06000
310
C0C08000C0C0A000F0FBFF00A4A0A000808080000000FF0000FF000000FFFF00FF000000FF00FF00FFFF0000FFFFFF0000000000000000000000000000000000000000000000000000000000000000000000000000000000000000000000000000000000000000000000000000000000000000000000000000000000000000
310
00000000000000000000000000000000000000000000000000000000000000000000000000000000000000000000000000000000000000000000000000000000000000000000000000000000000000000000000000000000000000000000000000000000000000000000000000000000000000000000000000000000000000
310
0000000000000000000000000000000000000000000000000000000000000000000000000000000000000000000000000000000000000000000000000000000000000000000000000000000000000000000000000000000000000000000000000000000000000000000000000000000000000000FF0000000000000000FFFF
310
FF00FFFFFFFFFFFFFF00FFFFFFFFFFFFFF00000000FFFFFFFFFFFFFF0000FFFFFFFFFFFFFFFFFF0007FF00000000000007FFFF0000FFFFFFFFFFFFFFFFFFFFFFFFFFFFFFFFFFFFFF07070000000000000700FF00FFFFFFFFFFFFFFFFFFFFFFFF07FFFFFF00FFFFFF07070000000000000700FF00FFFFFF00FF000000000000
310
0007FFFFFF00FFFFFF07070000000000000700FF00FFFFFFFFFF0000000000000007FFFFFF00FFFFFF07FF0000000000000700FF00FFFFFFFFFFFFFFFFFFFFFFFFFFFFFFFFFFFFFFFF07FF0000000000000700FF00FFFFFFFFFFFFFFFFFFFFFFFFFFFFFFFFFFFFFFFFFFFF000000000000FF00FF0000FFFF00000000000000
310
FFFFFF00FFFFFFFFFFFFFFFFFFFFFFFFFFFFFFFF000000FFFF000000000000000000000000000000000000000000000000000000000000FFFF00000000000000000000000000000000000000000000000000000000000000000000000000000000000000000000000000000000000000000000000000000000000000000000
310
00000000000000000000000000000000000000000000000000000000000000000000000000000000000000000000000000000000000000000000000000000000000000000000000000000000000000000000000000000000000000000000000000000000000000000000000000000000000000000000000000000000000000
310
00000000000000000000000000000000000000000000000000000000000000000000000000000000000000000000000000000000000000000000000000000000000000000000000000000000000000000000000000000000000000000000000000000000000000000000000000000000000000000000000000000000000000
310
0000000000000000000000000000000000000000000000000000000000000000000000000000000000000000000000000000000000000000
102
{BLKREFS
331
10A86
102
}
 70
     4
280
     1
281
     0
1001
AcDbDynamicBlockGUID
1000
{C6B92E8F-023C-47E3-BB5D-91DBC87162A6}
  0
BLOCK_RECORD
  5
10A83
330
1
100
AcDbSymbolTableRecord
100
AcDbBlockTableRecord
  2
Fmale
340
0
310
2800000020000000200000000100080000000000000400007200730069006F00000000000000000000000000000080000080000000808000800000008000800080800000C0C0C000C0DCC000F0CAA6000020400000206000002080000020A0000020C0000020E00000400000004020000040400000406000004080000040A0
310
000040C0000040E00000600000006020000060400000606000006080000060A0000060C0000060E00000800000008020000080400000806000008080000080A0000080C0000080E00000A0000000A0200000A0400000A0600000A0800000A0A00000A0C00000A0E00000C0000000C0200000C0400000C0600000C0800000C0
310
A00000C0C00000C0E00000E0000000E0200000E0400000E0600000E0800000E0A00000E0C00000E0E00040000000400020004000400040006000400080004000A0004000C0004000E00040200000402020004020400040206000402080004020A0004020C0004020E000404000004040200040404000404060004040800040
310
40A0004040C0004040E00040600000406020004060400040606000406080004060A0004060C0004060E00040800000408020004080400040806000408080004080A0004080C0004080E00040A0000040A0200040A0400040A0600040A0800040A0A00040A0C00040A0E00040C0000040C0200040C0400040C0600040C08000
310
40C0A00040C0C00040C0E00040E0000040E0200040E0400040E0600040E0800040E0A00040E0C00040E0E00080000000800020008000400080006000800080008000A0008000C0008000E00080200000802020008020400080206000802080008020A0008020C0008020E00080400000804020008040400080406000804080
310
008040A0008040C0008040E00080600000806020008060400080606000806080008060A0008060C0008060E00080800000808020008080400080806000808080008080A0008080C0008080E00080A0000080A0200080A0400080A0600080A0800080A0A00080A0C00080A0E00080C0000080C0200080C0400080C0600080C0
310
800080C0A00080C0C00080C0E00080E0000080E0200080E0400080E0600080E0800080E0A00080E0C00080E0E000C0000000C0002000C0004000C0006000C0008000C000A000C000C000C000E000C0200000C0202000C0204000C0206000C0208000C020A000C020C000C020E000C0400000C0402000C0404000C0406000C0
310
408000C040A000C040C000C040E000C0600000C0602000C0604000C0606000C0608000C060A000C060C000C060E000C0800000C0802000C0804000C0806000C0808000C080A000C080C000C080E000C0A00000C0A02000C0A04000C0A06000C0A08000C0A0A000C0A0C000C0A0E000C0C00000C0C02000C0C04000C0C06000
310
C0C08000C0C0A000F0FBFF00A4A0A000808080000000FF0000FF000000FFFF00FF000000FF00FF00FFFF0000FFFFFF0000000000000000000000000000000000000000000000000000000000000000000000000000000000000000000000000000000000000000000000000000000000000000000000000000000000000000
310
00000000000000000000000000000000000000000000000000000000000000000000000000000000000000000000000000000000000000000000000000000000000000000000000000000000000000000000000000000000000000000000000000000000000000000000000000000000000000000000000000000000000000
310
0000000000000000000000000000000000000000000000000000000000000000000000000000000000000000000000000000000000000000000000000000000000000000000000000000000000000000000000000000000000000000000000000000000000000000000000000000000000000000FF0000000000000000FFFF
310
FF00FFFFFFFFFFFFFF00FFFFFFFFFFFFFF00000000FFFFFFFFFFFFFF0000FFFFFFFFFFFFFFFFFF0007FF00000000000007FFFF0000FFFFFFFFFFFFFFFFFFFFFFFFFFFFFFFFFFFFFF07070000000000000700FF00FFFFFFFFFFFFFFFFFFFFFFFF07FFFFFF00FFFFFF07070000000000000700FF00FFFFFF00FF000000000000
310
0007FFFFFF00FFFFFF07070000000000000700FF00FFFFFFFFFF0000000000000007FFFFFF00FFFFFF07FF0000000000000700FF00FFFFFFFFFFFFFFFFFFFFFFFFFFFFFFFFFFFFFFFF07FF0000000000000700FF00FFFFFFFFFFFFFFFFFFFFFFFFFFFFFFFFFFFFFFFFFFFF000000000000FF00FF0000FFFF00000000000000
310
FFFFFF00FFFFFFFFFFFFFFFFFFFFFFFFFFFFFFFF000000FFFF000000000000000000000000000000000000000000000000000000000000FFFF00000000000000000000000000000000000000000000000000000000000000000000000000000000000000000000000000000000000000000000000000000000000000000000
310
00000000000000000000000000000000000000000000000000000000000000000000000000000000000000000000000000000000000000000000000000000000000000000000000000000000000000000000000000000000000000000000000000000000000000000000000000000000000000000000000000000000000000
310
00000000000000000000000000000000000000000000000000000000000000000000000000000000000000000000000000000000000000000000000000000000000000000000000000000000000000000000000000000000000000000000000000000000000000000000000000000000000000000000000000000000000000
310
0000000000000000000000000000000000000000000000000000000000000000000000000000000000000000000000000000000000000000
102
{BLKREFS
331
10A87
331
10AB3
331
10B94
102
}
 70
     4
280
     1
281
     0
  0
BLOCK_RECORD
  5
10B28
330
1
100
AcDbSymbolTableRecord
100
AcDbBlockTableRecord
  2
POS
340
0
310
2800000020000000200000000100080000000000000400007200730069006F00000000000000000000000000000080000080000000808000800000008000800080800000C0C0C000C0DCC000F0CAA6000020400000206000002080000020A0000020C0000020E00000400000004020000040400000406000004080000040A0
310
000040C0000040E00000600000006020000060400000606000006080000060A0000060C0000060E00000800000008020000080400000806000008080000080A0000080C0000080E00000A0000000A0200000A0400000A0600000A0800000A0A00000A0C00000A0E00000C0000000C0200000C0400000C0600000C0800000C0
310
A00000C0C00000C0E00000E0000000E0200000E0400000E0600000E0800000E0A00000E0C00000E0E00040000000400020004000400040006000400080004000A0004000C0004000E00040200000402020004020400040206000402080004020A0004020C0004020E000404000004040200040404000404060004040800040
310
40A0004040C0004040E00040600000406020004060400040606000406080004060A0004060C0004060E00040800000408020004080400040806000408080004080A0004080C0004080E00040A0000040A0200040A0400040A0600040A0800040A0A00040A0C00040A0E00040C0000040C0200040C0400040C0600040C08000
310
40C0A00040C0C00040C0E00040E0000040E0200040E0400040E0600040E0800040E0A00040E0C00040E0E00080000000800020008000400080006000800080008000A0008000C0008000E00080200000802020008020400080206000802080008020A0008020C0008020E00080400000804020008040400080406000804080
310
008040A0008040C0008040E00080600000806020008060400080606000806080008060A0008060C0008060E00080800000808020008080400080806000808080008080A0008080C0008080E00080A0000080A0200080A0400080A0600080A0800080A0A00080A0C00080A0E00080C0000080C0200080C0400080C0600080C0
310
800080C0A00080C0C00080C0E00080E0000080E0200080E0400080E0600080E0800080E0A00080E0C00080E0E000C0000000C0002000C0004000C0006000C0008000C000A000C000C000C000E000C0200000C0202000C0204000C0206000C0208000C020A000C020C000C020E000C0400000C0402000C0404000C0406000C0
310
408000C040A000C040C000C040E000C0600000C0602000C0604000C0606000C0608000C060A000C060C000C060E000C0800000C0802000C0804000C0806000C0808000C080A000C080C000C080E000C0A00000C0A02000C0A04000C0A06000C0A08000C0A0A000C0A0C000C0A0E000C0C00000C0C02000C0C04000C0C06000
310
C0C08000C0C0A000F0FBFF00A4A0A000808080000000FF0000FF000000FFFF00FF000000FF00FF00FFFF0000FFFFFF000000000000000000000000000000FFFF00FFFF00000000000000000000000000000000000000000000000000FFFFFFFFFFFFFFFFFF0000000000000000000000000000000000000000000000FFFFFF
310
FFFFFFFFFFFF0000000000000000000000000000000000000000000000000000FFFFFF0000000000000000000000000000000000000000000000000000000000FFFFFF0000000000000000000000000000000000000000000000000000000000FFFFFF00000000000000000000000000000000000000000000000000000000
310
0000F900000000000000000000000000000000000000000000000000000000000000F900000000000000000000000000000000000000000000000000000000000000F900000000000000000000000000000000000000000000000000000000000000F900000000000000000000000000000000000000000000000000000000
310
0000FFF9FF0000000000000000000000000000000000000000000000000000000000FFFFFF0000000000000000000000000000000000000000000000000000000000FFFFFF0000000000000000000000000000000000000000000000000000000000FFFFFF0000000000000000000000000000000000000000000000000000
310
000000FFFFFF0000000000000000000000000000000000000000000000000000000000FFFFFF0000000000000000000000000000000000000000000000000000000000FFFFFF0000000000000000000000000000000000000000000000000000000000FFFFFF00000000000000000000000000000000000000000000000000
310
00000000FFFFFF000000000000000000000000000000000000000000000000000000000000F900000000000000000000000000000000000000000000000000000000000000F900000000000000000000000000000000000000000000000000000000000000F900000000000000000000000000000000000000000000000000
310
000000000000F9000000000000000000000000000000000000000000000000000000000000FFFFFF0000000000000000000000000000000000000000000000000000000000FF00FF0000000000000000000000000000000000000000000000000000000000FFFFFF0000000000000000000000000000000000000000000000
310
000000000000FFFFFF0000000000000000000000000000000000000000000000000000000000FFFFFF0000000000000000000000000000000000000000000000000000000000FFFFFF0000000000000000000000000000000000000000000000000000000000FFFFFF00000000000000000000000000000000000000000000
310
0000000000000000FFFF00000000000000000000000000000000000000000000000000000000000000000000000000000000000000000000
102
{BLKREFS
331
10B3E
102
}
 70
     4
280
     1
281
     0
  0
BLOCK_RECORD
  5
10B3F
330
1
100
AcDbSymbolTableRecord
100
AcDbBlockTableRecord
  2
END-NEG
340
0
310
2800000020000000200000000100080000000000000400000000010020000000000000000000000000000000000080000080000000808000800000008000800080800000C0C0C000C0DCC000F0CAA6000020400000206000002080000020A0000020C0000020E00000400000004020000040400000406000004080000040A0
310
000040C0000040E00000600000006020000060400000606000006080000060A0000060C0000060E00000800000008020000080400000806000008080000080A0000080C0000080E00000A0000000A0200000A0400000A0600000A0800000A0A00000A0C00000A0E00000C0000000C0200000C0400000C0600000C0800000C0
310
A00000C0C00000C0E00000E0000000E0200000E0400000E0600000E0800000E0A00000E0C00000E0E00040000000400020004000400040006000400080004000A0004000C0004000E00040200000402020004020400040206000402080004020A0004020C0004020E000404000004040200040404000404060004040800040
310
40A0004040C0004040E00040600000406020004060400040606000406080004060A0004060C0004060E00040800000408020004080400040806000408080004080A0004080C0004080E00040A0000040A0200040A0400040A0600040A0800040A0A00040A0C00040A0E00040C0000040C0200040C0400040C0600040C08000
310
40C0A00040C0C00040C0E00040E0000040E0200040E0400040E0600040E0800040E0A00040E0C00040E0E00080000000800020008000400080006000800080008000A0008000C0008000E00080200000802020008020400080206000802080008020A0008020C0008020E00080400000804020008040400080406000804080
310
008040A0008040C0008040E00080600000806020008060400080606000806080008060A0008060C0008060E00080800000808020008080400080806000808080008080A0008080C0008080E00080A0000080A0200080A0400080A0600080A0800080A0A00080A0C00080A0E00080C0000080C0200080C0400080C0600080C0
310
800080C0A00080C0C00080C0E00080E0000080E0200080E0400080E0600080E0800080E0A00080E0C00080E0E000C0000000C0002000C0004000C0006000C0008000C000A000C000C000C000E000C0200000C0202000C0204000C0206000C0208000C020A000C020C000C020E000C0400000C0402000C0404000C0406000C0
310
408000C040A000C040C000C040E000C0600000C0602000C0604000C0606000C0608000C060A000C060C000C060E000C0800000C0802000C0804000C0806000C0808000C080A000C080C000C080E000C0A00000C0A02000C0A04000C0A06000C0A08000C0A0A000C0A0C000C0A0E000C0C00000C0C02000C0C04000C0C06000
310
C0C08000C0C0A000F0FBFF00A4A0A000808080000000FF0000FF000000FFFF00FF000000FF00FF00FFFF0000FFFFFF000000000000000000000000000000000000000000FF0000000000000000000000000000000000000000000000000000000000FF00000000000000000000000000000000000000000000000000000000
310
000000FF00000000000000000000000000000000000000000000000000000000000000FF00000000000000000000000000000000000000000000000000000000000000FF00000000000000000000000000000000000000000000000000000000000000FF000000000000000000000000000000000000000000000000000000
310
00000000FF00000000000000000000000000000000000000000000000000000000000000FF00000000000000000000000000000000000000000000000000000000000000FF00000000000000000000000000000000000000000000000000000000000000FF0000000000000000000000000000000000000000000000000000
310
0000000000FF00000000000000000000000000000000000000000000000000000000000000FF00000000000000000000000000000000000000000000000000000000000000FF00000000000000000000000000000000000000000000000000000000000000FF00000000000000000000000000000000000000000000000000
310
000000000000FF00000000000000000000000000000000000000000000000000000000000000FF000000000000000000000000000000000000000000000000FFFFFFFFFFFFFFFFFF0000000000000000000000000000000000000000000000FF000000000000FFFF0000000000000000000000000000000000000000000000
310
FF000000000000FFFF0000000000000000000000000000000000000000000000FF000000000000FFFF0000000000000000000000000000000000000000000000FF000000000000FFFF0000000000000000000000000000000000000000000000FFFF0000000000FFFF00000000000000000000000000000000000000000000
310
00FFFF0000000000FFFF0000000000000000000000000000000000000000000000FF000000FF000000FF0000000000000000000000000000000000000000000000FF00000000000000FF0000000000000000000000000000000000000000000000FF00000000000000FF000000000000000000000000000000000000000000
310
0000FF00000000000000FF0000000000000000000000000000000000000000000000FF00000000000000FF0000000000000000000000000000000000000000000000FF00000000000000FF0000000000000000000000000000000000000000000000FF00000000000000FF0000000000000000000000000000000000000000
310
000000FFFFFFFFFFFFFFFFFF0000000000000000000000000000000000000000000000000000000000000000000000000000000000000000
102
{BLKREFS
331
10B4F
102
}
 70
     4
280
     1
281
     0
  0
BLOCK_RECORD
  5
10B50
330
1
100
AcDbSymbolTableRecord
100
AcDbBlockTableRecord
  2
MIDDLE-PV
340
0
310
2800000020000000200000000100080000000000000400000000000000000000000000000000000000000000000080000080000000808000800000008000800080800000C0C0C000C0DCC000F0CAA6000020400000206000002080000020A0000020C0000020E00000400000004020000040400000406000004080000040A0
310
000040C0000040E00000600000006020000060400000606000006080000060A0000060C0000060E00000800000008020000080400000806000008080000080A0000080C0000080E00000A0000000A0200000A0400000A0600000A0800000A0A00000A0C00000A0E00000C0000000C0200000C0400000C0600000C0800000C0
310
A00000C0C00000C0E00000E0000000E0200000E0400000E0600000E0800000E0A00000E0C00000E0E00040000000400020004000400040006000400080004000A0004000C0004000E00040200000402020004020400040206000402080004020A0004020C0004020E000404000004040200040404000404060004040800040
310
40A0004040C0004040E00040600000406020004060400040606000406080004060A0004060C0004060E00040800000408020004080400040806000408080004080A0004080C0004080E00040A0000040A0200040A0400040A0600040A0800040A0A00040A0C00040A0E00040C0000040C0200040C0400040C0600040C08000
310
40C0A00040C0C00040C0E00040E0000040E0200040E0400040E0600040E0800040E0A00040E0C00040E0E00080000000800020008000400080006000800080008000A0008000C0008000E00080200000802020008020400080206000802080008020A0008020C0008020E00080400000804020008040400080406000804080
310
008040A0008040C0008040E00080600000806020008060400080606000806080008060A0008060C0008060E00080800000808020008080400080806000808080008080A0008080C0008080E00080A0000080A0200080A0400080A0600080A0800080A0A00080A0C00080A0E00080C0000080C0200080C0400080C0600080C0
310
800080C0A00080C0C00080C0E00080E0000080E0200080E0400080E0600080E0800080E0A00080E0C00080E0E000C0000000C0002000C0004000C0006000C0008000C000A000C000C000C000E000C0200000C0202000C0204000C0206000C0208000C020A000C020C000C020E000C0400000C0402000C0404000C0406000C0
310
408000C040A000C040C000C040E000C0600000C0602000C0604000C0606000C0608000C060A000C060C000C060E000C0800000C0802000C0804000C0806000C0808000C080A000C080C000C080E000C0A00000C0A02000C0A04000C0A06000C0A08000C0A0A000C0A0C000C0A0E000C0C00000C0C02000C0C04000C0C06000
310
C0C08000C0C0A000F0FBFF00A4A0A000808080000000FF0000FF000000FFFF00FF000000FF00FF00FFFF0000FFFFFF0000000000000000FFFFFFFFFFFFFFFFFFFFFFFFFFFFFFFFFFFFFF00000000000000000000000000FF0000000000000000000000000000000000FF00000000000000000000000000FF00000000000000
310
00000000000000000000FF00000000000000000000000000FF0000000000000000000000000000000000FF00000000000000000000000000FF0000000000000000000000000000000000FF00000000000000000000000000FF0000000000000000000000000000000000FF00000000000000000000000000FF000000000000
310
0000000000000000000000FF00000000000000000000000000FF0000000000000000000000000000000000FF00000000000000000000000000FF0000000000000000000000000000000000FF00000000000000000000000000FF0000000000000000000000000000FF0000FF00000000000000000000000000FF00FFFF0000
310
000000000000000000FF0000FF00000000000000000000000000FF0000FF0000000000000000000000FF0000FF00000000000000000000000000FFFFFFFF0000000000000000000000FFFFFFFF00000000000000000000000000FFFFFFFF0000000000000000000000FFFFFFFF00000000000000000000000000FFFFFFFF00
310
0000000000000000000000FFFFFF00000000000000000000000000FFFFFFFF0000000000FF000000000000FFFFFF00000000000000000000000000FF0000000000000000000000000000000000FF00000000000000000000000000FF0000000000000000000000000000000000FF00000000000000000000000000FF000000
310
0000000000000000000000000000FF00000000000000000000000000FF0000000000000000000000000000000000FF00000000000000000000000000FF0000000000000000000000000000000000FF00000000000000000000000000FF0000000000000000000000000000000000FF00000000000000000000000000FF0000
310
000000000000000000000000000000FF00000000000000000000000000FF0000000000000000000000000000000000FF00000000000000000000000000FF0000000000000000000000000000000000FF00000000000000000000000000FF0000000000000000000000000000000000FF00000000000000000000000000FF00
310
00000000000000000000000000000000FF00000000000000000000000000FF0000000000000000000000000000000000FF00000000000000000000000000FF0000000000000000000000000000000000FF00000000000000000000000000FF0000000000000000000000000000000000FF00000000000000000000000000FF
310
FFFFFFFFFFFFFFFFFFFFFFFFFFFFFFFFFFFF0000000000000000000000000000000000000000000000000000000000000000000000000000
102
{BLKREFS
331
10B60
102
}
 70
     4
280
     1
281
     0
  0
BLOCK_RECORD
  5
10B61
330
1
100
AcDbSymbolTableRecord
100
AcDbBlockTableRecord
  2
MOTOR
340
0
310
2800000020000000200000000100080000000000000400000000000000000000000000000000000000000000000080000080000000808000800000008000800080800000C0C0C000C0DCC000F0CAA6000020400000206000002080000020A0000020C0000020E00000400000004020000040400000406000004080000040A0
310
000040C0000040E00000600000006020000060400000606000006080000060A0000060C0000060E00000800000008020000080400000806000008080000080A0000080C0000080E00000A0000000A0200000A0400000A0600000A0800000A0A00000A0C00000A0E00000C0000000C0200000C0400000C0600000C0800000C0
310
A00000C0C00000C0E00000E0000000E0200000E0400000E0600000E0800000E0A00000E0C00000E0E00040000000400020004000400040006000400080004000A0004000C0004000E00040200000402020004020400040206000402080004020A0004020C0004020E000404000004040200040404000404060004040800040
310
40A0004040C0004040E00040600000406020004060400040606000406080004060A0004060C0004060E00040800000408020004080400040806000408080004080A0004080C0004080E00040A0000040A0200040A0400040A0600040A0800040A0A00040A0C00040A0E00040C0000040C0200040C0400040C0600040C08000
310
40C0A00040C0C00040C0E00040E0000040E0200040E0400040E0600040E0800040E0A00040E0C00040E0E00080000000800020008000400080006000800080008000A0008000C0008000E00080200000802020008020400080206000802080008020A0008020C0008020E00080400000804020008040400080406000804080
310
008040A0008040C0008040E00080600000806020008060400080606000806080008060A0008060C0008060E00080800000808020008080400080806000808080008080A0008080C0008080E00080A0000080A0200080A0400080A0600080A0800080A0A00080A0C00080A0E00080C0000080C0200080C0400080C0600080C0
310
800080C0A00080C0C00080C0E00080E0000080E0200080E0400080E0600080E0800080E0A00080E0C00080E0E000C0000000C0002000C0004000C0006000C0008000C000A000C000C000C000E000C0200000C0202000C0204000C0206000C0208000C020A000C020C000C020E000C0400000C0402000C0404000C0406000C0
310
408000C040A000C040C000C040E000C0600000C0602000C0604000C0606000C0608000C060A000C060C000C060E000C0800000C0802000C0804000C0806000C0808000C080A000C080C000C080E000C0A00000C0A02000C0A04000C0A06000C0A08000C0A0A000C0A0C000C0A0E000C0C00000C0C02000C0C04000C0C06000
310
C0C08000C0C0A000F0FBFF00A4A0A000808080000000FF0000FF000000FFFF00FF000000FF00FF00FFFF0000FFFFFF00000000000000000000000000000000FFFFFF0000000000000000000000000000000000000000000000000000000000FF00FF0000000000000000000000000000000000000000000000000000000000
310
FF00FF0000000000000000000000000000000000000000000000000000FFFF00FF00FF00FFFF0000000000000000000000000000000000000000000000FFFF00FF00FF00FFFF0000000000000000000000000000000000000000000000FFFF00FF00FF00FFFF0000000000000000000000000000000000000000000000FFFF
310
00FF00FF00FFFF0000000000000000000000000000000000000000000000FFFF00FF00FF00FFFF0000000000000000000000000000000000000000000000FFFF00FFFFFFFFFFFF0000000000000000000000000000000000000000000000FFFFFFFFFFFFFFFFFF0000000000000000000000000000000000000000000000FF
310
FF00FF00FF00FFFF0000000000000000000000000000000000000000000000FFFFFFFFFFFFFFFFFF0000000000000000000000000000000000000000000000FFFFFFFF00FFFFFFFF0000000000000000000000000000000000000000000000FFFFFFFFFFFFFFFFFF0000000000000000000000000000000000000000000000
310
FFFFFFFFFFFFFFFFFF0000000000000000000000000000000000000000000000FFFF00FF00FF00FFFF0000000000000000000000000000000000000000000000FFFFFFFFFFFFFFFFFF0000000000000000000000000000000000000000000000FFFF00FF00FF00FFFF00000000000000000000000000000000000000000000
310
00FFFFFFFFFFFF00FFFF0000000000000000000000000000000000000000000000FFFF00FF00FF00FFFF0000000000000000000000000000000000000000000000FFFF00FF00FF00FFFF0000000000000000000000000000000000000000000000FFFF00FF00FF00FFFF000000000000000000000000000000000000000000
310
0000FFFF00FF00FF00FFFF0000000000000000000000000000000000000000000000FFFF00FF00FF00FFFF0000000000000000000000000000000000000000000000FFFF00FF00FF00FFFF0000000000000000000000000000000000000000000000FFFF00FF00FF00FFFF0000000000000000000000000000000000000000
310
000000000000FF00FF0000000000000000000000000000000000000000000000000000000000FF00FF0000000000000000000000000000000000000000000000000000000000FF00FF0000000000000000000000000000000000000000000000000000000000FF00FF00000000000000000000000000000000000000000000
310
00000000000000FFFFFF00000000000000000000000000000000000000000000000000000000000000000000000000000000000000000000
102
{BLKREFS
331
10B70
102
}
 70
     4
280
     1
281
     0
  0
BLOCK_RECORD
  5
10B71
330
1
100
AcDbSymbolTableRecord
100
AcDbBlockTableRecord
  2
PV-POS
340
0
310
2800000020000000200000000100080000000000000400000000010020000000000000000000000000000000000080000080000000808000800000008000800080800000C0C0C000C0DCC000F0CAA6000020400000206000002080000020A0000020C0000020E00000400000004020000040400000406000004080000040A0
310
000040C0000040E00000600000006020000060400000606000006080000060A0000060C0000060E00000800000008020000080400000806000008080000080A0000080C0000080E00000A0000000A0200000A0400000A0600000A0800000A0A00000A0C00000A0E00000C0000000C0200000C0400000C0600000C0800000C0
310
A00000C0C00000C0E00000E0000000E0200000E0400000E0600000E0800000E0A00000E0C00000E0E00040000000400020004000400040006000400080004000A0004000C0004000E00040200000402020004020400040206000402080004020A0004020C0004020E000404000004040200040404000404060004040800040
310
40A0004040C0004040E00040600000406020004060400040606000406080004060A0004060C0004060E00040800000408020004080400040806000408080004080A0004080C0004080E00040A0000040A0200040A0400040A0600040A0800040A0A00040A0C00040A0E00040C0000040C0200040C0400040C0600040C08000
310
40C0A00040C0C00040C0E00040E0000040E0200040E0400040E0600040E0800040E0A00040E0C00040E0E00080000000800020008000400080006000800080008000A0008000C0008000E00080200000802020008020400080206000802080008020A0008020C0008020E00080400000804020008040400080406000804080
310
008040A0008040C0008040E00080600000806020008060400080606000806080008060A0008060C0008060E00080800000808020008080400080806000808080008080A0008080C0008080E00080A0000080A0200080A0400080A0600080A0800080A0A00080A0C00080A0E00080C0000080C0200080C0400080C0600080C0
310
800080C0A00080C0C00080C0E00080E0000080E0200080E0400080E0600080E0800080E0A00080E0C00080E0E000C0000000C0002000C0004000C0006000C0008000C000A000C000C000C000E000C0200000C0202000C0204000C0206000C0208000C020A000C020C000C020E000C0400000C0402000C0404000C0406000C0
310
408000C040A000C040C000C040E000C0600000C0602000C0604000C0606000C0608000C060A000C060C000C060E000C0800000C0802000C0804000C0806000C0808000C080A000C080C000C080E000C0A00000C0A02000C0A04000C0A06000C0A08000C0A0A000C0A0C000C0A0E000C0C00000C0C02000C0C04000C0C06000
310
C0C08000C0C0A000F0FBFF00A4A0A000808080000000FF0000FF000000FFFF00FF000000FF00FF00FFFF0000FFFFFF00000000000000000000000000000000FF0000000000000000000000000000000000000000000000000000000000FFFFFF0000000000000000000000000000000000000000000000000000000000FF00
310
000000000000000000000000000000000000000000000000000000000000FF00000000000000000000000000000000000000000000000000000000000000FF00000000000000000000000000000000000000000000000000000000000000FF00000000000000000000000000000000000000000000000000000000000000FF
310
00000000000000000000000000000000000000000000000000000000000000FF00000000000000000000000000000000000000000000000000000000000000FF00000000000000000000000000000000000000000000000000000000000000FF00000000000000000000000000000000000000000000000000000000000000
310
FF00000000000000000000000000000000000000000000000000000000000000FF00000000000000000000000000000000000000000000000000000000000000FF00000000000000000000000000000000000000000000000000000000000000FF000000000000000000000000000000000000000000000000000000000000
310
00FF00000000000000000000000000000000000000000000000000000000000000FF00000000000000000000000000000000000000000000000000000000000000FF00000000000000000000000000000000000000000000000000000000000000FF0000000000000000000000000000000000000000000000000000000000
310
00FFFFFFFFFFFFFFFFFF0000000000000000000000000000000000000000000000FFFF000000000000FF0000000000000000000000000000000000000000000000FFFF000000000000FF0000000000000000000000000000000000000000000000FFFF000000000000FF000000000000000000000000000000000000000000
310
0000FFFF00000000FF00FF0000000000000000000000000000000000000000000000FFFF00000000FFFFFF0000000000000000000000000000000000000000000000FF000000FF000000FF0000000000000000000000000000000000000000000000FF00000000000000FF0000000000000000000000000000000000000000
310
000000FF00000000000000FF0000000000000000000000000000000000000000000000FF00000000000000FF0000000000000000000000000000000000000000000000FF00000000000000FF0000000000000000000000000000000000000000000000FF00000000000000FF00000000000000000000000000000000000000
310
00000000FFFFFFFFFFFFFFFFFF00000000000000000000000000000000000000000000000000000000000000000000000000000000000000
102
{BLKREFS
331
10B82
102
}
 70
     4
280
     1
281
     0
  0
BLOCK_RECORD
  5
10B83
330
1
100
AcDbSymbolTableRecord
100
AcDbBlockTableRecord
  2
CBX
340
0
310
2800000020000000200000000100080000000000000400007200730069006F00000000000000000000000000000080000080000000808000800000008000800080800000C0C0C000C0DCC000F0CAA6000020400000206000002080000020A0000020C0000020E00000400000004020000040400000406000004080000040A0
310
000040C0000040E00000600000006020000060400000606000006080000060A0000060C0000060E00000800000008020000080400000806000008080000080A0000080C0000080E00000A0000000A0200000A0400000A0600000A0800000A0A00000A0C00000A0E00000C0000000C0200000C0400000C0600000C0800000C0
310
A00000C0C00000C0E00000E0000000E0200000E0400000E0600000E0800000E0A00000E0C00000E0E00040000000400020004000400040006000400080004000A0004000C0004000E00040200000402020004020400040206000402080004020A0004020C0004020E000404000004040200040404000404060004040800040
310
40A0004040C0004040E00040600000406020004060400040606000406080004060A0004060C0004060E00040800000408020004080400040806000408080004080A0004080C0004080E00040A0000040A0200040A0400040A0600040A0800040A0A00040A0C00040A0E00040C0000040C0200040C0400040C0600040C08000
310
40C0A00040C0C00040C0E00040E0000040E0200040E0400040E0600040E0800040E0A00040E0C00040E0E00080000000800020008000400080006000800080008000A0008000C0008000E00080200000802020008020400080206000802080008020A0008020C0008020E00080400000804020008040400080406000804080
310
008040A0008040C0008040E00080600000806020008060400080606000806080008060A0008060C0008060E00080800000808020008080400080806000808080008080A0008080C0008080E00080A0000080A0200080A0400080A0600080A0800080A0A00080A0C00080A0E00080C0000080C0200080C0400080C0600080C0
310
800080C0A00080C0C00080C0E00080E0000080E0200080E0400080E0600080E0800080E0A00080E0C00080E0E000C0000000C0002000C0004000C0006000C0008000C000A000C000C000C000E000C0200000C0202000C0204000C0206000C0208000C020A000C020C000C020E000C0400000C0402000C0404000C0406000C0
310
408000C040A000C040C000C040E000C0600000C0602000C0604000C0606000C0608000C060A000C060C000C060E000C0800000C0802000C0804000C0806000C0808000C080A000C080C000C080E000C0A00000C0A02000C0A04000C0A06000C0A08000C0A0A000C0A0C000C0A0E000C0C00000C0C02000C0C04000C0C06000
310
C0C08000C0C0A000F0FBFF00A4A0A000808080000000FF0000FF000000FFFF00FF000000FF00FF00FFFF0000FFFFFF0000000000000000000000000000000000000000000000000000000000000000000000000000000000000000000000000000000000000000000000000000000000000000000000000000000000000000
310
00000000000000000000000000000000000000000000000000000000000000000000000000000000000000000000000000000000000000000000000000000000000000000000000000000000000000000000000000000000000000000000000000000000000000000000000000000000000000000000000000000000000000
310
00000000000000000000000000FFFFFFFFFF000000000000000000000000000000000000000000000000000000FFFF00FFFF000000000000000000000000000000000000000000000000000000FF00FF00FF000000000000000000000000000000000000000000000000000000FFFF00FFFF00000000000000000000000000
310
0000000000000000000000000000FFFFFFFFFF0000000000000000000000000000000000000000000000000000000000FF000000000000000000000000000000000000000000000000000000000000FFFF0000000000000000000000000000000000000000000000000000000000FFFF000000000000000000000000000000
310
000000000000000000000000000000FFFF000000000000000000000000000000000000000000000000000000000000FF000000000000000000000000000000000000009B9B535200925B00000000FF0000000000000000000000000000000000000000929B5B9A0A901300000000FF00000000000000000000000000000000
310
000000005252400A000000000000FF00000000000000000000000000000000000000000092120000000000000000FF000000000000000000FFFFFFFFFFFFFFFFFFFFFFFFFFFFFFFFFFFFFFFFFFFF00000000000000000000000000000000000000000000000000000000000000000000000000000000009A52525240EB5B9B
310
520090135252009A529A0A000000000000000000000000405B405B9A42EB5B539A0A90135252009A9B9A0A000000000000000000000000405B00400A005252520A00500A401200400A52520000000000000000000000000050530000000000120000400A000000000000000000000000000000000000000000000000000000
310
00000000000000000000000000000000000000000000000000000000000000000000000000000000000000000000000000000000000000000000000000000000000000000000000000000000000000000000000000000000000000000000000000000000000000000000000000000000000000000000000000000000000000
310
0000000000000000000000000000000000000000000000000000000000000000000000000000000000000000000000000000000000000000
102
{BLKREFS
331
10B8B
102
}
 70
     4
280
     1
281
     0
  0
ENDTAB
  0
ENDSEC
0
SECTION
2
BLOCKS
  0
BLOCK
  5
20
330
1F
100
AcDbEntity
  8
0
100
AcDbBlockBegin
  2
*Model_Space
 70
     0
 10
0.0
 20
0.0
 30
0.0
  3
*Model_Space
  1

  0
ENDBLK
  0
BLOCK
  5
1C9
330
1C7
100
AcDbEntity
 67
     1
  8
0
100
AcDbBlockBegin
  2
*Paper_Space
 70
     0
 10
0.0
 20
0.0
 30
0.0
  3
*Paper_Space
  1

  0
ENDBLK
  0
BLOCK
  5
10A5B
330
10A5A
100
AcDbEntity
  8
0
100
AcDbBlockBegin
  2
ENG
 70
     0
 10
0.0
 20
0.0
 30
0.0
  3
ENG
  1

  0
INSERT
  5
10A5D
330
10A5A
100
AcDbEntity
  8
0
100
AcDbBlockReference
  2
T3
 10
2.625365919097021
 20
-30.36134498217825
 30
0.0
 41
0.2291623611143931
 42
0.2291623611143931
 43
0.2291623611143931
 50
180.0
  0
LINE
  5
10A5E
330
10A5A
100
AcDbEntity
  8
0
  6
Continuous
100
AcDbLine
 10
0.8320638976820189
 20
-22.80411280746784
 30
0.0
 11
0.8320638976820189
 21
-61.04179790389844
 31
0.0
  0
LINE
  5
10A5F
330
10A5A
100
AcDbEntity
  8
0
  6
Continuous
100
AcDbLine
 10
-1.401424542682434
 20
-22.8041128072191
 30
0.0
 11
-1.401424542682434
 21
-61.04179790389844
 31
0.0
  0
INSERT
  5
10A60
330
10A5A
100
AcDbEntity
  8
0
100
AcDbBlockReference
  2
A$C45091238
 10
-3.551923292778154
 20
-22.80411292083136
 30
0.0
 41
0.430536432141829
 42
0.430536432141829
 43
0.430536432141829
  0
INSERT
  5
10A61
330
10A5A
100
AcDbEntity
  8
0
100
AcDbBlockReference
  2
防尘塞长
 10
-7.713803144897609
 20
2.618334323027283
 30
0.0
 41
0.2979577127782363
 42
0.2979577127782363
 43
0.2979577127782363
  0
POINT
  5
10A62
330
10A5A
100
AcDbEntity
  8
CONN
100
AcDbPoint
 10
10.96137636995445
 20
-70.75703060445812
 30
0.0
  0
POINT
  5
10A63
330
10A5A
100
AcDbEntity
  8
CONN
100
AcDbPoint
 10
10.96137636995445
 20
-73.78447799294486
 30
0.0
  0
POINT
  5
10A64
330
10A5A
100
AcDbEntity
  8
CONN
100
AcDbPoint
 10
-11.49653698698421
 20
-70.75703060445812
 30
0.0
  0
POINT
  5
10A65
330
10A5A
100
AcDbEntity
  8
CONN
100
AcDbPoint
 10
-11.49653698698421
 20
-73.78447799294486
 30
0.0
  0
POINT
  5
10A66
330
10A5A
100
AcDbEntity
  8
CONN-Label
100
AcDbPoint
 10
-0.26758030851488
 20
-72.27075834087075
 30
0.0
  0
ENDBLK
  0
BLOCK
  5
438
330
435
100
AcDbEntity
  8
0
100
AcDbBlockBegin
  2
T3
 70
     0
 10
0.0
 20
0.0
 30
0.0
  3
T3
  1

  0
POLYLINE
  5
439
330
435
100
AcDbEntity
  8
Make2D___U+9359_U+7EFE__U+93C5_U+20AC_U+6C31_U+568E
 62
     7
370
     0
100
AcDb2dPolyline
 66
     1
 10
0.0
 20
0.0
 30
0.0
  0
VERTEX
  5
43A
330
439
100
AcDbEntity
  8
Make2D___U+9359_U+7EFE__U+93C5_U+20AC_U+6C31_U+568E
 62
     7
370
     0
100
AcDbVertex
100
AcDb2dVertex
 10
12.21853739611435
 20
183.8641382489077
 30
0.0
  0
VERTEX
  5
43B
330
439
100
AcDbEntity
  8
Make2D___U+9359_U+7EFE__U+93C5_U+20AC_U+6C31_U+568E
 62
     7
370
     0
100
AcDbVertex
100
AcDb2dVertex
 10
13.24251017363622
 20
181.701575248524
 30
0.0
  0
SEQEND
  5
43C
330
439
100
AcDbEntity
  8
Make2D___U+9359_U+7EFE__U+93C5_U+20AC_U+6C31_U+568E
 62
     7
370
     0
  0
POLYLINE
  5
43D
330
435
100
AcDbEntity
  8
Make2D___U+9359_U+7EFE__U+93C5_U+20AC_U+6C31_U+568E
 62
     7
370
     0
100
AcDb2dPolyline
 66
     1
 10
0.0
 20
0.0
 30
0.0
  0
VERTEX
  5
43E
330
43D
100
AcDbEntity
  8
Make2D___U+9359_U+7EFE__U+93C5_U+20AC_U+6C31_U+568E
 62
     7
370
     0
100
AcDbVertex
100
AcDb2dVertex
 10
11.23957906302621
 20
183.4006235385113
 30
0.0
  0
VERTEX
  5
43F
330
43D
100
AcDbEntity
  8
Make2D___U+9359_U+7EFE__U+93C5_U+20AC_U+6C31_U+568E
 62
     7
370
     0
100
AcDbVertex
100
AcDb2dVertex
 10
12.21853739611435
 20
183.8641382489077
 30
0.0
  0
SEQEND
  5
440
330
43D
100
AcDbEntity
  8
Make2D___U+9359_U+7EFE__U+93C5_U+20AC_U+6C31_U+568E
 62
     7
370
     0
  0
POLYLINE
  5
441
330
435
100
AcDbEntity
  8
Make2D___U+9359_U+7EFE__U+93C5_U+20AC_U+6C31_U+568E
 62
     7
370
     0
100
AcDb2dPolyline
 66
     1
 10
0.0
 20
0.0
 30
0.0
  0
VERTEX
  5
442
330
441
100
AcDbEntity
  8
Make2D___U+9359_U+7EFE__U+93C5_U+20AC_U+6C31_U+568E
 62
     7
370
     0
100
AcDbVertex
100
AcDb2dVertex
 10
12.62398489601276
 20
180.4768013908815
 30
0.0
  0
VERTEX
  5
443
330
441
100
AcDbEntity
  8
Make2D___U+9359_U+7EFE__U+93C5_U+20AC_U+6C31_U+568E
 62
     7
370
     0
100
AcDbVertex
100
AcDb2dVertex
 10
11.23957906302621
 20
183.4006235385113
 30
0.0
  0
SEQEND
  5
444
330
441
100
AcDbEntity
  8
Make2D___U+9359_U+7EFE__U+93C5_U+20AC_U+6C31_U+568E
 62
     7
370
     0
  0
POLYLINE
  5
445
330
435
100
AcDbEntity
  8
Make2D___U+9359_U+7EFE__U+93C5_U+20AC_U+6C31_U+568E
 62
     7
370
     0
100
AcDb2dPolyline
 66
     1
 10
0.0
 20
0.0
 30
0.0
  0
VERTEX
  5
446
330
445
100
AcDbEntity
  8
Make2D___U+9359_U+7EFE__U+93C5_U+20AC_U+6C31_U+568E
 62
     7
370
     0
100
AcDbVertex
100
AcDb2dVertex
 10
13.24251017363622
 20
181.701575248524
 30
0.0
  0
VERTEX
  5
447
330
445
100
AcDbEntity
  8
Make2D___U+9359_U+7EFE__U+93C5_U+20AC_U+6C31_U+568E
 62
     7
370
     0
100
AcDbVertex
100
AcDb2dVertex
 10
12.62398489601276
 20
180.4768013908815
 30
0.0
  0
SEQEND
  5
448
330
445
100
AcDbEntity
  8
Make2D___U+9359_U+7EFE__U+93C5_U+20AC_U+6C31_U+568E
 62
     7
370
     0
  0
POLYLINE
  5
449
330
435
100
AcDbEntity
  8
Make2D___U+9359_U+7EFE__U+93C5_U+20AC_U+6C31_U+568E
 62
     7
370
     0
100
AcDb2dPolyline
 66
     1
 10
0.0
 20
0.0
 30
0.0
  0
VERTEX
  5
44A
330
449
100
AcDbEntity
  8
Make2D___U+9359_U+7EFE__U+93C5_U+20AC_U+6C31_U+568E
 62
     7
370
     0
100
AcDbVertex
100
AcDb2dVertex
 10
16.12195295069478
 20
186.7031878986999
 30
0.0
  0
VERTEX
  5
44B
330
449
100
AcDbEntity
  8
Make2D___U+9359_U+7EFE__U+93C5_U+20AC_U+6C31_U+568E
 62
     7
370
     0
100
AcDbVertex
100
AcDb2dVertex
 10
17.90845489469313
 20
186.7031878986999
 30
0.0
  0
SEQEND
  5
44C
330
449
100
AcDbEntity
  8
Make2D___U+9359_U+7EFE__U+93C5_U+20AC_U+6C31_U+568E
 62
     7
370
     0
  0
POLYLINE
  5
44D
330
435
100
AcDbEntity
  8
Make2D___U+9359_U+7EFE__U+93C5_U+20AC_U+6C31_U+568E
 62
     7
370
     0
100
AcDb2dPolyline
 66
     1
 10
0.0
 20
0.0
 30
0.0
  0
VERTEX
  5
44E
330
44D
100
AcDbEntity
  8
Make2D___U+9359_U+7EFE__U+93C5_U+20AC_U+6C31_U+568E
 62
     7
370
     0
100
AcDbVertex
100
AcDb2dVertex
 10
12.62049239601447
 20
179.3121761428174
 30
0.0
  0
VERTEX
  5
44F
330
44D
100
AcDbEntity
  8
Make2D___U+9359_U+7EFE__U+93C5_U+20AC_U+6C31_U+568E
 62
     7
370
     0
100
AcDbVertex
100
AcDb2dVertex
 10
16.12195295069478
 20
186.7031878986999
 30
0.0
  0
SEQEND
  5
450
330
44D
100
AcDbEntity
  8
Make2D___U+9359_U+7EFE__U+93C5_U+20AC_U+6C31_U+568E
 62
     7
370
     0
  0
POLYLINE
  5
451
330
435
100
AcDbEntity
  8
Make2D___U+9359_U+7EFE__U+93C5_U+20AC_U+6C31_U+568E
 62
     7
370
     0
100
AcDb2dPolyline
 66
     1
 10
0.0
 20
0.0
 30
0.0
  0
VERTEX
  5
452
330
451
100
AcDbEntity
  8
Make2D___U+9359_U+7EFE__U+93C5_U+20AC_U+6C31_U+568E
 62
     7
370
     0
100
AcDbVertex
100
AcDb2dVertex
 10
10.78625961869511
 20
183.1859935439861
 30
0.0
  0
VERTEX
  5
453
330
451
100
AcDbEntity
  8
Make2D___U+9359_U+7EFE__U+93C5_U+20AC_U+6C31_U+568E
 62
     7
370
     0
100
AcDbVertex
100
AcDb2dVertex
 10
12.62049239601447
 20
179.3121761428174
 30
0.0
  0
SEQEND
  5
454
330
451
100
AcDbEntity
  8
Make2D___U+9359_U+7EFE__U+93C5_U+20AC_U+6C31_U+568E
 62
     7
370
     0
  0
POLYLINE
  5
455
330
435
100
AcDbEntity
  8
Make2D___U+9359_U+7EFE__U+93C5_U+20AC_U+6C31_U+568E
 62
     7
370
     0
100
AcDb2dPolyline
 66
     1
 10
0.0
 20
0.0
 30
0.0
  0
VERTEX
  5
456
330
455
100
AcDbEntity
  8
Make2D___U+9359_U+7EFE__U+93C5_U+20AC_U+6C31_U+568E
 62
     7
370
     0
100
AcDbVertex
100
AcDb2dVertex
 10
9.332638785724723
 20
182.4977593948797
 30
0.0
  0
VERTEX
  5
457
330
455
100
AcDbEntity
  8
Make2D___U+9359_U+7EFE__U+93C5_U+20AC_U+6C31_U+568E
 62
     7
370
     0
100
AcDbVertex
100
AcDb2dVertex
 10
10.78625961869511
 20
183.1859935439861
 30
0.0
  0
SEQEND
  5
458
330
455
100
AcDbEntity
  8
Make2D___U+9359_U+7EFE__U+93C5_U+20AC_U+6C31_U+568E
 62
     7
370
     0
  0
POLYLINE
  5
459
330
435
100
AcDbEntity
  8
Make2D___U+9359_U+7EFE__U+93C5_U+20AC_U+6C31_U+568E
 62
     7
370
     0
100
AcDb2dPolyline
 66
     1
 10
0.0
 20
0.0
 30
0.0
  0
VERTEX
  5
45A
330
459
100
AcDbEntity
  8
Make2D___U+9359_U+7EFE__U+93C5_U+20AC_U+6C31_U+568E
 62
     7
370
     0
100
AcDbVertex
100
AcDb2dVertex
 10
11.75692767400812
 20
177.3825170253785
 30
0.0
  0
VERTEX
  5
45B
330
459
100
AcDbEntity
  8
Make2D___U+9359_U+7EFE__U+93C5_U+20AC_U+6C31_U+568E
 62
     7
370
     0
100
AcDbVertex
100
AcDb2dVertex
 10
9.332638785724723
 20
182.4977593948797
 30
0.0
  0
SEQEND
  5
45C
330
459
100
AcDbEntity
  8
Make2D___U+9359_U+7EFE__U+93C5_U+20AC_U+6C31_U+568E
 62
     7
370
     0
  0
POLYLINE
  5
45D
330
435
100
AcDbEntity
  8
Make2D___U+9359_U+7EFE__U+93C5_U+20AC_U+6C31_U+568E
 62
     7
370
     0
100
AcDb2dPolyline
 66
     1
 10
0.0
 20
0.0
 30
0.0
  0
VERTEX
  5
45E
330
45D
100
AcDbEntity
  8
Make2D___U+9359_U+7EFE__U+93C5_U+20AC_U+6C31_U+568E
 62
     7
370
     0
100
AcDbVertex
100
AcDb2dVertex
 10
13.49107739579631
 20
177.3825170253785
 30
0.0
  0
VERTEX
  5
45F
330
45D
100
AcDbEntity
  8
Make2D___U+9359_U+7EFE__U+93C5_U+20AC_U+6C31_U+568E
 62
     7
370
     0
100
AcDbVertex
100
AcDb2dVertex
 10
11.75692767400812
 20
177.3825170253785
 30
0.0
  0
SEQEND
  5
460
330
45D
100
AcDbEntity
  8
Make2D___U+9359_U+7EFE__U+93C5_U+20AC_U+6C31_U+568E
 62
     7
370
     0
  0
POLYLINE
  5
461
330
435
100
AcDbEntity
  8
Make2D___U+9359_U+7EFE__U+93C5_U+20AC_U+6C31_U+568E
 62
     7
370
     0
100
AcDb2dPolyline
 66
     1
 10
0.0
 20
0.0
 30
0.0
  0
VERTEX
  5
462
330
461
100
AcDbEntity
  8
Make2D___U+9359_U+7EFE__U+93C5_U+20AC_U+6C31_U+568E
 62
     7
370
     0
100
AcDbVertex
100
AcDb2dVertex
 10
17.90845489469313
 20
186.7031878986999
 30
0.0
  0
VERTEX
  5
463
330
461
100
AcDbEntity
  8
Make2D___U+9359_U+7EFE__U+93C5_U+20AC_U+6C31_U+568E
 62
     7
370
     0
100
AcDbVertex
100
AcDb2dVertex
 10
13.49107739579631
 20
177.3825170253785
 30
0.0
  0
SEQEND
  5
464
330
461
100
AcDbEntity
  8
Make2D___U+9359_U+7EFE__U+93C5_U+20AC_U+6C31_U+568E
 62
     7
370
     0
  0
POLYLINE
  5
465
330
435
100
AcDbEntity
  8
Make2D___U+9359_U+7EFE__U+93C5_U+20AC_U+6C31_U+568E
 62
     7
370
     0
100
AcDb2dPolyline
 66
     1
 10
0.0
 20
0.0
 30
0.0
  0
VERTEX
  5
466
330
465
100
AcDbEntity
  8
Make2D___U+9359_U+7EFE__U+93C5_U+20AC_U+6C31_U+568E
 62
     7
370
     0
100
AcDbVertex
100
AcDb2dVertex
 10
9.675997396751084
 20
186.7031878986999
 30
0.0
  0
VERTEX
  5
467
330
465
100
AcDbEntity
  8
Make2D___U+9359_U+7EFE__U+93C5_U+20AC_U+6C31_U+568E
 62
     7
370
     0
100
AcDbVertex
100
AcDb2dVertex
 10
10.86408239645379
 20
186.7031878986999
 30
0.0
  0
SEQEND
  5
468
330
465
100
AcDbEntity
  8
Make2D___U+9359_U+7EFE__U+93C5_U+20AC_U+6C31_U+568E
 62
     7
370
     0
  0
POLYLINE
  5
469
330
435
100
AcDbEntity
  8
Make2D___U+9359_U+7EFE__U+93C5_U+20AC_U+6C31_U+568E
 62
     7
370
     0
100
AcDb2dPolyline
 66
     1
 10
0.0
 20
0.0
 30
0.0
  0
VERTEX
  5
46A
330
469
100
AcDbEntity
  8
Make2D___U+9359_U+7EFE__U+93C5_U+20AC_U+6C31_U+568E
 62
     7
370
     0
100
AcDbVertex
100
AcDb2dVertex
 10
11.06029739640416
 20
183.7792246399631
 30
0.0
  0
VERTEX
  5
46B
330
469
100
AcDbEntity
  8
Make2D___U+9359_U+7EFE__U+93C5_U+20AC_U+6C31_U+568E
 62
     7
370
     0
100
AcDbVertex
100
AcDb2dVertex
 10
9.675997396751084
 20
186.7031878986999
 30
0.0
  0
SEQEND
  5
46C
330
469
100
AcDbEntity
  8
Make2D___U+9359_U+7EFE__U+93C5_U+20AC_U+6C31_U+568E
 62
     7
370
     0
  0
POLYLINE
  5
46D
330
435
100
AcDbEntity
  8
Make2D___U+9359_U+7EFE__U+93C5_U+20AC_U+6C31_U+568E
 62
     7
370
     0
100
AcDb2dPolyline
 66
     1
 10
0.0
 20
0.0
 30
0.0
  0
VERTEX
  5
46E
330
46D
100
AcDbEntity
  8
Make2D___U+9359_U+7EFE__U+93C5_U+20AC_U+6C31_U+568E
 62
     7
370
     0
100
AcDbVertex
100
AcDb2dVertex
 10
12.04003184060377
 20
184.2430921281302
 30
0.0
  0
VERTEX
  5
46F
330
46D
100
AcDbEntity
  8
Make2D___U+9359_U+7EFE__U+93C5_U+20AC_U+6C31_U+568E
 62
     7
370
     0
100
AcDbVertex
100
AcDb2dVertex
 10
11.06255517418151
 20
183.7802829732691
 30
0.0
  0
SEQEND
  5
470
330
46D
100
AcDbEntity
  8
Make2D___U+9359_U+7EFE__U+93C5_U+20AC_U+6C31_U+568E
 62
     7
370
     0
  0
POLYLINE
  5
471
330
435
100
AcDbEntity
  8
Make2D___U+9359_U+7EFE__U+93C5_U+20AC_U+6C31_U+568E
 62
     7
370
     0
100
AcDb2dPolyline
 66
     1
 10
0.0
 20
0.0
 30
0.0
  0
VERTEX
  5
472
330
471
100
AcDbEntity
  8
Make2D___U+9359_U+7EFE__U+93C5_U+20AC_U+6C31_U+568E
 62
     7
370
     0
100
AcDbVertex
100
AcDb2dVertex
 10
10.86408239645379
 20
186.7031878986999
 30
0.0
  0
VERTEX
  5
473
330
471
100
AcDbEntity
  8
Make2D___U+9359_U+7EFE__U+93C5_U+20AC_U+6C31_U+568E
 62
     7
370
     0
100
AcDbVertex
100
AcDb2dVertex
 10
12.03036572949577
 20
184.2633062942796
 30
0.0
  0
SEQEND
  5
474
330
471
100
AcDbEntity
  8
Make2D___U+9359_U+7EFE__U+93C5_U+20AC_U+6C31_U+568E
 62
     7
370
     0
  0
POLYLINE
  5
475
330
435
100
AcDbEntity
  8
Make2D___U+9359_U+7EFE__U+93C5_U+20AC_U+6C31_U+568E
 62
     7
370
     0
100
AcDb2dPolyline
 66
     1
 10
0.0
 20
0.0
 30
0.0
  0
VERTEX
  5
476
330
475
100
AcDbEntity
  8
Make2D___U+9359_U+7EFE__U+93C5_U+20AC_U+6C31_U+568E
 62
     7
370
     0
100
AcDbVertex
100
AcDb2dVertex
 10
7.344101008443884
 20
186.7031878986999
 30
0.0
  0
VERTEX
  5
477
330
475
100
AcDbEntity
  8
Make2D___U+9359_U+7EFE__U+93C5_U+20AC_U+6C31_U+568E
 62
     7
370
     0
100
AcDbVertex
100
AcDb2dVertex
 10
9.119137674667966
 20
186.7031878986999
 30
0.0
  0
SEQEND
  5
478
330
475
100
AcDbEntity
  8
Make2D___U+9359_U+7EFE__U+93C5_U+20AC_U+6C31_U+568E
 62
     7
370
     0
  0
POLYLINE
  5
479
330
435
100
AcDbEntity
  8
Make2D___U+9359_U+7EFE__U+93C5_U+20AC_U+6C31_U+568E
 62
     7
370
     0
100
AcDb2dPolyline
 66
     1
 10
0.0
 20
0.0
 30
0.0
  0
VERTEX
  5
47A
330
479
100
AcDbEntity
  8
Make2D___U+9359_U+7EFE__U+93C5_U+20AC_U+6C31_U+568E
 62
     7
370
     0
100
AcDbVertex
100
AcDb2dVertex
 10
9.153074896881207
 20
182.8762193852226
 30
0.0
  0
VERTEX
  5
47B
330
479
100
AcDbEntity
  8
Make2D___U+9359_U+7EFE__U+93C5_U+20AC_U+6C31_U+568E
 62
     7
370
     0
100
AcDbVertex
100
AcDb2dVertex
 10
7.344101008443884
 20
186.7031878986999
 30
0.0
  0
SEQEND
  5
47C
330
479
100
AcDbEntity
  8
Make2D___U+9359_U+7EFE__U+93C5_U+20AC_U+6C31_U+568E
 62
     7
370
     0
  0
POLYLINE
  5
47D
330
435
100
AcDbEntity
  8
Make2D___U+9359_U+7EFE__U+93C5_U+20AC_U+6C31_U+568E
 62
     7
370
     0
100
AcDb2dPolyline
 66
     1
 10
0.0
 20
0.0
 30
0.0
  0
VERTEX
  5
47E
330
47D
100
AcDbEntity
  8
Make2D___U+9359_U+7EFE__U+93C5_U+20AC_U+6C31_U+568E
 62
     7
370
     0
100
AcDbVertex
100
AcDb2dVertex
 10
10.60489656318452
 20
183.5636068676867
 30
0.0
  0
VERTEX
  5
47F
330
47D
100
AcDbEntity
  8
Make2D___U+9359_U+7EFE__U+93C5_U+20AC_U+6C31_U+568E
 62
     7
370
     0
100
AcDbVertex
100
AcDb2dVertex
 10
9.153074896881207
 20
182.8762193852226
 30
0.0
  0
SEQEND
  5
480
330
47D
100
AcDbEntity
  8
Make2D___U+9359_U+7EFE__U+93C5_U+20AC_U+6C31_U+568E
 62
     7
370
     0
  0
POLYLINE
  5
481
330
435
100
AcDbEntity
  8
Make2D___U+9359_U+7EFE__U+93C5_U+20AC_U+6C31_U+568E
 62
     7
370
     0
100
AcDb2dPolyline
 66
     1
 10
0.0
 20
0.0
 30
0.0
  0
VERTEX
  5
482
330
481
100
AcDbEntity
  8
Make2D___U+9359_U+7EFE__U+93C5_U+20AC_U+6C31_U+568E
 62
     7
370
     0
100
AcDbVertex
100
AcDb2dVertex
 10
9.119137674667966
 20
186.7031878986999
 30
0.0
  0
VERTEX
  5
483
330
481
100
AcDbEntity
  8
Make2D___U+9359_U+7EFE__U+93C5_U+20AC_U+6C31_U+568E
 62
     7
370
     0
100
AcDbVertex
100
AcDb2dVertex
 10
10.60489656318452
 20
183.5636068676867
 30
0.0
  0
SEQEND
  5
484
330
481
100
AcDbEntity
  8
Make2D___U+9359_U+7EFE__U+93C5_U+20AC_U+6C31_U+568E
 62
     7
370
     0
  0
POLYLINE
  5
485
330
435
100
AcDbEntity
  8
Make2D___U+9359_U+7EFE__U+93C5_U+20AC_U+6C31_U+568E
 62
     7
370
     0
100
AcDb2dPolyline
 66
     1
 10
0.0
 20
0.0
 30
0.0
  0
VERTEX
  5
486
330
485
100
AcDbEntity
  8
Make2D___U+9359_U+7EFE__U+93C5_U+20AC_U+6C31_U+568E
 62
     7
370
     0
100
AcDbVertex
100
AcDb2dVertex
 10
3.176419620597584
 20
133.8808553574217
 30
0.0
  0
VERTEX
  5
487
330
485
100
AcDbEntity
  8
Make2D___U+9359_U+7EFE__U+93C5_U+20AC_U+6C31_U+568E
 62
     7
370
     0
100
AcDbVertex
100
AcDb2dVertex
 10
6.018538508775692
 20
133.8808553574217
 30
0.0
  0
SEQEND
  5
488
330
485
100
AcDbEntity
  8
Make2D___U+9359_U+7EFE__U+93C5_U+20AC_U+6C31_U+568E
 62
     7
370
     0
  0
POLYLINE
  5
489
330
435
100
AcDbEntity
  8
Make2D___U+9359_U+7EFE__U+93C5_U+20AC_U+6C31_U+568E
 62
     7
370
     0
100
AcDb2dPolyline
 66
     1
 10
0.0
 20
0.0
 30
0.0
  0
VERTEX
  5
48A
330
489
100
AcDbEntity
  8
Make2D___U+9359_U+7EFE__U+93C5_U+20AC_U+6C31_U+568E
 62
     7
370
     0
100
AcDbVertex
100
AcDb2dVertex
 10
2.652086009617959
 20
134.3808472891105
 30
0.0
  0
VERTEX
  5
48B
330
489
100
AcDbEntity
  8
Make2D___U+9359_U+7EFE__U+93C5_U+20AC_U+6C31_U+568E
 62
     7
370
     0
100
AcDbVertex
100
AcDb2dVertex
 10
3.176419620597584
 20
133.8808553574217
 30
0.0
  0
SEQEND
  5
48C
330
489
100
AcDbEntity
  8
Make2D___U+9359_U+7EFE__U+93C5_U+20AC_U+6C31_U+568E
 62
     7
370
     0
  0
POLYLINE
  5
48D
330
435
100
AcDbEntity
  8
Make2D___U+9359_U+7EFE__U+93C5_U+20AC_U+6C31_U+568E
 62
     7
370
     0
100
AcDb2dPolyline
 66
     1
 10
0.0
 20
0.0
 30
0.0
  0
VERTEX
  5
48E
330
48D
100
AcDbEntity
  8
Make2D___U+9359_U+7EFE__U+93C5_U+20AC_U+6C31_U+568E
 62
     7
370
     0
100
AcDbVertex
100
AcDb2dVertex
 10
6.018538508775692
 20
133.8808553574217
 30
0.0
  0
VERTEX
  5
48F
330
48D
100
AcDbEntity
  8
Make2D___U+9359_U+7EFE__U+93C5_U+20AC_U+6C31_U+568E
 62
     7
370
     0
100
AcDbVertex
100
AcDb2dVertex
 10
19.2294665610284
 20
133.8808553574217
 30
0.0
  0
SEQEND
  5
490
330
48D
100
AcDbEntity
  8
Make2D___U+9359_U+7EFE__U+93C5_U+20AC_U+6C31_U+568E
 62
     7
370
     0
  0
POLYLINE
  5
491
330
435
100
AcDbEntity
  8
Make2D___U+9359_U+7EFE__U+93C5_U+20AC_U+6C31_U+568E
 62
     7
370
     0
100
AcDb2dPolyline
 66
     1
 10
0.0
 20
0.0
 30
0.0
  0
VERTEX
  5
492
330
491
100
AcDbEntity
  8
Make2D___U+9359_U+7EFE__U+93C5_U+20AC_U+6C31_U+568E
 62
     7
370
     0
100
AcDbVertex
100
AcDb2dVertex
 10
22.07155017142884
 20
133.8808553574217
 30
0.0
  0
VERTEX
  5
493
330
491
100
AcDbEntity
  8
Make2D___U+9359_U+7EFE__U+93C5_U+20AC_U+6C31_U+568E
 62
     7
370
     0
100
AcDbVertex
100
AcDb2dVertex
 10
22.59588378240949
 20
134.3808472891105
 30
0.0
  0
SEQEND
  5
494
330
491
100
AcDbEntity
  8
Make2D___U+9359_U+7EFE__U+93C5_U+20AC_U+6C31_U+568E
 62
     7
370
     0
  0
POLYLINE
  5
495
330
435
100
AcDbEntity
  8
Make2D___U+9359_U+7EFE__U+93C5_U+20AC_U+6C31_U+568E
 62
     7
370
     0
100
AcDb2dPolyline
 66
     1
 10
0.0
 20
0.0
 30
0.0
  0
VERTEX
  5
496
330
495
100
AcDbEntity
  8
Make2D___U+9359_U+7EFE__U+93C5_U+20AC_U+6C31_U+568E
 62
     7
370
     0
100
AcDbVertex
100
AcDb2dVertex
 10
19.2294665610284
 20
133.8808553574217
 30
0.0
  0
VERTEX
  5
497
330
495
100
AcDbEntity
  8
Make2D___U+9359_U+7EFE__U+93C5_U+20AC_U+6C31_U+568E
 62
     7
370
     0
100
AcDbVertex
100
AcDb2dVertex
 10
22.07155017142884
 20
133.8808553574217
 30
0.0
  0
SEQEND
  5
498
330
495
100
AcDbEntity
  8
Make2D___U+9359_U+7EFE__U+93C5_U+20AC_U+6C31_U+568E
 62
     7
370
     0
  0
POLYLINE
  5
499
330
435
100
AcDbEntity
  8
Make2D___U+9359_U+7EFE__U+93C5_U+20AC_U+6C31_U+568E
 62
     7
370
     0
100
AcDb2dPolyline
 66
     1
 10
0.0
 20
0.0
 30
0.0
  0
VERTEX
  5
49A
330
499
100
AcDbEntity
  8
Make2D___U+9359_U+7EFE__U+93C5_U+20AC_U+6C31_U+568E
 62
     7
370
     0
100
AcDbVertex
100
AcDb2dVertex
 10
2.652086009617959
 20
136.8808775031066
 30
0.0
  0
VERTEX
  5
49B
330
499
100
AcDbEntity
  8
Make2D___U+9359_U+7EFE__U+93C5_U+20AC_U+6C31_U+568E
 62
     7
370
     0
100
AcDbVertex
100
AcDb2dVertex
 10
2.652086009617959
 20
134.3808472891105
 30
0.0
  0
SEQEND
  5
49C
330
499
100
AcDbEntity
  8
Make2D___U+9359_U+7EFE__U+93C5_U+20AC_U+6C31_U+568E
 62
     7
370
     0
  0
POLYLINE
  5
49D
330
435
100
AcDbEntity
  8
Make2D___U+9359_U+7EFE__U+93C5_U+20AC_U+6C31_U+568E
 62
     7
370
     0
100
AcDb2dPolyline
 66
     1
 10
0.0
 20
0.0
 30
0.0
  0
VERTEX
  5
49E
330
49D
100
AcDbEntity
  8
Make2D___U+9359_U+7EFE__U+93C5_U+20AC_U+6C31_U+568E
 62
     7
370
     0
100
AcDbVertex
100
AcDb2dVertex
 10
22.59588378240949
 20
134.3808472891105
 30
0.0
  0
VERTEX
  5
49F
330
49D
100
AcDbEntity
  8
Make2D___U+9359_U+7EFE__U+93C5_U+20AC_U+6C31_U+568E
 62
     7
370
     0
100
AcDbVertex
100
AcDb2dVertex
 10
22.59588378240949
 20
136.8808775031066
 30
0.0
  0
SEQEND
  5
4A0
330
49D
100
AcDbEntity
  8
Make2D___U+9359_U+7EFE__U+93C5_U+20AC_U+6C31_U+568E
 62
     7
370
     0
  0
POLYLINE
  5
4A1
330
435
100
AcDbEntity
  8
Make2D___U+9359_U+7EFE__U+93C5_U+20AC_U+6C31_U+568E
 62
     7
370
     0
100
AcDb2dPolyline
 66
     1
 10
0.0
 20
0.0
 30
0.0
  0
VERTEX
  5
4A2
330
4A1
100
AcDbEntity
  8
Make2D___U+9359_U+7EFE__U+93C5_U+20AC_U+6C31_U+568E
 62
     7
370
     0
100
AcDbVertex
100
AcDb2dVertex
 10
20.32879267186445
 20
136.8808775031066
 30
0.0
  0
VERTEX
  5
4A3
330
4A1
100
AcDbEntity
  8
Make2D___U+9359_U+7EFE__U+93C5_U+20AC_U+6C31_U+568E
 62
     7
370
     0
100
AcDbVertex
100
AcDb2dVertex
 10
23.64458628214743
 20
136.8808775031066
 30
0.0
  0
SEQEND
  5
4A4
330
4A1
100
AcDbEntity
  8
Make2D___U+9359_U+7EFE__U+93C5_U+20AC_U+6C31_U+568E
 62
     7
370
     0
  0
POLYLINE
  5
4A5
330
435
100
AcDbEntity
  8
Make2D___U+9359_U+7EFE__U+93C5_U+20AC_U+6C31_U+568E
 62
     7
370
     0
100
AcDb2dPolyline
 66
     1
 10
0.0
 20
0.0
 30
0.0
  0
VERTEX
  5
4A6
330
4A5
100
AcDbEntity
  8
Make2D___U+9359_U+7EFE__U+93C5_U+20AC_U+6C31_U+568E
 62
     7
370
     0
100
AcDbVertex
100
AcDb2dVertex
 10
20.32879267186445
 20
138.8808805076378
 30
0.0
  0
VERTEX
  5
4A7
330
4A5
100
AcDbEntity
  8
Make2D___U+9359_U+7EFE__U+93C5_U+20AC_U+6C31_U+568E
 62
     7
370
     0
100
AcDbVertex
100
AcDb2dVertex
 10
23.64458628214743
 20
138.8808805076378
 30
0.0
  0
SEQEND
  5
4A8
330
4A5
100
AcDbEntity
  8
Make2D___U+9359_U+7EFE__U+93C5_U+20AC_U+6C31_U+568E
 62
     7
370
     0
  0
POLYLINE
  5
4A9
330
435
100
AcDbEntity
  8
Make2D___U+9359_U+7EFE__U+93C5_U+20AC_U+6C31_U+568E
 62
     7
370
     0
100
AcDb2dPolyline
 66
     1
 10
0.0
 20
0.0
 30
0.0
  0
VERTEX
  5
4AA
330
4A9
100
AcDbEntity
  8
Make2D___U+9359_U+7EFE__U+93C5_U+20AC_U+6C31_U+568E
 62
     7
370
     0
100
AcDbVertex
100
AcDb2dVertex
 10
23.64458628214743
 20
138.8808805076378
 30
0.0
  0
VERTEX
  5
4AB
330
4A9
100
AcDbEntity
  8
Make2D___U+9359_U+7EFE__U+93C5_U+20AC_U+6C31_U+568E
 62
     7
370
     0
100
AcDbVertex
100
AcDb2dVertex
 10
23.64458628214743
 20
136.8808775031066
 30
0.0
  0
SEQEND
  5
4AC
330
4A9
100
AcDbEntity
  8
Make2D___U+9359_U+7EFE__U+93C5_U+20AC_U+6C31_U+568E
 62
     7
370
     0
  0
POLYLINE
  5
4AD
330
435
100
AcDbEntity
  8
Make2D___U+9359_U+7EFE__U+93C5_U+20AC_U+6C31_U+568E
 62
     7
370
     0
100
AcDb2dPolyline
 66
     1
 10
0.0
 20
0.0
 30
0.0
  0
VERTEX
  5
4AE
330
4AD
100
AcDbEntity
  8
Make2D___U+9359_U+7EFE__U+93C5_U+20AC_U+6C31_U+568E
 62
     7
370
     0
100
AcDbVertex
100
AcDb2dVertex
 10
1.603418787657574
 20
136.8808775031066
 30
0.0
  0
VERTEX
  5
4AF
330
4AD
100
AcDbEntity
  8
Make2D___U+9359_U+7EFE__U+93C5_U+20AC_U+6C31_U+568E
 62
     7
370
     0
100
AcDbVertex
100
AcDb2dVertex
 10
4.919212397939189
 20
136.8808775031066
 30
0.0
  0
SEQEND
  5
4B0
330
4AD
100
AcDbEntity
  8
Make2D___U+9359_U+7EFE__U+93C5_U+20AC_U+6C31_U+568E
 62
     7
370
     0
  0
POLYLINE
  5
4B1
330
435
100
AcDbEntity
  8
Make2D___U+9359_U+7EFE__U+93C5_U+20AC_U+6C31_U+568E
 62
     7
370
     0
100
AcDb2dPolyline
 66
     1
 10
0.0
 20
0.0
 30
0.0
  0
VERTEX
  5
4B2
330
4B1
100
AcDbEntity
  8
Make2D___U+9359_U+7EFE__U+93C5_U+20AC_U+6C31_U+568E
 62
     7
370
     0
100
AcDbVertex
100
AcDb2dVertex
 10
1.603418787657574
 20
138.8808805076378
 30
0.0
  0
VERTEX
  5
4B3
330
4B1
100
AcDbEntity
  8
Make2D___U+9359_U+7EFE__U+93C5_U+20AC_U+6C31_U+568E
 62
     7
370
     0
100
AcDbVertex
100
AcDb2dVertex
 10
1.603418787657574
 20
136.8808775031066
 30
0.0
  0
SEQEND
  5
4B4
330
4B1
100
AcDbEntity
  8
Make2D___U+9359_U+7EFE__U+93C5_U+20AC_U+6C31_U+568E
 62
     7
370
     0
  0
POLYLINE
  5
4B5
330
435
100
AcDbEntity
  8
Make2D___U+9359_U+7EFE__U+93C5_U+20AC_U+6C31_U+568E
 62
     7
370
     0
100
AcDb2dPolyline
 66
     1
 10
0.0
 20
0.0
 30
0.0
  0
VERTEX
  5
4B6
330
4B5
100
AcDbEntity
  8
Make2D___U+9359_U+7EFE__U+93C5_U+20AC_U+6C31_U+568E
 62
     7
370
     0
100
AcDbVertex
100
AcDb2dVertex
 10
1.603418787657574
 20
138.8808805076378
 30
0.0
  0
VERTEX
  5
4B7
330
4B5
100
AcDbEntity
  8
Make2D___U+9359_U+7EFE__U+93C5_U+20AC_U+6C31_U+568E
 62
     7
370
     0
100
AcDbVertex
100
AcDb2dVertex
 10
4.919212397939189
 20
138.8808805076378
 30
0.0
  0
SEQEND
  5
4B8
330
4B5
100
AcDbEntity
  8
Make2D___U+9359_U+7EFE__U+93C5_U+20AC_U+6C31_U+568E
 62
     7
370
     0
  0
POLYLINE
  5
4B9
330
435
100
AcDbEntity
  8
Make2D___U+9359_U+7EFE__U+93C5_U+20AC_U+6C31_U+568E
 62
     7
370
     0
100
AcDb2dPolyline
 66
     1
 10
0.0
 20
0.0
 30
0.0
  0
VERTEX
  5
4BA
330
4B9
100
AcDbEntity
  8
Make2D___U+9359_U+7EFE__U+93C5_U+20AC_U+6C31_U+568E
 62
     7
370
     0
100
AcDbVertex
100
AcDb2dVertex
 10
2.652086009617959
 20
148.8808602525169
 30
0.0
  0
VERTEX
  5
4BB
330
4B9
100
AcDbEntity
  8
Make2D___U+9359_U+7EFE__U+93C5_U+20AC_U+6C31_U+568E
 62
     7
370
     0
100
AcDbVertex
100
AcDb2dVertex
 10
2.652086009617959
 20
150.8808632570481
 30
0.0
  0
SEQEND
  5
4BC
330
4B9
100
AcDbEntity
  8
Make2D___U+9359_U+7EFE__U+93C5_U+20AC_U+6C31_U+568E
 62
     7
370
     0
  0
POLYLINE
  5
4BD
330
435
100
AcDbEntity
  8
Make2D___U+9359_U+7EFE__U+93C5_U+20AC_U+6C31_U+568E
 62
     7
370
     0
100
AcDb2dPolyline
 66
     1
 10
0.0
 20
0.0
 30
0.0
  0
VERTEX
  5
4BE
330
4BD
100
AcDbEntity
  8
Make2D___U+9359_U+7EFE__U+93C5_U+20AC_U+6C31_U+568E
 62
     7
370
     0
100
AcDbVertex
100
AcDb2dVertex
 10
22.59588378240949
 20
148.8808602525169
 30
0.0
  0
VERTEX
  5
4BF
330
4BD
100
AcDbEntity
  8
Make2D___U+9359_U+7EFE__U+93C5_U+20AC_U+6C31_U+568E
 62
     7
370
     0
100
AcDbVertex
100
AcDb2dVertex
 10
22.59588378240949
 20
150.8808632570481
 30
0.0
  0
SEQEND
  5
4C0
330
4BD
100
AcDbEntity
  8
Make2D___U+9359_U+7EFE__U+93C5_U+20AC_U+6C31_U+568E
 62
     7
370
     0
  0
POLYLINE
  5
4C1
330
435
100
AcDbEntity
  8
Make2D___U+9359_U+7EFE__U+93C5_U+20AC_U+6C31_U+568E
 62
     7
370
     0
100
AcDb2dPolyline
 66
     1
 10
0.0
 20
0.0
 30
0.0
  0
VERTEX
  5
4C2
330
4C1
100
AcDbEntity
  8
Make2D___U+9359_U+7EFE__U+93C5_U+20AC_U+6C31_U+568E
 62
     7
370
     0
100
AcDbVertex
100
AcDb2dVertex
 10
4.919212397939189
 20
148.8808602525169
 30
0.0
  0
VERTEX
  5
4C3
330
4C1
100
AcDbEntity
  8
Make2D___U+9359_U+7EFE__U+93C5_U+20AC_U+6C31_U+568E
 62
     7
370
     0
100
AcDbVertex
100
AcDb2dVertex
 10
1.603418787657574
 20
148.8808602525169
 30
0.0
  0
SEQEND
  5
4C4
330
4C1
100
AcDbEntity
  8
Make2D___U+9359_U+7EFE__U+93C5_U+20AC_U+6C31_U+568E
 62
     7
370
     0
  0
POLYLINE
  5
4C5
330
435
100
AcDbEntity
  8
Make2D___U+9359_U+7EFE__U+93C5_U+20AC_U+6C31_U+568E
 62
     7
370
     0
100
AcDb2dPolyline
 66
     1
 10
0.0
 20
0.0
 30
0.0
  0
VERTEX
  5
4C6
330
4C5
100
AcDbEntity
  8
Make2D___U+9359_U+7EFE__U+93C5_U+20AC_U+6C31_U+568E
 62
     7
370
     0
100
AcDbVertex
100
AcDb2dVertex
 10
1.603418787657574
 20
146.8808572479856
 30
0.0
  0
VERTEX
  5
4C7
330
4C5
100
AcDbEntity
  8
Make2D___U+9359_U+7EFE__U+93C5_U+20AC_U+6C31_U+568E
 62
     7
370
     0
100
AcDbVertex
100
AcDb2dVertex
 10
4.919212397939189
 20
146.8808572479856
 30
0.0
  0
SEQEND
  5
4C8
330
4C5
100
AcDbEntity
  8
Make2D___U+9359_U+7EFE__U+93C5_U+20AC_U+6C31_U+568E
 62
     7
370
     0
  0
POLYLINE
  5
4C9
330
435
100
AcDbEntity
  8
Make2D___U+9359_U+7EFE__U+93C5_U+20AC_U+6C31_U+568E
 62
     7
370
     0
100
AcDb2dPolyline
 66
     1
 10
0.0
 20
0.0
 30
0.0
  0
VERTEX
  5
4CA
330
4C9
100
AcDbEntity
  8
Make2D___U+9359_U+7EFE__U+93C5_U+20AC_U+6C31_U+568E
 62
     7
370
     0
100
AcDbVertex
100
AcDb2dVertex
 10
1.603418787657574
 20
146.8808572479856
 30
0.0
  0
VERTEX
  5
4CB
330
4C9
100
AcDbEntity
  8
Make2D___U+9359_U+7EFE__U+93C5_U+20AC_U+6C31_U+568E
 62
     7
370
     0
100
AcDbVertex
100
AcDb2dVertex
 10
1.603418787657574
 20
148.8808602525169
 30
0.0
  0
SEQEND
  5
4CC
330
4C9
100
AcDbEntity
  8
Make2D___U+9359_U+7EFE__U+93C5_U+20AC_U+6C31_U+568E
 62
     7
370
     0
  0
POLYLINE
  5
4CD
330
435
100
AcDbEntity
  8
Make2D___U+9359_U+7EFE__U+93C5_U+20AC_U+6C31_U+568E
 62
     7
370
     0
100
AcDb2dPolyline
 66
     1
 10
0.0
 20
0.0
 30
0.0
  0
VERTEX
  5
4CE
330
4CD
100
AcDbEntity
  8
Make2D___U+9359_U+7EFE__U+93C5_U+20AC_U+6C31_U+568E
 62
     7
370
     0
100
AcDbVertex
100
AcDb2dVertex
 10
23.64458628214743
 20
148.8808602525169
 30
0.0
  0
VERTEX
  5
4CF
330
4CD
100
AcDbEntity
  8
Make2D___U+9359_U+7EFE__U+93C5_U+20AC_U+6C31_U+568E
 62
     7
370
     0
100
AcDbVertex
100
AcDb2dVertex
 10
20.32879267186445
 20
148.8808602525169
 30
0.0
  0
SEQEND
  5
4D0
330
4CD
100
AcDbEntity
  8
Make2D___U+9359_U+7EFE__U+93C5_U+20AC_U+6C31_U+568E
 62
     7
370
     0
  0
POLYLINE
  5
4D1
330
435
100
AcDbEntity
  8
Make2D___U+9359_U+7EFE__U+93C5_U+20AC_U+6C31_U+568E
 62
     7
370
     0
100
AcDb2dPolyline
 66
     1
 10
0.0
 20
0.0
 30
0.0
  0
VERTEX
  5
4D2
330
4D1
100
AcDbEntity
  8
Make2D___U+9359_U+7EFE__U+93C5_U+20AC_U+6C31_U+568E
 62
     7
370
     0
100
AcDbVertex
100
AcDb2dVertex
 10
23.64458628214743
 20
146.8808572479856
 30
0.0
  0
VERTEX
  5
4D3
330
4D1
100
AcDbEntity
  8
Make2D___U+9359_U+7EFE__U+93C5_U+20AC_U+6C31_U+568E
 62
     7
370
     0
100
AcDbVertex
100
AcDb2dVertex
 10
23.64458628214743
 20
148.8808602525169
 30
0.0
  0
SEQEND
  5
4D4
330
4D1
100
AcDbEntity
  8
Make2D___U+9359_U+7EFE__U+93C5_U+20AC_U+6C31_U+568E
 62
     7
370
     0
  0
POLYLINE
  5
4D5
330
435
100
AcDbEntity
  8
Make2D___U+9359_U+7EFE__U+93C5_U+20AC_U+6C31_U+568E
 62
     7
370
     0
100
AcDb2dPolyline
 66
     1
 10
0.0
 20
0.0
 30
0.0
  0
VERTEX
  5
4D6
330
4D5
100
AcDbEntity
  8
Make2D___U+9359_U+7EFE__U+93C5_U+20AC_U+6C31_U+568E
 62
     7
370
     0
100
AcDbVertex
100
AcDb2dVertex
 10
20.32879267186445
 20
146.8808572479856
 30
0.0
  0
VERTEX
  5
4D7
330
4D5
100
AcDbEntity
  8
Make2D___U+9359_U+7EFE__U+93C5_U+20AC_U+6C31_U+568E
 62
     7
370
     0
100
AcDbVertex
100
AcDb2dVertex
 10
23.64458628214743
 20
146.8808572479856
 30
0.0
  0
SEQEND
  5
4D8
330
4D5
100
AcDbEntity
  8
Make2D___U+9359_U+7EFE__U+93C5_U+20AC_U+6C31_U+568E
 62
     7
370
     0
  0
POLYLINE
  5
4D9
330
435
100
AcDbEntity
  8
Make2D___U+9359_U+7EFE__U+93C5_U+20AC_U+6C31_U+568E
 62
     7
370
     0
100
AcDb2dPolyline
 66
     1
 10
0.0
 20
0.0
 30
0.0
  0
VERTEX
  5
4DA
330
4D9
100
AcDbEntity
  8
Make2D___U+9359_U+7EFE__U+93C5_U+20AC_U+6C31_U+568E
 62
     7
370
     0
100
AcDbVertex
100
AcDb2dVertex
 10
2.652086009617959
 20
143.8808703800769
 30
0.0
  0
VERTEX
  5
4DB
330
4D9
100
AcDbEntity
  8
Make2D___U+9359_U+7EFE__U+93C5_U+20AC_U+6C31_U+568E
 62
     7
370
     0
100
AcDbVertex
100
AcDb2dVertex
 10
2.652086009617959
 20
146.8808572479856
 30
0.0
  0
SEQEND
  5
4DC
330
4D9
100
AcDbEntity
  8
Make2D___U+9359_U+7EFE__U+93C5_U+20AC_U+6C31_U+568E
 62
     7
370
     0
  0
POLYLINE
  5
4DD
330
435
100
AcDbEntity
  8
Make2D___U+9359_U+7EFE__U+93C5_U+20AC_U+6C31_U+568E
 62
     7
370
     0
100
AcDb2dPolyline
 66
     1
 10
0.0
 20
0.0
 30
0.0
  0
VERTEX
  5
4DE
330
4DD
100
AcDbEntity
  8
Make2D___U+9359_U+7EFE__U+93C5_U+20AC_U+6C31_U+568E
 62
     7
370
     0
100
AcDbVertex
100
AcDb2dVertex
 10
22.59588378240949
 20
146.8808572479856
 30
0.0
  0
VERTEX
  5
4DF
330
4DD
100
AcDbEntity
  8
Make2D___U+9359_U+7EFE__U+93C5_U+20AC_U+6C31_U+568E
 62
     7
370
     0
100
AcDbVertex
100
AcDb2dVertex
 10
22.59588378240949
 20
143.8808703800769
 30
0.0
  0
SEQEND
  5
4E0
330
4DD
100
AcDbEntity
  8
Make2D___U+9359_U+7EFE__U+93C5_U+20AC_U+6C31_U+568E
 62
     7
370
     0
  0
POLYLINE
  5
4E1
330
435
100
AcDbEntity
  8
Make2D___U+9359_U+7EFE__U+93C5_U+20AC_U+6C31_U+568E
 62
     7
370
     0
100
AcDb2dPolyline
 66
     1
 10
0.0
 20
0.0
 30
0.0
  0
VERTEX
  5
4E2
330
4E1
100
AcDbEntity
  8
Make2D___U+9359_U+7EFE__U+93C5_U+20AC_U+6C31_U+568E
 62
     7
370
     0
100
AcDbVertex
100
AcDb2dVertex
 10
4.919212397939189
 20
143.8808703800769
 30
0.0
  0
VERTEX
  5
4E3
330
4E1
100
AcDbEntity
  8
Make2D___U+9359_U+7EFE__U+93C5_U+20AC_U+6C31_U+568E
 62
     7
370
     0
100
AcDbVertex
100
AcDb2dVertex
 10
1.603418787657574
 20
143.8808703800769
 30
0.0
  0
SEQEND
  5
4E4
330
4E1
100
AcDbEntity
  8
Make2D___U+9359_U+7EFE__U+93C5_U+20AC_U+6C31_U+568E
 62
     7
370
     0
  0
POLYLINE
  5
4E5
330
435
100
AcDbEntity
  8
Make2D___U+9359_U+7EFE__U+93C5_U+20AC_U+6C31_U+568E
 62
     7
370
     0
100
AcDb2dPolyline
 66
     1
 10
0.0
 20
0.0
 30
0.0
  0
VERTEX
  5
4E6
330
4E5
100
AcDbEntity
  8
Make2D___U+9359_U+7EFE__U+93C5_U+20AC_U+6C31_U+568E
 62
     7
370
     0
100
AcDbVertex
100
AcDb2dVertex
 10
1.603418787657574
 20
141.8808673755466
 30
0.0
  0
VERTEX
  5
4E7
330
4E5
100
AcDbEntity
  8
Make2D___U+9359_U+7EFE__U+93C5_U+20AC_U+6C31_U+568E
 62
     7
370
     0
100
AcDbVertex
100
AcDb2dVertex
 10
4.919212397939189
 20
141.8808673755466
 30
0.0
  0
SEQEND
  5
4E8
330
4E5
100
AcDbEntity
  8
Make2D___U+9359_U+7EFE__U+93C5_U+20AC_U+6C31_U+568E
 62
     7
370
     0
  0
POLYLINE
  5
4E9
330
435
100
AcDbEntity
  8
Make2D___U+9359_U+7EFE__U+93C5_U+20AC_U+6C31_U+568E
 62
     7
370
     0
100
AcDb2dPolyline
 66
     1
 10
0.0
 20
0.0
 30
0.0
  0
VERTEX
  5
4EA
330
4E9
100
AcDbEntity
  8
Make2D___U+9359_U+7EFE__U+93C5_U+20AC_U+6C31_U+568E
 62
     7
370
     0
100
AcDbVertex
100
AcDb2dVertex
 10
1.603418787657574
 20
141.8808673755466
 30
0.0
  0
VERTEX
  5
4EB
330
4E9
100
AcDbEntity
  8
Make2D___U+9359_U+7EFE__U+93C5_U+20AC_U+6C31_U+568E
 62
     7
370
     0
100
AcDbVertex
100
AcDb2dVertex
 10
1.603418787657574
 20
143.8808703800769
 30
0.0
  0
SEQEND
  5
4EC
330
4E9
100
AcDbEntity
  8
Make2D___U+9359_U+7EFE__U+93C5_U+20AC_U+6C31_U+568E
 62
     7
370
     0
  0
POLYLINE
  5
4ED
330
435
100
AcDbEntity
  8
Make2D___U+9359_U+7EFE__U+93C5_U+20AC_U+6C31_U+568E
 62
     7
370
     0
100
AcDb2dPolyline
 66
     1
 10
0.0
 20
0.0
 30
0.0
  0
VERTEX
  5
4EE
330
4ED
100
AcDbEntity
  8
Make2D___U+9359_U+7EFE__U+93C5_U+20AC_U+6C31_U+568E
 62
     7
370
     0
100
AcDbVertex
100
AcDb2dVertex
 10
23.64458628214743
 20
143.8808703800769
 30
0.0
  0
VERTEX
  5
4EF
330
4ED
100
AcDbEntity
  8
Make2D___U+9359_U+7EFE__U+93C5_U+20AC_U+6C31_U+568E
 62
     7
370
     0
100
AcDbVertex
100
AcDb2dVertex
 10
20.32879267186445
 20
143.8808703800769
 30
0.0
  0
SEQEND
  5
4F0
330
4ED
100
AcDbEntity
  8
Make2D___U+9359_U+7EFE__U+93C5_U+20AC_U+6C31_U+568E
 62
     7
370
     0
  0
POLYLINE
  5
4F1
330
435
100
AcDbEntity
  8
Make2D___U+9359_U+7EFE__U+93C5_U+20AC_U+6C31_U+568E
 62
     7
370
     0
100
AcDb2dPolyline
 66
     1
 10
0.0
 20
0.0
 30
0.0
  0
VERTEX
  5
4F2
330
4F1
100
AcDbEntity
  8
Make2D___U+9359_U+7EFE__U+93C5_U+20AC_U+6C31_U+568E
 62
     7
370
     0
100
AcDbVertex
100
AcDb2dVertex
 10
23.64458628214743
 20
141.8808673755466
 30
0.0
  0
VERTEX
  5
4F3
330
4F1
100
AcDbEntity
  8
Make2D___U+9359_U+7EFE__U+93C5_U+20AC_U+6C31_U+568E
 62
     7
370
     0
100
AcDbVertex
100
AcDb2dVertex
 10
23.64458628214743
 20
143.8808703800769
 30
0.0
  0
SEQEND
  5
4F4
330
4F1
100
AcDbEntity
  8
Make2D___U+9359_U+7EFE__U+93C5_U+20AC_U+6C31_U+568E
 62
     7
370
     0
  0
POLYLINE
  5
4F5
330
435
100
AcDbEntity
  8
Make2D___U+9359_U+7EFE__U+93C5_U+20AC_U+6C31_U+568E
 62
     7
370
     0
100
AcDb2dPolyline
 66
     1
 10
0.0
 20
0.0
 30
0.0
  0
VERTEX
  5
4F6
330
4F5
100
AcDbEntity
  8
Make2D___U+9359_U+7EFE__U+93C5_U+20AC_U+6C31_U+568E
 62
     7
370
     0
100
AcDbVertex
100
AcDb2dVertex
 10
20.32879267186445
 20
141.8808673755466
 30
0.0
  0
VERTEX
  5
4F7
330
4F5
100
AcDbEntity
  8
Make2D___U+9359_U+7EFE__U+93C5_U+20AC_U+6C31_U+568E
 62
     7
370
     0
100
AcDbVertex
100
AcDb2dVertex
 10
23.64458628214743
 20
141.8808673755466
 30
0.0
  0
SEQEND
  5
4F8
330
4F5
100
AcDbEntity
  8
Make2D___U+9359_U+7EFE__U+93C5_U+20AC_U+6C31_U+568E
 62
     7
370
     0
  0
POLYLINE
  5
4F9
330
435
100
AcDbEntity
  8
Make2D___U+9359_U+7EFE__U+93C5_U+20AC_U+6C31_U+568E
 62
     7
370
     0
100
AcDb2dPolyline
 66
     1
 10
0.0
 20
0.0
 30
0.0
  0
VERTEX
  5
4FA
330
4F9
100
AcDbEntity
  8
Make2D___U+9359_U+7EFE__U+93C5_U+20AC_U+6C31_U+568E
 62
     7
370
     0
100
AcDbVertex
100
AcDb2dVertex
 10
22.59588378240949
 20
141.8808673755466
 30
0.0
  0
VERTEX
  5
4FB
330
4F9
100
AcDbEntity
  8
Make2D___U+9359_U+7EFE__U+93C5_U+20AC_U+6C31_U+568E
 62
     7
370
     0
100
AcDbVertex
100
AcDb2dVertex
 10
22.59588378240949
 20
138.8808805076378
 30
0.0
  0
SEQEND
  5
4FC
330
4F9
100
AcDbEntity
  8
Make2D___U+9359_U+7EFE__U+93C5_U+20AC_U+6C31_U+568E
 62
     7
370
     0
  0
POLYLINE
  5
4FD
330
435
100
AcDbEntity
  8
Make2D___U+9359_U+7EFE__U+93C5_U+20AC_U+6C31_U+568E
 62
     7
370
     0
100
AcDb2dPolyline
 66
     1
 10
0.0
 20
0.0
 30
0.0
  0
VERTEX
  5
4FE
330
4FD
100
AcDbEntity
  8
Make2D___U+9359_U+7EFE__U+93C5_U+20AC_U+6C31_U+568E
 62
     7
370
     0
100
AcDbVertex
100
AcDb2dVertex
 10
2.652086009617959
 20
138.8808805076378
 30
0.0
  0
VERTEX
  5
4FF
330
4FD
100
AcDbEntity
  8
Make2D___U+9359_U+7EFE__U+93C5_U+20AC_U+6C31_U+568E
 62
     7
370
     0
100
AcDbVertex
100
AcDb2dVertex
 10
2.652086009617959
 20
141.8808673755466
 30
0.0
  0
SEQEND
  5
500
330
4FD
100
AcDbEntity
  8
Make2D___U+9359_U+7EFE__U+93C5_U+20AC_U+6C31_U+568E
 62
     7
370
     0
  0
POLYLINE
  5
501
330
435
100
AcDbEntity
  8
Make2D___U+9359_U+7EFE__U+93C5_U+20AC_U+6C31_U+568E
 62
     7
370
     0
100
AcDb2dPolyline
 66
     1
 10
0.0
 20
0.0
 30
0.0
  0
VERTEX
  5
502
330
501
100
AcDbEntity
  8
Make2D___U+9359_U+7EFE__U+93C5_U+20AC_U+6C31_U+568E
 62
     7
370
     0
100
AcDbVertex
100
AcDb2dVertex
 10
-5.937135654902134
 20
195.3171743456059
 30
0.0
  0
VERTEX
  5
503
330
501
100
AcDbEntity
  8
Make2D___U+9359_U+7EFE__U+93C5_U+20AC_U+6C31_U+568E
 62
     7
370
     0
100
AcDbVertex
100
AcDb2dVertex
 10
-3.937167877624233
 20
194.2684718723603
 30
0.0
  0
SEQEND
  5
504
330
501
100
AcDbEntity
  8
Make2D___U+9359_U+7EFE__U+93C5_U+20AC_U+6C31_U+568E
 62
     7
370
     0
  0
POLYLINE
  5
505
330
435
100
AcDbEntity
  8
Make2D___U+9359_U+7EFE__U+93C5_U+20AC_U+6C31_U+568E
 62
     7
370
     0
100
AcDb2dPolyline
 66
     1
 10
0.0
 20
0.0
 30
0.0
  0
VERTEX
  5
506
330
505
100
AcDbEntity
  8
Make2D___U+9359_U+7EFE__U+93C5_U+20AC_U+6C31_U+568E
 62
     7
370
     0
100
AcDbVertex
100
AcDb2dVertex
 10
-9.125999820771426
 20
191.6855741604776
 30
0.0
  0
VERTEX
  5
507
330
505
100
AcDbEntity
  8
Make2D___U+9359_U+7EFE__U+93C5_U+20AC_U+6C31_U+568E
 62
     7
370
     0
100
AcDbVertex
100
AcDb2dVertex
 10
-9.125999820771426
 20
195.3171743456059
 30
0.0
  0
SEQEND
  5
508
330
505
100
AcDbEntity
  8
Make2D___U+9359_U+7EFE__U+93C5_U+20AC_U+6C31_U+568E
 62
     7
370
     0
  0
POLYLINE
  5
509
330
435
100
AcDbEntity
  8
Make2D___U+9359_U+7EFE__U+93C5_U+20AC_U+6C31_U+568E
 62
     7
370
     0
100
AcDb2dPolyline
 66
     1
 10
0.0
 20
0.0
 30
0.0
  0
VERTEX
  5
50A
330
509
100
AcDbEntity
  8
Make2D___U+9359_U+7EFE__U+93C5_U+20AC_U+6C31_U+568E
 62
     7
370
     0
100
AcDbVertex
100
AcDb2dVertex
 10
-9.125999820771426
 20
195.3171743456059
 30
0.0
  0
VERTEX
  5
50B
330
509
100
AcDbEntity
  8
Make2D___U+9359_U+7EFE__U+93C5_U+20AC_U+6C31_U+568E
 62
     7
370
     0
100
AcDbVertex
100
AcDb2dVertex
 10
-5.937135654902134
 20
195.3171743456059
 30
0.0
  0
SEQEND
  5
50C
330
509
100
AcDbEntity
  8
Make2D___U+9359_U+7EFE__U+93C5_U+20AC_U+6C31_U+568E
 62
     7
370
     0
  0
POLYLINE
  5
50D
330
435
100
AcDbEntity
  8
Make2D___U+9359_U+7EFE__U+93C5_U+20AC_U+6C31_U+568E
 62
     7
370
     0
100
AcDb2dPolyline
 66
     1
 10
0.0
 20
0.0
 30
0.0
  0
VERTEX
  5
50E
330
50D
100
AcDbEntity
  8
Make2D___U+9359_U+7EFE__U+93C5_U+20AC_U+6C31_U+568E
 62
     7
370
     0
100
AcDbVertex
100
AcDb2dVertex
 10
-9.125999820771426
 20
191.6855741604776
 30
0.0
  0
VERTEX
  5
50F
330
50D
100
AcDbEntity
  8
Make2D___U+9359_U+7EFE__U+93C5_U+20AC_U+6C31_U+568E
 62
     7
370
     0
100
AcDbVertex
100
AcDb2dVertex
 10
-9.125999820771426
 20
188.6137617388458
 30
0.0
  0
SEQEND
  5
510
330
50D
100
AcDbEntity
  8
Make2D___U+9359_U+7EFE__U+93C5_U+20AC_U+6C31_U+568E
 62
     7
370
     0
  0
POLYLINE
  5
511
330
435
100
AcDbEntity
  8
Make2D___U+9359_U+7EFE__U+93C5_U+20AC_U+6C31_U+568E
 62
     7
370
     0
100
AcDb2dPolyline
 66
     1
 10
0.0
 20
0.0
 30
0.0
  0
VERTEX
  5
512
330
511
100
AcDbEntity
  8
Make2D___U+9359_U+7EFE__U+93C5_U+20AC_U+6C31_U+568E
 62
     7
370
     0
100
AcDbVertex
100
AcDb2dVertex
 10
-3.922139544294623
 20
171.4932449534044
 30
0.0
  0
VERTEX
  5
513
330
511
100
AcDbEntity
  8
Make2D___U+9359_U+7EFE__U+93C5_U+20AC_U+6C31_U+568E
 62
     7
370
     0
100
AcDbVertex
100
AcDb2dVertex
 10
1.236388787749091
 20
171.4932449534044
 30
0.0
  0
SEQEND
  5
514
330
511
100
AcDbEntity
  8
Make2D___U+9359_U+7EFE__U+93C5_U+20AC_U+6C31_U+568E
 62
     7
370
     0
  0
POLYLINE
  5
515
330
435
100
AcDbEntity
  8
Make2D___U+9359_U+7EFE__U+93C5_U+20AC_U+6C31_U+568E
 62
     7
370
     0
100
AcDb2dPolyline
 66
     1
 10
0.0
 20
0.0
 30
0.0
  0
VERTEX
  5
516
330
515
100
AcDbEntity
  8
Make2D___U+9359_U+7EFE__U+93C5_U+20AC_U+6C31_U+568E
 62
     7
370
     0
100
AcDbVertex
100
AcDb2dVertex
 10
1.236388787749091
 20
171.4932449534044
 30
0.0
  0
VERTEX
  5
517
330
515
100
AcDbEntity
  8
Make2D___U+9359_U+7EFE__U+93C5_U+20AC_U+6C31_U+568E
 62
     7
370
     0
100
AcDbVertex
100
AcDb2dVertex
 10
1.236388787749091
 20
165.6660264909587
 30
0.0
  0
SEQEND
  5
518
330
515
100
AcDbEntity
  8
Make2D___U+9359_U+7EFE__U+93C5_U+20AC_U+6C31_U+568E
 62
     7
370
     0
  0
POLYLINE
  5
519
330
435
100
AcDbEntity
  8
Make2D___U+9359_U+7EFE__U+93C5_U+20AC_U+6C31_U+568E
 62
     7
370
     0
100
AcDb2dPolyline
 66
     1
 10
0.0
 20
0.0
 30
0.0
  0
VERTEX
  5
51A
330
519
100
AcDbEntity
  8
Make2D___U+9359_U+7EFE__U+93C5_U+20AC_U+6C31_U+568E
 62
     7
370
     0
100
AcDbVertex
100
AcDb2dVertex
 10
1.236388787749091
 20
165.6660264909587
 30
0.0
  0
VERTEX
  5
51B
330
519
100
AcDbEntity
  8
Make2D___U+9359_U+7EFE__U+93C5_U+20AC_U+6C31_U+568E
 62
     7
370
     0
100
AcDbVertex
100
AcDb2dVertex
 10
0.187686288011264
 20
163.6660234864275
 30
0.0
  0
SEQEND
  5
51C
330
519
100
AcDbEntity
  8
Make2D___U+9359_U+7EFE__U+93C5_U+20AC_U+6C31_U+568E
 62
     7
370
     0
  0
POLYLINE
  5
51D
330
435
100
AcDbEntity
  8
Make2D___U+9359_U+7EFE__U+93C5_U+20AC_U+6C31_U+568E
 62
     7
370
     0
100
AcDb2dPolyline
 66
     1
 10
0.0
 20
0.0
 30
0.0
  0
VERTEX
  5
51E
330
51D
100
AcDbEntity
  8
Make2D___U+9359_U+7EFE__U+93C5_U+20AC_U+6C31_U+568E
 62
     7
370
     0
100
AcDbVertex
100
AcDb2dVertex
 10
-5.922142599350195
 20
170.4445777579367
 30
0.0
  0
VERTEX
  5
51F
330
51D
100
AcDbEntity
  8
Make2D___U+9359_U+7EFE__U+93C5_U+20AC_U+6C31_U+568E
 62
     7
370
     0
100
AcDbVertex
100
AcDb2dVertex
 10
-3.922139544294623
 20
171.4932449534044
 30
0.0
  0
SEQEND
  5
520
330
51D
100
AcDbEntity
  8
Make2D___U+9359_U+7EFE__U+93C5_U+20AC_U+6C31_U+568E
 62
     7
370
     0
  0
POLYLINE
  5
521
330
435
100
AcDbEntity
  8
Make2D___U+9359_U+7EFE__U+93C5_U+20AC_U+6C31_U+568E
 62
     7
370
     0
100
AcDb2dPolyline
 66
     1
 10
0.0
 20
0.0
 30
0.0
  0
VERTEX
  5
522
330
521
100
AcDbEntity
  8
Make2D___U+9359_U+7EFE__U+93C5_U+20AC_U+6C31_U+568E
 62
     7
370
     0
100
AcDbVertex
100
AcDb2dVertex
 10
6.891099064113291
 20
161.1443679952053
 30
0.0
  0
VERTEX
  5
523
330
521
100
AcDbEntity
  8
Make2D___U+9359_U+7EFE__U+93C5_U+20AC_U+6C31_U+568E
 62
     7
370
     0
100
AcDbVertex
100
AcDb2dVertex
 10
6.891099064113291
 20
177.147990364695
 30
0.0
  0
SEQEND
  5
524
330
521
100
AcDbEntity
  8
Make2D___U+9359_U+7EFE__U+93C5_U+20AC_U+6C31_U+568E
 62
     7
370
     0
  0
POLYLINE
  5
525
330
435
100
AcDbEntity
  8
Make2D___U+9359_U+7EFE__U+93C5_U+20AC_U+6C31_U+568E
 62
     7
370
     0
100
AcDb2dPolyline
 66
     1
 10
0.0
 20
0.0
 30
0.0
  0
VERTEX
  5
526
330
525
100
AcDbEntity
  8
Make2D___U+9359_U+7EFE__U+93C5_U+20AC_U+6C31_U+568E
 62
     7
370
     0
100
AcDbVertex
100
AcDb2dVertex
 10
-9.112488431886047
 20
177.147990364695
 30
0.0
  0
VERTEX
  5
527
330
525
100
AcDbEntity
  8
Make2D___U+9359_U+7EFE__U+93C5_U+20AC_U+6C31_U+568E
 62
     7
370
     0
100
AcDbVertex
100
AcDb2dVertex
 10
-9.112488431886047
 20
174.0761426652871
 30
0.0
  0
SEQEND
  5
528
330
525
100
AcDbEntity
  8
Make2D___U+9359_U+7EFE__U+93C5_U+20AC_U+6C31_U+568E
 62
     7
370
     0
  0
POLYLINE
  5
529
330
435
100
AcDbEntity
  8
Make2D___U+9359_U+7EFE__U+93C5_U+20AC_U+6C31_U+568E
 62
     7
370
     0
100
AcDb2dPolyline
 66
     1
 10
0.0
 20
0.0
 30
0.0
  0
VERTEX
  5
52A
330
529
100
AcDbEntity
  8
Make2D___U+9359_U+7EFE__U+93C5_U+20AC_U+6C31_U+568E
 62
     7
370
     0
100
AcDbVertex
100
AcDb2dVertex
 10
-9.112488431886047
 20
174.0761426652871
 30
0.0
  0
VERTEX
  5
52B
330
529
100
AcDbEntity
  8
Make2D___U+9359_U+7EFE__U+93C5_U+20AC_U+6C31_U+568E
 62
     7
370
     0
100
AcDbVertex
100
AcDb2dVertex
 10
-9.112488431886047
 20
170.4445777579367
 30
0.0
  0
SEQEND
  5
52C
330
529
100
AcDbEntity
  8
Make2D___U+9359_U+7EFE__U+93C5_U+20AC_U+6C31_U+568E
 62
     7
370
     0
  0
POLYLINE
  5
52D
330
435
100
AcDbEntity
  8
Make2D___U+9359_U+7EFE__U+93C5_U+20AC_U+6C31_U+568E
 62
     7
370
     0
100
AcDb2dPolyline
 66
     1
 10
0.0
 20
0.0
 30
0.0
  0
VERTEX
  5
52E
330
52D
100
AcDbEntity
  8
Make2D___U+9359_U+7EFE__U+93C5_U+20AC_U+6C31_U+568E
 62
     7
370
     0
100
AcDbVertex
100
AcDb2dVertex
 10
-5.922142599350195
 20
170.4445777579367
 30
0.0
  0
VERTEX
  5
52F
330
52D
100
AcDbEntity
  8
Make2D___U+9359_U+7EFE__U+93C5_U+20AC_U+6C31_U+568E
 62
     7
370
     0
100
AcDbVertex
100
AcDb2dVertex
 10
-9.112488431886047
 20
170.4445777579367
 30
0.0
  0
SEQEND
  5
530
330
52D
100
AcDbEntity
  8
Make2D___U+9359_U+7EFE__U+93C5_U+20AC_U+6C31_U+568E
 62
     7
370
     0
  0
POLYLINE
  5
531
330
435
100
AcDbEntity
  8
Make2D___U+9359_U+7EFE__U+93C5_U+20AC_U+6C31_U+568E
 62
     7
370
     0
100
AcDb2dPolyline
 66
     1
 10
0.0
 20
0.0
 30
0.0
  0
VERTEX
  5
532
330
531
100
AcDbEntity
  8
Make2D___U+9359_U+7EFE__U+93C5_U+20AC_U+6C31_U+568E
 62
     7
370
     0
100
AcDbVertex
100
AcDb2dVertex
 10
0.187686288011264
 20
161.1443679952053
 30
0.0
  0
VERTEX
  5
533
330
531
100
AcDbEntity
  8
Make2D___U+9359_U+7EFE__U+93C5_U+20AC_U+6C31_U+568E
 62
     7
370
     0
100
AcDbVertex
100
AcDb2dVertex
 10
3.819286564881053
 20
161.1443679952053
 30
0.0
  0
SEQEND
  5
534
330
531
100
AcDbEntity
  8
Make2D___U+9359_U+7EFE__U+93C5_U+20AC_U+6C31_U+568E
 62
     7
370
     0
  0
POLYLINE
  5
535
330
435
100
AcDbEntity
  8
Make2D___U+9359_U+7EFE__U+93C5_U+20AC_U+6C31_U+568E
 62
     7
370
     0
100
AcDb2dPolyline
 66
     1
 10
0.0
 20
0.0
 30
0.0
  0
VERTEX
  5
536
330
535
100
AcDbEntity
  8
Make2D___U+9359_U+7EFE__U+93C5_U+20AC_U+6C31_U+568E
 62
     7
370
     0
100
AcDbVertex
100
AcDb2dVertex
 10
0.187686288011264
 20
163.6660234864275
 30
0.0
  0
VERTEX
  5
537
330
535
100
AcDbEntity
  8
Make2D___U+9359_U+7EFE__U+93C5_U+20AC_U+6C31_U+568E
 62
     7
370
     0
100
AcDbVertex
100
AcDb2dVertex
 10
0.187686288011264
 20
161.1443679952053
 30
0.0
  0
SEQEND
  5
538
330
535
100
AcDbEntity
  8
Make2D___U+9359_U+7EFE__U+93C5_U+20AC_U+6C31_U+568E
 62
     7
370
     0
  0
POLYLINE
  5
539
330
435
100
AcDbEntity
  8
Make2D___U+9359_U+7EFE__U+93C5_U+20AC_U+6C31_U+568E
 62
     7
370
     0
100
AcDb2dPolyline
 66
     1
 10
0.0
 20
0.0
 30
0.0
  0
VERTEX
  5
53A
330
539
100
AcDbEntity
  8
Make2D___U+9359_U+7EFE__U+93C5_U+20AC_U+6C31_U+568E
 62
     7
370
     0
100
AcDbVertex
100
AcDb2dVertex
 10
3.819286564881053
 20
161.1443679952053
 30
0.0
  0
VERTEX
  5
53B
330
539
100
AcDbEntity
  8
Make2D___U+9359_U+7EFE__U+93C5_U+20AC_U+6C31_U+568E
 62
     7
370
     0
100
AcDbVertex
100
AcDb2dVertex
 10
6.891099064113291
 20
161.1443679952053
 30
0.0
  0
SEQEND
  5
53C
330
539
100
AcDbEntity
  8
Make2D___U+9359_U+7EFE__U+93C5_U+20AC_U+6C31_U+568E
 62
     7
370
     0
  0
POLYLINE
  5
53D
330
435
100
AcDbEntity
  8
Make2D___U+9359_U+7EFE__U+93C5_U+20AC_U+6C31_U+568E
 62
     7
370
     0
100
AcDb2dPolyline
 66
     1
 10
0.0
 20
0.0
 30
0.0
  0
VERTEX
  5
53E
330
53D
100
AcDbEntity
  8
Make2D___U+9359_U+7EFE__U+93C5_U+20AC_U+6C31_U+568E
 62
     7
370
     0
100
AcDbVertex
100
AcDb2dVertex
 10
6.891099064113291
 20
177.147990364695
 30
0.0
  0
VERTEX
  5
53F
330
53D
100
AcDbEntity
  8
Make2D___U+9359_U+7EFE__U+93C5_U+20AC_U+6C31_U+568E
 62
     7
370
     0
100
AcDbVertex
100
AcDb2dVertex
 10
-9.112488431886047
 20
177.147990364695
 30
0.0
  0
SEQEND
  5
540
330
53D
100
AcDbEntity
  8
Make2D___U+9359_U+7EFE__U+93C5_U+20AC_U+6C31_U+568E
 62
     7
370
     0
  0
POLYLINE
  5
541
330
435
100
AcDbEntity
  8
Make2D___U+9359_U+7EFE__U+93C5_U+20AC_U+6C31_U+568E
 62
     7
370
     0
100
AcDb2dPolyline
 66
     1
 10
0.0
 20
0.0
 30
0.0
  0
VERTEX
  5
542
330
541
100
AcDbEntity
  8
Make2D___U+9359_U+7EFE__U+93C5_U+20AC_U+6C31_U+568E
 62
     7
370
     0
100
AcDbVertex
100
AcDb2dVertex
 10
-19.37599342931935
 20
172.3846085417753
 30
0.0
  0
VERTEX
  5
543
330
541
100
AcDbEntity
  8
Make2D___U+9359_U+7EFE__U+93C5_U+20AC_U+6C31_U+568E
 62
     7
370
     0
100
AcDbVertex
100
AcDb2dVertex
 10
-18.87600148500041
 20
171.8602749440415
 30
0.0
  0
SEQEND
  5
544
330
541
100
AcDbEntity
  8
Make2D___U+9359_U+7EFE__U+93C5_U+20AC_U+6C31_U+568E
 62
     7
370
     0
  0
POLYLINE
  5
545
330
435
100
AcDbEntity
  8
Make2D___U+9359_U+7EFE__U+93C5_U+20AC_U+6C31_U+568E
 62
     7
370
     0
100
AcDb2dPolyline
 66
     1
 10
0.0
 20
0.0
 30
0.0
  0
VERTEX
  5
546
330
545
100
AcDbEntity
  8
Make2D___U+9359_U+7EFE__U+93C5_U+20AC_U+6C31_U+568E
 62
     7
370
     0
100
AcDbVertex
100
AcDb2dVertex
 10
-19.37599342931924
 20
193.3847988393489
 30
0.0
  0
VERTEX
  5
547
330
545
100
AcDbEntity
  8
Make2D___U+9359_U+7EFE__U+93C5_U+20AC_U+6C31_U+568E
 62
     7
370
     0
100
AcDbVertex
100
AcDb2dVertex
 10
-18.87600148500087
 20
193.9091324370829
 30
0.0
  0
SEQEND
  5
548
330
545
100
AcDbEntity
  8
Make2D___U+9359_U+7EFE__U+93C5_U+20AC_U+6C31_U+568E
 62
     7
370
     0
  0
POLYLINE
  5
549
330
435
100
AcDbEntity
  8
Make2D___U+9359_U+7EFE__U+93C5_U+20AC_U+6C31_U+568E
 62
     7
370
     0
100
AcDb2dPolyline
 66
     1
 10
0.0
 20
0.0
 30
0.0
  0
VERTEX
  5
54A
330
549
100
AcDbEntity
  8
Make2D___U+9359_U+7EFE__U+93C5_U+20AC_U+6C31_U+568E
 62
     7
370
     0
100
AcDbVertex
100
AcDb2dVertex
 10
-19.37599342931935
 20
175.5424987389888
 30
0.0
  0
VERTEX
  5
54B
330
549
100
AcDbEntity
  8
Make2D___U+9359_U+7EFE__U+93C5_U+20AC_U+6C31_U+568E
 62
     7
370
     0
100
AcDbVertex
100
AcDb2dVertex
 10
-19.37599342931935
 20
172.3846085417753
 30
0.0
  0
SEQEND
  5
54C
330
549
100
AcDbEntity
  8
Make2D___U+9359_U+7EFE__U+93C5_U+20AC_U+6C31_U+568E
 62
     7
370
     0
  0
POLYLINE
  5
54D
330
435
100
AcDbEntity
  8
Make2D___U+9359_U+7EFE__U+93C5_U+20AC_U+6C31_U+568E
 62
     7
370
     0
100
AcDb2dPolyline
 66
     1
 10
0.0
 20
0.0
 30
0.0
  0
VERTEX
  5
54E
330
54D
100
AcDbEntity
  8
Make2D___U+9359_U+7EFE__U+93C5_U+20AC_U+6C31_U+568E
 62
     7
370
     0
100
AcDbVertex
100
AcDb2dVertex
 10
-19.37599342931924
 20
190.2269086421356
 30
0.0
  0
VERTEX
  5
54F
330
54D
100
AcDbEntity
  8
Make2D___U+9359_U+7EFE__U+93C5_U+20AC_U+6C31_U+568E
 62
     7
370
     0
100
AcDbVertex
100
AcDb2dVertex
 10
-19.37599342931935
 20
175.5424987389888
 30
0.0
  0
SEQEND
  5
550
330
54D
100
AcDbEntity
  8
Make2D___U+9359_U+7EFE__U+93C5_U+20AC_U+6C31_U+568E
 62
     7
370
     0
  0
POLYLINE
  5
551
330
435
100
AcDbEntity
  8
Make2D___U+9359_U+7EFE__U+93C5_U+20AC_U+6C31_U+568E
 62
     7
370
     0
100
AcDb2dPolyline
 66
     1
 10
0.0
 20
0.0
 30
0.0
  0
VERTEX
  5
552
330
551
100
AcDbEntity
  8
Make2D___U+9359_U+7EFE__U+93C5_U+20AC_U+6C31_U+568E
 62
     7
370
     0
100
AcDbVertex
100
AcDb2dVertex
 10
-19.37599342931924
 20
193.3847988393489
 30
0.0
  0
VERTEX
  5
553
330
551
100
AcDbEntity
  8
Make2D___U+9359_U+7EFE__U+93C5_U+20AC_U+6C31_U+568E
 62
     7
370
     0
100
AcDbVertex
100
AcDb2dVertex
 10
-19.37599342931924
 20
190.2269086421356
 30
0.0
  0
SEQEND
  5
554
330
551
100
AcDbEntity
  8
Make2D___U+9359_U+7EFE__U+93C5_U+20AC_U+6C31_U+568E
 62
     7
370
     0
  0
POLYLINE
  5
555
330
435
100
AcDbEntity
  8
Make2D___U+9359_U+7EFE__U+93C5_U+20AC_U+6C31_U+568E
 62
     7
370
     0
100
AcDb2dPolyline
 66
     1
 10
0.0
 20
0.0
 30
0.0
  0
VERTEX
  5
556
330
555
100
AcDbEntity
  8
Make2D___U+9359_U+7EFE__U+93C5_U+20AC_U+6C31_U+568E
 62
     7
370
     0
100
AcDbVertex
100
AcDb2dVertex
 10
-21.37599648437583
 20
172.9089421395092
 30
0.0
  0
VERTEX
  5
557
330
555
100
AcDbEntity
  8
Make2D___U+9359_U+7EFE__U+93C5_U+20AC_U+6C31_U+568E
 62
     7
370
     0
100
AcDbVertex
100
AcDb2dVertex
 10
-19.37599342931935
 20
172.9089421395092
 30
0.0
  0
SEQEND
  5
558
330
555
100
AcDbEntity
  8
Make2D___U+9359_U+7EFE__U+93C5_U+20AC_U+6C31_U+568E
 62
     7
370
     0
  0
POLYLINE
  5
559
330
435
100
AcDbEntity
  8
Make2D___U+9359_U+7EFE__U+93C5_U+20AC_U+6C31_U+568E
 62
     7
370
     0
100
AcDb2dPolyline
 66
     1
 10
0.0
 20
0.0
 30
0.0
  0
VERTEX
  5
55A
330
559
100
AcDbEntity
  8
Make2D___U+9359_U+7EFE__U+93C5_U+20AC_U+6C31_U+568E
 62
     7
370
     0
100
AcDbVertex
100
AcDb2dVertex
 10
-35.87600981408423
 20
192.8527746862564
 30
0.0
  0
VERTEX
  5
55B
330
559
100
AcDbEntity
  8
Make2D___U+9359_U+7EFE__U+93C5_U+20AC_U+6C31_U+568E
 62
     7
370
     0
100
AcDbVertex
100
AcDb2dVertex
 10
-19.37599342931924
 20
192.8527746862564
 30
0.0
  0
SEQEND
  5
55C
330
559
100
AcDbEntity
  8
Make2D___U+9359_U+7EFE__U+93C5_U+20AC_U+6C31_U+568E
 62
     7
370
     0
  0
POLYLINE
  5
55D
330
435
100
AcDbEntity
  8
Make2D___U+9359_U+7EFE__U+93C5_U+20AC_U+6C31_U+568E
 62
     7
370
     0
100
AcDb2dPolyline
 66
     1
 10
0.0
 20
0.0
 30
0.0
  0
VERTEX
  5
55E
330
55D
100
AcDbEntity
  8
Make2D___U+9359_U+7EFE__U+93C5_U+20AC_U+6C31_U+568E
 62
     7
370
     0
100
AcDbVertex
100
AcDb2dVertex
 10
-36.37600175840351
 20
192.3284410885226
 30
0.0
  0
VERTEX
  5
55F
330
55D
100
AcDbEntity
  8
Make2D___U+9359_U+7EFE__U+93C5_U+20AC_U+6C31_U+568E
 62
     7
370
     0
100
AcDbVertex
100
AcDb2dVertex
 10
-35.87600981408423
 20
192.8527746862564
 30
0.0
  0
SEQEND
  5
560
330
55D
100
AcDbEntity
  8
Make2D___U+9359_U+7EFE__U+93C5_U+20AC_U+6C31_U+568E
 62
     7
370
     0
  0
POLYLINE
  5
561
330
435
100
AcDbEntity
  8
Make2D___U+9359_U+7EFE__U+93C5_U+20AC_U+6C31_U+568E
 62
     7
370
     0
100
AcDb2dPolyline
 66
     1
 10
0.0
 20
0.0
 30
0.0
  0
VERTEX
  5
562
330
561
100
AcDbEntity
  8
Make2D___U+9359_U+7EFE__U+93C5_U+20AC_U+6C31_U+568E
 62
     7
370
     0
100
AcDbVertex
100
AcDb2dVertex
 10
-33.37601481470858
 20
172.9089421395092
 30
0.0
  0
VERTEX
  5
563
330
561
100
AcDbEntity
  8
Make2D___U+9359_U+7EFE__U+93C5_U+20AC_U+6C31_U+568E
 62
     7
370
     0
100
AcDbVertex
100
AcDb2dVertex
 10
-35.87600981408434
 20
172.9089421395092
 30
0.0
  0
SEQEND
  5
564
330
561
100
AcDbEntity
  8
Make2D___U+9359_U+7EFE__U+93C5_U+20AC_U+6C31_U+568E
 62
     7
370
     0
  0
POLYLINE
  5
565
330
435
100
AcDbEntity
  8
Make2D___U+9359_U+7EFE__U+93C5_U+20AC_U+6C31_U+568E
 62
     7
370
     0
100
AcDb2dPolyline
 66
     1
 10
0.0
 20
0.0
 30
0.0
  0
VERTEX
  5
566
330
565
100
AcDbEntity
  8
Make2D___U+9359_U+7EFE__U+93C5_U+20AC_U+6C31_U+568E
 62
     7
370
     0
100
AcDbVertex
100
AcDb2dVertex
 10
-28.37598953818087
 20
172.9089421395092
 30
0.0
  0
VERTEX
  5
567
330
565
100
AcDbEntity
  8
Make2D___U+9359_U+7EFE__U+93C5_U+20AC_U+6C31_U+568E
 62
     7
370
     0
100
AcDbVertex
100
AcDb2dVertex
 10
-31.37601175965358
 20
172.9089421395092
 30
0.0
  0
SEQEND
  5
568
330
565
100
AcDbEntity
  8
Make2D___U+9359_U+7EFE__U+93C5_U+20AC_U+6C31_U+568E
 62
     7
370
     0
  0
POLYLINE
  5
569
330
435
100
AcDbEntity
  8
Make2D___U+9359_U+7EFE__U+93C5_U+20AC_U+6C31_U+568E
 62
     7
370
     0
100
AcDb2dPolyline
 66
     1
 10
0.0
 20
0.0
 30
0.0
  0
VERTEX
  5
56A
330
569
100
AcDbEntity
  8
Make2D___U+9359_U+7EFE__U+93C5_U+20AC_U+6C31_U+568E
 62
     7
370
     0
100
AcDbVertex
100
AcDb2dVertex
 10
-23.37599953943118
 20
172.9089421395092
 30
0.0
  0
VERTEX
  5
56B
330
569
100
AcDbEntity
  8
Make2D___U+9359_U+7EFE__U+93C5_U+20AC_U+6C31_U+568E
 62
     7
370
     0
100
AcDbVertex
100
AcDb2dVertex
 10
-26.37602176090331
 20
172.9089421395092
 30
0.0
  0
SEQEND
  5
56C
330
569
100
AcDbEntity
  8
Make2D___U+9359_U+7EFE__U+93C5_U+20AC_U+6C31_U+568E
 62
     7
370
     0
  0
POLYLINE
  5
56D
330
435
100
AcDbEntity
  8
Make2D___U+9359_U+7EFE__U+93C5_U+20AC_U+6C31_U+568E
 62
     7
370
     0
100
AcDb2dPolyline
 66
     1
 10
0.0
 20
0.0
 30
0.0
  0
VERTEX
  5
56E
330
56D
100
AcDbEntity
  8
Make2D___U+9359_U+7EFE__U+93C5_U+20AC_U+6C31_U+568E
 62
     7
370
     0
100
AcDbVertex
100
AcDb2dVertex
 10
-23.37599953943118
 20
175.1760684705605
 30
0.0
  0
VERTEX
  5
56F
330
56D
100
AcDbEntity
  8
Make2D___U+9359_U+7EFE__U+93C5_U+20AC_U+6C31_U+568E
 62
     7
370
     0
100
AcDbVertex
100
AcDb2dVertex
 10
-23.37599953943118
 20
171.8602749440415
 30
0.0
  0
SEQEND
  5
570
330
56D
100
AcDbEntity
  8
Make2D___U+9359_U+7EFE__U+93C5_U+20AC_U+6C31_U+568E
 62
     7
370
     0
  0
POLYLINE
  5
571
330
435
100
AcDbEntity
  8
Make2D___U+9359_U+7EFE__U+93C5_U+20AC_U+6C31_U+568E
 62
     7
370
     0
100
AcDb2dPolyline
 66
     1
 10
0.0
 20
0.0
 30
0.0
  0
VERTEX
  5
572
330
571
100
AcDbEntity
  8
Make2D___U+9359_U+7EFE__U+93C5_U+20AC_U+6C31_U+568E
 62
     7
370
     0
100
AcDbVertex
100
AcDb2dVertex
 10
-21.37599648437583
 20
171.8602749440415
 30
0.0
  0
VERTEX
  5
573
330
571
100
AcDbEntity
  8
Make2D___U+9359_U+7EFE__U+93C5_U+20AC_U+6C31_U+568E
 62
     7
370
     0
100
AcDbVertex
100
AcDb2dVertex
 10
-21.37599648437583
 20
175.1760684705605
 30
0.0
  0
SEQEND
  5
574
330
571
100
AcDbEntity
  8
Make2D___U+9359_U+7EFE__U+93C5_U+20AC_U+6C31_U+568E
 62
     7
370
     0
  0
POLYLINE
  5
575
330
435
100
AcDbEntity
  8
Make2D___U+9359_U+7EFE__U+93C5_U+20AC_U+6C31_U+568E
 62
     7
370
     0
100
AcDb2dPolyline
 66
     1
 10
0.0
 20
0.0
 30
0.0
  0
VERTEX
  5
576
330
575
100
AcDbEntity
  8
Make2D___U+9359_U+7EFE__U+93C5_U+20AC_U+6C31_U+568E
 62
     7
370
     0
100
AcDbVertex
100
AcDb2dVertex
 10
-23.37599953943118
 20
171.8602749440415
 30
0.0
  0
VERTEX
  5
577
330
575
100
AcDbEntity
  8
Make2D___U+9359_U+7EFE__U+93C5_U+20AC_U+6C31_U+568E
 62
     7
370
     0
100
AcDbVertex
100
AcDb2dVertex
 10
-21.37599648437583
 20
171.8602749440415
 30
0.0
  0
SEQEND
  5
578
330
575
100
AcDbEntity
  8
Make2D___U+9359_U+7EFE__U+93C5_U+20AC_U+6C31_U+568E
 62
     7
370
     0
  0
POLYLINE
  5
579
330
435
100
AcDbEntity
  8
Make2D___U+9359_U+7EFE__U+93C5_U+20AC_U+6C31_U+568E
 62
     7
370
     0
100
AcDb2dPolyline
 66
     1
 10
0.0
 20
0.0
 30
0.0
  0
VERTEX
  5
57A
330
579
100
AcDbEntity
  8
Make2D___U+9359_U+7EFE__U+93C5_U+20AC_U+6C31_U+568E
 62
     7
370
     0
100
AcDbVertex
100
AcDb2dVertex
 10
-28.37598953818087
 20
175.1760684705605
 30
0.0
  0
VERTEX
  5
57B
330
579
100
AcDbEntity
  8
Make2D___U+9359_U+7EFE__U+93C5_U+20AC_U+6C31_U+568E
 62
     7
370
     0
100
AcDbVertex
100
AcDb2dVertex
 10
-28.37598953818087
 20
171.8602749440415
 30
0.0
  0
SEQEND
  5
57C
330
579
100
AcDbEntity
  8
Make2D___U+9359_U+7EFE__U+93C5_U+20AC_U+6C31_U+568E
 62
     7
370
     0
  0
POLYLINE
  5
57D
330
435
100
AcDbEntity
  8
Make2D___U+9359_U+7EFE__U+93C5_U+20AC_U+6C31_U+568E
 62
     7
370
     0
100
AcDb2dPolyline
 66
     1
 10
0.0
 20
0.0
 30
0.0
  0
VERTEX
  5
57E
330
57D
100
AcDbEntity
  8
Make2D___U+9359_U+7EFE__U+93C5_U+20AC_U+6C31_U+568E
 62
     7
370
     0
100
AcDbVertex
100
AcDb2dVertex
 10
-26.37602176090331
 20
171.8602749440415
 30
0.0
  0
VERTEX
  5
57F
330
57D
100
AcDbEntity
  8
Make2D___U+9359_U+7EFE__U+93C5_U+20AC_U+6C31_U+568E
 62
     7
370
     0
100
AcDbVertex
100
AcDb2dVertex
 10
-26.37602176090331
 20
175.1760684705605
 30
0.0
  0
SEQEND
  5
580
330
57D
100
AcDbEntity
  8
Make2D___U+9359_U+7EFE__U+93C5_U+20AC_U+6C31_U+568E
 62
     7
370
     0
  0
POLYLINE
  5
581
330
435
100
AcDbEntity
  8
Make2D___U+9359_U+7EFE__U+93C5_U+20AC_U+6C31_U+568E
 62
     7
370
     0
100
AcDb2dPolyline
 66
     1
 10
0.0
 20
0.0
 30
0.0
  0
VERTEX
  5
582
330
581
100
AcDbEntity
  8
Make2D___U+9359_U+7EFE__U+93C5_U+20AC_U+6C31_U+568E
 62
     7
370
     0
100
AcDbVertex
100
AcDb2dVertex
 10
-28.37598953818087
 20
171.8602749440415
 30
0.0
  0
VERTEX
  5
583
330
581
100
AcDbEntity
  8
Make2D___U+9359_U+7EFE__U+93C5_U+20AC_U+6C31_U+568E
 62
     7
370
     0
100
AcDbVertex
100
AcDb2dVertex
 10
-26.37602176090331
 20
171.8602749440415
 30
0.0
  0
SEQEND
  5
584
330
581
100
AcDbEntity
  8
Make2D___U+9359_U+7EFE__U+93C5_U+20AC_U+6C31_U+568E
 62
     7
370
     0
  0
POLYLINE
  5
585
330
435
100
AcDbEntity
  8
Make2D___U+9359_U+7EFE__U+93C5_U+20AC_U+6C31_U+568E
 62
     7
370
     0
100
AcDb2dPolyline
 66
     1
 10
0.0
 20
0.0
 30
0.0
  0
VERTEX
  5
586
330
585
100
AcDbEntity
  8
Make2D___U+9359_U+7EFE__U+93C5_U+20AC_U+6C31_U+568E
 62
     7
370
     0
100
AcDbVertex
100
AcDb2dVertex
 10
-31.37601175965358
 20
171.8602749440415
 30
0.0
  0
VERTEX
  5
587
330
585
100
AcDbEntity
  8
Make2D___U+9359_U+7EFE__U+93C5_U+20AC_U+6C31_U+568E
 62
     7
370
     0
100
AcDbVertex
100
AcDb2dVertex
 10
-31.37601175965358
 20
175.1760684705605
 30
0.0
  0
SEQEND
  5
588
330
585
100
AcDbEntity
  8
Make2D___U+9359_U+7EFE__U+93C5_U+20AC_U+6C31_U+568E
 62
     7
370
     0
  0
POLYLINE
  5
589
330
435
100
AcDbEntity
  8
Make2D___U+9359_U+7EFE__U+93C5_U+20AC_U+6C31_U+568E
 62
     7
370
     0
100
AcDb2dPolyline
 66
     1
 10
0.0
 20
0.0
 30
0.0
  0
VERTEX
  5
58A
330
589
100
AcDbEntity
  8
Make2D___U+9359_U+7EFE__U+93C5_U+20AC_U+6C31_U+568E
 62
     7
370
     0
100
AcDbVertex
100
AcDb2dVertex
 10
-33.37601481470858
 20
171.8602749440415
 30
0.0
  0
VERTEX
  5
58B
330
589
100
AcDbEntity
  8
Make2D___U+9359_U+7EFE__U+93C5_U+20AC_U+6C31_U+568E
 62
     7
370
     0
100
AcDbVertex
100
AcDb2dVertex
 10
-31.37601175965358
 20
171.8602749440415
 30
0.0
  0
SEQEND
  5
58C
330
589
100
AcDbEntity
  8
Make2D___U+9359_U+7EFE__U+93C5_U+20AC_U+6C31_U+568E
 62
     7
370
     0
  0
POLYLINE
  5
58D
330
435
100
AcDbEntity
  8
Make2D___U+9359_U+7EFE__U+93C5_U+20AC_U+6C31_U+568E
 62
     7
370
     0
100
AcDb2dPolyline
 66
     1
 10
0.0
 20
0.0
 30
0.0
  0
VERTEX
  5
58E
330
58D
100
AcDbEntity
  8
Make2D___U+9359_U+7EFE__U+93C5_U+20AC_U+6C31_U+568E
 62
     7
370
     0
100
AcDbVertex
100
AcDb2dVertex
 10
-33.37601481470858
 20
175.1760684705605
 30
0.0
  0
VERTEX
  5
58F
330
58D
100
AcDbEntity
  8
Make2D___U+9359_U+7EFE__U+93C5_U+20AC_U+6C31_U+568E
 62
     7
370
     0
100
AcDbVertex
100
AcDb2dVertex
 10
-33.37601481470858
 20
171.8602749440415
 30
0.0
  0
SEQEND
  5
590
330
58D
100
AcDbEntity
  8
Make2D___U+9359_U+7EFE__U+93C5_U+20AC_U+6C31_U+568E
 62
     7
370
     0
  0
POLYLINE
  5
591
330
435
100
AcDbEntity
  8
Make2D___U+9359_U+7EFE__U+93C5_U+20AC_U+6C31_U+568E
 62
     7
370
     0
100
AcDb2dPolyline
 66
     1
 10
0.0
 20
0.0
 30
0.0
  0
VERTEX
  5
592
330
591
100
AcDbEntity
  8
Make2D___U+9359_U+7EFE__U+93C5_U+20AC_U+6C31_U+568E
 62
     7
370
     0
100
AcDbVertex
100
AcDb2dVertex
 10
-36.37600175840328
 20
176.2753945536242
 30
0.0
  0
VERTEX
  5
593
330
591
100
AcDbEntity
  8
Make2D___U+9359_U+7EFE__U+93C5_U+20AC_U+6C31_U+568E
 62
     7
370
     0
100
AcDbVertex
100
AcDb2dVertex
 10
-36.37600175840328
 20
173.433311015021
 30
0.0
  0
SEQEND
  5
594
330
591
100
AcDbEntity
  8
Make2D___U+9359_U+7EFE__U+93C5_U+20AC_U+6C31_U+568E
 62
     7
370
     0
  0
POLYLINE
  5
595
330
435
100
AcDbEntity
  8
Make2D___U+9359_U+7EFE__U+93C5_U+20AC_U+6C31_U+568E
 62
     7
370
     0
100
AcDb2dPolyline
 66
     1
 10
0.0
 20
0.0
 30
0.0
  0
VERTEX
  5
596
330
595
100
AcDbEntity
  8
Make2D___U+9359_U+7EFE__U+93C5_U+20AC_U+6C31_U+568E
 62
     7
370
     0
100
AcDbVertex
100
AcDb2dVertex
 10
-36.37600175840351
 20
189.4863222721405
 30
0.0
  0
VERTEX
  5
597
330
595
100
AcDbEntity
  8
Make2D___U+9359_U+7EFE__U+93C5_U+20AC_U+6C31_U+568E
 62
     7
370
     0
100
AcDbVertex
100
AcDb2dVertex
 10
-36.37600175840328
 20
176.2753945536242
 30
0.0
  0
SEQEND
  5
598
330
595
100
AcDbEntity
  8
Make2D___U+9359_U+7EFE__U+93C5_U+20AC_U+6C31_U+568E
 62
     7
370
     0
  0
POLYLINE
  5
599
330
435
100
AcDbEntity
  8
Make2D___U+9359_U+7EFE__U+93C5_U+20AC_U+6C31_U+568E
 62
     7
370
     0
100
AcDb2dPolyline
 66
     1
 10
0.0
 20
0.0
 30
0.0
  0
VERTEX
  5
59A
330
599
100
AcDbEntity
  8
Make2D___U+9359_U+7EFE__U+93C5_U+20AC_U+6C31_U+568E
 62
     7
370
     0
100
AcDbVertex
100
AcDb2dVertex
 10
-36.37600175840351
 20
192.3284410885226
 30
0.0
  0
VERTEX
  5
59B
330
599
100
AcDbEntity
  8
Make2D___U+9359_U+7EFE__U+93C5_U+20AC_U+6C31_U+568E
 62
     7
370
     0
100
AcDbVertex
100
AcDb2dVertex
 10
-36.37600175840351
 20
189.4863222721405
 30
0.0
  0
SEQEND
  5
59C
330
599
100
AcDbEntity
  8
Make2D___U+9359_U+7EFE__U+93C5_U+20AC_U+6C31_U+568E
 62
     7
370
     0
  0
POLYLINE
  5
59D
330
435
100
AcDbEntity
  8
Make2D___U+9359_U+7EFE__U+93C5_U+20AC_U+6C31_U+568E
 62
     7
370
     0
100
AcDb2dPolyline
 66
     1
 10
0.0
 20
0.0
 30
0.0
  0
VERTEX
  5
59E
330
59D
100
AcDbEntity
  8
Make2D___U+9359_U+7EFE__U+93C5_U+20AC_U+6C31_U+568E
 62
     7
370
     0
100
AcDbVertex
100
AcDb2dVertex
 10
-35.87600981408434
 20
172.9089421395092
 30
0.0
  0
VERTEX
  5
59F
330
59D
100
AcDbEntity
  8
Make2D___U+9359_U+7EFE__U+93C5_U+20AC_U+6C31_U+568E
 62
     7
370
     0
100
AcDbVertex
100
AcDb2dVertex
 10
-36.37600175840328
 20
173.433311015021
 30
0.0
  0
SEQEND
  5
5A0
330
59D
100
AcDbEntity
  8
Make2D___U+9359_U+7EFE__U+93C5_U+20AC_U+6C31_U+568E
 62
     7
370
     0
  0
POLYLINE
  5
5A1
330
435
100
AcDbEntity
  8
Make2D___U+9359_U+7EFE__U+93C5_U+20AC_U+6C31_U+568E
 62
     7
370
     0
100
AcDb2dPolyline
 66
     1
 10
0.0
 20
0.0
 30
0.0
  0
VERTEX
  5
5A2
330
5A1
100
AcDbEntity
  8
Make2D___U+9359_U+7EFE__U+93C5_U+20AC_U+6C31_U+568E
 62
     7
370
     0
100
AcDbVertex
100
AcDb2dVertex
 10
2.28505600970891
 20
150.8808632570481
 30
0.0
  0
VERTEX
  5
5A3
330
5A1
100
AcDbEntity
  8
Make2D___U+9359_U+7EFE__U+93C5_U+20AC_U+6C31_U+568E
 62
     7
370
     0
100
AcDbVertex
100
AcDb2dVertex
 10
1.760722398728716
 20
151.3808551887368
 30
0.0
  0
SEQEND
  5
5A4
330
5A1
100
AcDbEntity
  8
Make2D___U+9359_U+7EFE__U+93C5_U+20AC_U+6C31_U+568E
 62
     7
370
     0
  0
POLYLINE
  5
5A5
330
435
100
AcDbEntity
  8
Make2D___U+9359_U+7EFE__U+93C5_U+20AC_U+6C31_U+568E
 62
     7
370
     0
100
AcDb2dPolyline
 66
     1
 10
0.0
 20
0.0
 30
0.0
  0
VERTEX
  5
5A6
330
5A5
100
AcDbEntity
  8
Make2D___U+9359_U+7EFE__U+93C5_U+20AC_U+6C31_U+568E
 62
     7
370
     0
100
AcDbVertex
100
AcDb2dVertex
 10
1.760722398728716
 20
151.3808551887368
 30
0.0
  0
VERTEX
  5
5A7
330
5A5
100
AcDbEntity
  8
Make2D___U+9359_U+7EFE__U+93C5_U+20AC_U+6C31_U+568E
 62
     7
370
     0
100
AcDbVertex
100
AcDb2dVertex
 10
1.760722398728716
 20
161.1443679952053
 30
0.0
  0
SEQEND
  5
5A8
330
5A5
100
AcDbEntity
  8
Make2D___U+9359_U+7EFE__U+93C5_U+20AC_U+6C31_U+568E
 62
     7
370
     0
  0
POLYLINE
  5
5A9
330
435
100
AcDbEntity
  8
Make2D___U+9359_U+7EFE__U+93C5_U+20AC_U+6C31_U+568E
 62
     7
370
     0
100
AcDb2dPolyline
 66
     1
 10
0.0
 20
0.0
 30
0.0
  0
VERTEX
  5
5AA
330
5A9
100
AcDbEntity
  8
Make2D___U+9359_U+7EFE__U+93C5_U+20AC_U+6C31_U+568E
 62
     7
370
     0
100
AcDbVertex
100
AcDb2dVertex
 10
-18.87600148500041
 20
171.8602749440415
 30
0.0
  0
VERTEX
  5
5AB
330
5A9
100
AcDbEntity
  8
Make2D___U+9359_U+7EFE__U+93C5_U+20AC_U+6C31_U+568E
 62
     7
370
     0
100
AcDbVertex
100
AcDb2dVertex
 10
-9.112488431886047
 20
171.8602749440415
 30
0.0
  0
SEQEND
  5
5AC
330
5A9
100
AcDbEntity
  8
Make2D___U+9359_U+7EFE__U+93C5_U+20AC_U+6C31_U+568E
 62
     7
370
     0
  0
POLYLINE
  5
5AD
330
435
100
AcDbEntity
  8
Make2D___U+9359_U+7EFE__U+93C5_U+20AC_U+6C31_U+568E
 62
     7
370
     0
100
AcDb2dPolyline
 66
     1
 10
0.0
 20
0.0
 30
0.0
  0
VERTEX
  5
5AE
330
5AD
100
AcDbEntity
  8
Make2D___U+9359_U+7EFE__U+93C5_U+20AC_U+6C31_U+568E
 62
     7
370
     0
100
AcDbVertex
100
AcDb2dVertex
 10
-9.125999820771426
 20
193.9091324370829
 30
0.0
  0
VERTEX
  5
5AF
330
5AD
100
AcDbEntity
  8
Make2D___U+9359_U+7EFE__U+93C5_U+20AC_U+6C31_U+568E
 62
     7
370
     0
100
AcDbVertex
100
AcDb2dVertex
 10
-18.87600148500087
 20
193.9091324370829
 30
0.0
  0
SEQEND
  5
5B0
330
5AD
100
AcDbEntity
  8
Make2D___U+9359_U+7EFE__U+93C5_U+20AC_U+6C31_U+568E
 62
     7
370
     0
  0
POLYLINE
  5
5B1
330
435
100
AcDbEntity
  8
Make2D___U+9359_U+7EFE__U+93C5_U+20AC_U+6C31_U+568E
 62
     7
370
     0
100
AcDb2dPolyline
 66
     1
 10
0.0
 20
0.0
 30
0.0
  0
VERTEX
  5
5B2
330
5B1
100
AcDbEntity
  8
Make2D___U+9359_U+7EFE__U+93C5_U+20AC_U+6C31_U+568E
 62
     7
370
     0
100
AcDbVertex
100
AcDb2dVertex
 10
29.18513766965089
 20
194.2684718723603
 30
0.0
  0
VERTEX
  5
5B3
330
5B1
100
AcDbEntity
  8
Make2D___U+9359_U+7EFE__U+93C5_U+20AC_U+6C31_U+568E
 62
     7
370
     0
100
AcDbVertex
100
AcDb2dVertex
 10
31.18514072470646
 20
195.3171743456059
 30
0.0
  0
SEQEND
  5
5B4
330
5B1
100
AcDbEntity
  8
Make2D___U+9359_U+7EFE__U+93C5_U+20AC_U+6C31_U+568E
 62
     7
370
     0
  0
POLYLINE
  5
5B5
330
435
100
AcDbEntity
  8
Make2D___U+9359_U+7EFE__U+93C5_U+20AC_U+6C31_U+568E
 62
     7
370
     0
100
AcDb2dPolyline
 66
     1
 10
0.0
 20
0.0
 30
0.0
  0
VERTEX
  5
5B6
330
5B5
100
AcDbEntity
  8
Make2D___U+9359_U+7EFE__U+93C5_U+20AC_U+6C31_U+568E
 62
     7
370
     0
100
AcDbVertex
100
AcDb2dVertex
 10
34.37400489057609
 20
195.3171743456059
 30
0.0
  0
VERTEX
  5
5B7
330
5B5
100
AcDbEntity
  8
Make2D___U+9359_U+7EFE__U+93C5_U+20AC_U+6C31_U+568E
 62
     7
370
     0
100
AcDbVertex
100
AcDb2dVertex
 10
34.37400489057609
 20
191.6855741604776
 30
0.0
  0
SEQEND
  5
5B8
330
5B5
100
AcDbEntity
  8
Make2D___U+9359_U+7EFE__U+93C5_U+20AC_U+6C31_U+568E
 62
     7
370
     0
  0
POLYLINE
  5
5B9
330
435
100
AcDbEntity
  8
Make2D___U+9359_U+7EFE__U+93C5_U+20AC_U+6C31_U+568E
 62
     7
370
     0
100
AcDb2dPolyline
 66
     1
 10
0.0
 20
0.0
 30
0.0
  0
VERTEX
  5
5BA
330
5B9
100
AcDbEntity
  8
Make2D___U+9359_U+7EFE__U+93C5_U+20AC_U+6C31_U+568E
 62
     7
370
     0
100
AcDbVertex
100
AcDb2dVertex
 10
31.18514072470646
 20
195.3171743456059
 30
0.0
  0
VERTEX
  5
5BB
330
5B9
100
AcDbEntity
  8
Make2D___U+9359_U+7EFE__U+93C5_U+20AC_U+6C31_U+568E
 62
     7
370
     0
100
AcDbVertex
100
AcDb2dVertex
 10
34.37400489057609
 20
195.3171743456059
 30
0.0
  0
SEQEND
  5
5BC
330
5B9
100
AcDbEntity
  8
Make2D___U+9359_U+7EFE__U+93C5_U+20AC_U+6C31_U+568E
 62
     7
370
     0
  0
POLYLINE
  5
5BD
330
435
100
AcDbEntity
  8
Make2D___U+9359_U+7EFE__U+93C5_U+20AC_U+6C31_U+568E
 62
     7
370
     0
100
AcDb2dPolyline
 66
     1
 10
0.0
 20
0.0
 30
0.0
  0
VERTEX
  5
5BE
330
5BD
100
AcDbEntity
  8
Make2D___U+9359_U+7EFE__U+93C5_U+20AC_U+6C31_U+568E
 62
     7
370
     0
100
AcDbVertex
100
AcDb2dVertex
 10
34.37400489057609
 20
188.6137617388458
 30
0.0
  0
VERTEX
  5
5BF
330
5BD
100
AcDbEntity
  8
Make2D___U+9359_U+7EFE__U+93C5_U+20AC_U+6C31_U+568E
 62
     7
370
     0
100
AcDbVertex
100
AcDb2dVertex
 10
34.37400489057609
 20
191.6855741604776
 30
0.0
  0
SEQEND
  5
5C0
330
5BD
100
AcDbEntity
  8
Make2D___U+9359_U+7EFE__U+93C5_U+20AC_U+6C31_U+568E
 62
     7
370
     0
  0
POLYLINE
  5
5C1
330
435
100
AcDbEntity
  8
Make2D___U+9359_U+7EFE__U+93C5_U+20AC_U+6C31_U+568E
 62
     7
370
     0
100
AcDb2dPolyline
 66
     1
 10
0.0
 20
0.0
 30
0.0
  0
VERTEX
  5
5C2
330
5C1
100
AcDbEntity
  8
Make2D___U+9359_U+7EFE__U+93C5_U+20AC_U+6C31_U+568E
 62
     7
370
     0
100
AcDbVertex
100
AcDb2dVertex
 10
24.01161628205534
 20
171.4932449534044
 30
0.0
  0
VERTEX
  5
5C3
330
5C1
100
AcDbEntity
  8
Make2D___U+9359_U+7EFE__U+93C5_U+20AC_U+6C31_U+568E
 62
     7
370
     0
100
AcDbVertex
100
AcDb2dVertex
 10
29.17014461409872
 20
171.4932449534044
 30
0.0
  0
SEQEND
  5
5C4
330
5C1
100
AcDbEntity
  8
Make2D___U+9359_U+7EFE__U+93C5_U+20AC_U+6C31_U+568E
 62
     7
370
     0
  0
POLYLINE
  5
5C5
330
435
100
AcDbEntity
  8
Make2D___U+9359_U+7EFE__U+93C5_U+20AC_U+6C31_U+568E
 62
     7
370
     0
100
AcDb2dPolyline
 66
     1
 10
0.0
 20
0.0
 30
0.0
  0
VERTEX
  5
5C6
330
5C5
100
AcDbEntity
  8
Make2D___U+9359_U+7EFE__U+93C5_U+20AC_U+6C31_U+568E
 62
     7
370
     0
100
AcDbVertex
100
AcDb2dVertex
 10
24.01161628205534
 20
166.3368334182896
 30
0.0
  0
VERTEX
  5
5C7
330
5C5
100
AcDbEntity
  8
Make2D___U+9359_U+7EFE__U+93C5_U+20AC_U+6C31_U+568E
 62
     7
370
     0
100
AcDbVertex
100
AcDb2dVertex
 10
24.01161628205534
 20
171.4932449534044
 30
0.0
  0
SEQEND
  5
5C8
330
5C5
100
AcDbEntity
  8
Make2D___U+9359_U+7EFE__U+93C5_U+20AC_U+6C31_U+568E
 62
     7
370
     0
  0
POLYLINE
  5
5C9
330
435
100
AcDbEntity
  8
Make2D___U+9359_U+7EFE__U+93C5_U+20AC_U+6C31_U+568E
 62
     7
370
     0
100
AcDb2dPolyline
 66
     1
 10
0.0
 20
0.0
 30
0.0
  0
VERTEX
  5
5CA
330
5C9
100
AcDbEntity
  8
Make2D___U+9359_U+7EFE__U+93C5_U+20AC_U+6C31_U+568E
 62
     7
370
     0
100
AcDbVertex
100
AcDb2dVertex
 10
24.53594989303565
 20
165.336814277136
 30
0.0
  0
VERTEX
  5
5CB
330
5C9
100
AcDbEntity
  8
Make2D___U+9359_U+7EFE__U+93C5_U+20AC_U+6C31_U+568E
 62
     7
370
     0
100
AcDbVertex
100
AcDb2dVertex
 10
24.01161628205534
 20
166.3368334182896
 30
0.0
  0
SEQEND
  5
5CC
330
5C9
100
AcDbEntity
  8
Make2D___U+9359_U+7EFE__U+93C5_U+20AC_U+6C31_U+568E
 62
     7
370
     0
  0
POLYLINE
  5
5CD
330
435
100
AcDbEntity
  8
Make2D___U+9359_U+7EFE__U+93C5_U+20AC_U+6C31_U+568E
 62
     7
370
     0
100
AcDb2dPolyline
 66
     1
 10
0.0
 20
0.0
 30
0.0
  0
VERTEX
  5
5CE
330
5CD
100
AcDbEntity
  8
Make2D___U+9359_U+7EFE__U+93C5_U+20AC_U+6C31_U+568E
 62
     7
370
     0
100
AcDbVertex
100
AcDb2dVertex
 10
29.17014461409872
 20
171.4932449534044
 30
0.0
  0
VERTEX
  5
5CF
330
5CD
100
AcDbEntity
  8
Make2D___U+9359_U+7EFE__U+93C5_U+20AC_U+6C31_U+568E
 62
     7
370
     0
100
AcDbVertex
100
AcDb2dVertex
 10
31.17014766915463
 20
170.4445777579367
 30
0.0
  0
SEQEND
  5
5D0
330
5CD
100
AcDbEntity
  8
Make2D___U+9359_U+7EFE__U+93C5_U+20AC_U+6C31_U+568E
 62
     7
370
     0
  0
POLYLINE
  5
5D1
330
435
100
AcDbEntity
  8
Make2D___U+9359_U+7EFE__U+93C5_U+20AC_U+6C31_U+568E
 62
     7
370
     0
100
AcDb2dPolyline
 66
     1
 10
0.0
 20
0.0
 30
0.0
  0
VERTEX
  5
5D2
330
5D1
100
AcDbEntity
  8
Make2D___U+9359_U+7EFE__U+93C5_U+20AC_U+6C31_U+568E
 62
     7
370
     0
100
AcDbVertex
100
AcDb2dVertex
 10
18.35687072791313
 20
177.147990364695
 30
0.0
  0
VERTEX
  5
5D3
330
5D1
100
AcDbEntity
  8
Make2D___U+9359_U+7EFE__U+93C5_U+20AC_U+6C31_U+568E
 62
     7
370
     0
100
AcDbVertex
100
AcDb2dVertex
 10
18.35687072791313
 20
161.1443679952053
 30
0.0
  0
SEQEND
  5
5D4
330
5D1
100
AcDbEntity
  8
Make2D___U+9359_U+7EFE__U+93C5_U+20AC_U+6C31_U+568E
 62
     7
370
     0
  0
POLYLINE
  5
5D5
330
435
100
AcDbEntity
  8
Make2D___U+9359_U+7EFE__U+93C5_U+20AC_U+6C31_U+568E
 62
     7
370
     0
100
AcDb2dPolyline
 66
     1
 10
0.0
 20
0.0
 30
0.0
  0
VERTEX
  5
5D6
330
5D5
100
AcDbEntity
  8
Make2D___U+9359_U+7EFE__U+93C5_U+20AC_U+6C31_U+568E
 62
     7
370
     0
100
AcDbVertex
100
AcDb2dVertex
 10
34.36049350169014
 20
174.0761426652871
 30
0.0
  0
VERTEX
  5
5D7
330
5D5
100
AcDbEntity
  8
Make2D___U+9359_U+7EFE__U+93C5_U+20AC_U+6C31_U+568E
 62
     7
370
     0
100
AcDbVertex
100
AcDb2dVertex
 10
34.36049350169014
 20
177.147990364695
 30
0.0
  0
SEQEND
  5
5D8
330
5D5
100
AcDbEntity
  8
Make2D___U+9359_U+7EFE__U+93C5_U+20AC_U+6C31_U+568E
 62
     7
370
     0
  0
POLYLINE
  5
5D9
330
435
100
AcDbEntity
  8
Make2D___U+9359_U+7EFE__U+93C5_U+20AC_U+6C31_U+568E
 62
     7
370
     0
100
AcDb2dPolyline
 66
     1
 10
0.0
 20
0.0
 30
0.0
  0
VERTEX
  5
5DA
330
5D9
100
AcDbEntity
  8
Make2D___U+9359_U+7EFE__U+93C5_U+20AC_U+6C31_U+568E
 62
     7
370
     0
100
AcDbVertex
100
AcDb2dVertex
 10
34.36049350169014
 20
170.4445777579367
 30
0.0
  0
VERTEX
  5
5DB
330
5D9
100
AcDbEntity
  8
Make2D___U+9359_U+7EFE__U+93C5_U+20AC_U+6C31_U+568E
 62
     7
370
     0
100
AcDbVertex
100
AcDb2dVertex
 10
34.36049350169014
 20
174.0761426652871
 30
0.0
  0
SEQEND
  5
5DC
330
5D9
100
AcDbEntity
  8
Make2D___U+9359_U+7EFE__U+93C5_U+20AC_U+6C31_U+568E
 62
     7
370
     0
  0
POLYLINE
  5
5DD
330
435
100
AcDbEntity
  8
Make2D___U+9359_U+7EFE__U+93C5_U+20AC_U+6C31_U+568E
 62
     7
370
     0
100
AcDb2dPolyline
 66
     1
 10
0.0
 20
0.0
 30
0.0
  0
VERTEX
  5
5DE
330
5DD
100
AcDbEntity
  8
Make2D___U+9359_U+7EFE__U+93C5_U+20AC_U+6C31_U+568E
 62
     7
370
     0
100
AcDbVertex
100
AcDb2dVertex
 10
34.36049350169014
 20
170.4445777579367
 30
0.0
  0
VERTEX
  5
5DF
330
5DD
100
AcDbEntity
  8
Make2D___U+9359_U+7EFE__U+93C5_U+20AC_U+6C31_U+568E
 62
     7
370
     0
100
AcDbVertex
100
AcDb2dVertex
 10
31.17014766915463
 20
170.4445777579367
 30
0.0
  0
SEQEND
  5
5E0
330
5DD
100
AcDbEntity
  8
Make2D___U+9359_U+7EFE__U+93C5_U+20AC_U+6C31_U+568E
 62
     7
370
     0
  0
POLYLINE
  5
5E1
330
435
100
AcDbEntity
  8
Make2D___U+9359_U+7EFE__U+93C5_U+20AC_U+6C31_U+568E
 62
     7
370
     0
100
AcDb2dPolyline
 66
     1
 10
0.0
 20
0.0
 30
0.0
  0
VERTEX
  5
5E2
330
5E1
100
AcDbEntity
  8
Make2D___U+9359_U+7EFE__U+93C5_U+20AC_U+6C31_U+568E
 62
     7
370
     0
100
AcDbVertex
100
AcDb2dVertex
 10
20.90438489394319
 20
161.1443679952053
 30
0.0
  0
VERTEX
  5
5E3
330
5E1
100
AcDbEntity
  8
Make2D___U+9359_U+7EFE__U+93C5_U+20AC_U+6C31_U+568E
 62
     7
370
     0
100
AcDbVertex
100
AcDb2dVertex
 10
24.53594989303565
 20
161.1443679952053
 30
0.0
  0
SEQEND
  5
5E4
330
5E1
100
AcDbEntity
  8
Make2D___U+9359_U+7EFE__U+93C5_U+20AC_U+6C31_U+568E
 62
     7
370
     0
  0
POLYLINE
  5
5E5
330
435
100
AcDbEntity
  8
Make2D___U+9359_U+7EFE__U+93C5_U+20AC_U+6C31_U+568E
 62
     7
370
     0
100
AcDb2dPolyline
 66
     1
 10
0.0
 20
0.0
 30
0.0
  0
VERTEX
  5
5E6
330
5E5
100
AcDbEntity
  8
Make2D___U+9359_U+7EFE__U+93C5_U+20AC_U+6C31_U+568E
 62
     7
370
     0
100
AcDbVertex
100
AcDb2dVertex
 10
24.53594989303565
 20
161.1443679952053
 30
0.0
  0
VERTEX
  5
5E7
330
5E5
100
AcDbEntity
  8
Make2D___U+9359_U+7EFE__U+93C5_U+20AC_U+6C31_U+568E
 62
     7
370
     0
100
AcDbVertex
100
AcDb2dVertex
 10
24.53594989303565
 20
165.336814277136
 30
0.0
  0
SEQEND
  5
5E8
330
5E5
100
AcDbEntity
  8
Make2D___U+9359_U+7EFE__U+93C5_U+20AC_U+6C31_U+568E
 62
     7
370
     0
  0
POLYLINE
  5
5E9
330
435
100
AcDbEntity
  8
Make2D___U+9359_U+7EFE__U+93C5_U+20AC_U+6C31_U+568E
 62
     7
370
     0
100
AcDb2dPolyline
 66
     1
 10
0.0
 20
0.0
 30
0.0
  0
VERTEX
  5
5EA
330
5E9
100
AcDbEntity
  8
Make2D___U+9359_U+7EFE__U+93C5_U+20AC_U+6C31_U+568E
 62
     7
370
     0
100
AcDbVertex
100
AcDb2dVertex
 10
18.35687072791313
 20
161.1443679952053
 30
0.0
  0
VERTEX
  5
5EB
330
5E9
100
AcDbEntity
  8
Make2D___U+9359_U+7EFE__U+93C5_U+20AC_U+6C31_U+568E
 62
     7
370
     0
100
AcDbVertex
100
AcDb2dVertex
 10
20.90438489394319
 20
161.1443679952053
 30
0.0
  0
SEQEND
  5
5EC
330
5E9
100
AcDbEntity
  8
Make2D___U+9359_U+7EFE__U+93C5_U+20AC_U+6C31_U+568E
 62
     7
370
     0
  0
POLYLINE
  5
5ED
330
435
100
AcDbEntity
  8
Make2D___U+9359_U+7EFE__U+93C5_U+20AC_U+6C31_U+568E
 62
     7
370
     0
100
AcDb2dPolyline
 66
     1
 10
0.0
 20
0.0
 30
0.0
  0
VERTEX
  5
5EE
330
5ED
100
AcDbEntity
  8
Make2D___U+9359_U+7EFE__U+93C5_U+20AC_U+6C31_U+568E
 62
     7
370
     0
100
AcDbVertex
100
AcDb2dVertex
 10
34.36049350169014
 20
177.147990364695
 30
0.0
  0
VERTEX
  5
5EF
330
5ED
100
AcDbEntity
  8
Make2D___U+9359_U+7EFE__U+93C5_U+20AC_U+6C31_U+568E
 62
     7
370
     0
100
AcDbVertex
100
AcDb2dVertex
 10
18.35687072791313
 20
177.147990364695
 30
0.0
  0
SEQEND
  5
5F0
330
5ED
100
AcDbEntity
  8
Make2D___U+9359_U+7EFE__U+93C5_U+20AC_U+6C31_U+568E
 62
     7
370
     0
  0
POLYLINE
  5
5F1
330
435
100
AcDbEntity
  8
Make2D___U+9359_U+7EFE__U+93C5_U+20AC_U+6C31_U+568E
 62
     7
370
     0
100
AcDb2dPolyline
 66
     1
 10
0.0
 20
0.0
 30
0.0
  0
VERTEX
  5
5F2
330
5F1
100
AcDbEntity
  8
Make2D___U+9359_U+7EFE__U+93C5_U+20AC_U+6C31_U+568E
 62
     7
370
     0
100
AcDbVertex
100
AcDb2dVertex
 10
44.12400655480484
 20
171.8602749440415
 30
0.0
  0
VERTEX
  5
5F3
330
5F1
100
AcDbEntity
  8
Make2D___U+9359_U+7EFE__U+93C5_U+20AC_U+6C31_U+568E
 62
     7
370
     0
100
AcDbVertex
100
AcDb2dVertex
 10
44.62399849912435
 20
172.3846085417753
 30
0.0
  0
SEQEND
  5
5F4
330
5F1
100
AcDbEntity
  8
Make2D___U+9359_U+7EFE__U+93C5_U+20AC_U+6C31_U+568E
 62
     7
370
     0
  0
POLYLINE
  5
5F5
330
435
100
AcDbEntity
  8
Make2D___U+9359_U+7EFE__U+93C5_U+20AC_U+6C31_U+568E
 62
     7
370
     0
100
AcDb2dPolyline
 66
     1
 10
0.0
 20
0.0
 30
0.0
  0
VERTEX
  5
5F6
330
5F5
100
AcDbEntity
  8
Make2D___U+9359_U+7EFE__U+93C5_U+20AC_U+6C31_U+568E
 62
     7
370
     0
100
AcDbVertex
100
AcDb2dVertex
 10
44.12400655480496
 20
193.9091324370829
 30
0.0
  0
VERTEX
  5
5F7
330
5F5
100
AcDbEntity
  8
Make2D___U+9359_U+7EFE__U+93C5_U+20AC_U+6C31_U+568E
 62
     7
370
     0
100
AcDbVertex
100
AcDb2dVertex
 10
44.62399849912446
 20
193.3847988393489
 30
0.0
  0
SEQEND
  5
5F8
330
5F5
100
AcDbEntity
  8
Make2D___U+9359_U+7EFE__U+93C5_U+20AC_U+6C31_U+568E
 62
     7
370
     0
  0
POLYLINE
  5
5F9
330
435
100
AcDbEntity
  8
Make2D___U+9359_U+7EFE__U+93C5_U+20AC_U+6C31_U+568E
 62
     7
370
     0
100
AcDb2dPolyline
 66
     1
 10
0.0
 20
0.0
 30
0.0
  0
VERTEX
  5
5FA
330
5F9
100
AcDbEntity
  8
Make2D___U+9359_U+7EFE__U+93C5_U+20AC_U+6C31_U+568E
 62
     7
370
     0
100
AcDbVertex
100
AcDb2dVertex
 10
44.62399849912446
 20
190.2269086421356
 30
0.0
  0
VERTEX
  5
5FB
330
5F9
100
AcDbEntity
  8
Make2D___U+9359_U+7EFE__U+93C5_U+20AC_U+6C31_U+568E
 62
     7
370
     0
100
AcDbVertex
100
AcDb2dVertex
 10
44.62399849912446
 20
193.3847988393489
 30
0.0
  0
SEQEND
  5
5FC
330
5F9
100
AcDbEntity
  8
Make2D___U+9359_U+7EFE__U+93C5_U+20AC_U+6C31_U+568E
 62
     7
370
     0
  0
POLYLINE
  5
5FD
330
435
100
AcDbEntity
  8
Make2D___U+9359_U+7EFE__U+93C5_U+20AC_U+6C31_U+568E
 62
     7
370
     0
100
AcDb2dPolyline
 66
     1
 10
0.0
 20
0.0
 30
0.0
  0
VERTEX
  5
5FE
330
5FD
100
AcDbEntity
  8
Make2D___U+9359_U+7EFE__U+93C5_U+20AC_U+6C31_U+568E
 62
     7
370
     0
100
AcDbVertex
100
AcDb2dVertex
 10
44.62399849912435
 20
175.5424987389888
 30
0.0
  0
VERTEX
  5
5FF
330
5FD
100
AcDbEntity
  8
Make2D___U+9359_U+7EFE__U+93C5_U+20AC_U+6C31_U+568E
 62
     7
370
     0
100
AcDbVertex
100
AcDb2dVertex
 10
44.62399849912446
 20
190.2269086421356
 30
0.0
  0
SEQEND
  5
600
330
5FD
100
AcDbEntity
  8
Make2D___U+9359_U+7EFE__U+93C5_U+20AC_U+6C31_U+568E
 62
     7
370
     0
  0
POLYLINE
  5
601
330
435
100
AcDbEntity
  8
Make2D___U+9359_U+7EFE__U+93C5_U+20AC_U+6C31_U+568E
 62
     7
370
     0
100
AcDb2dPolyline
 66
     1
 10
0.0
 20
0.0
 30
0.0
  0
VERTEX
  5
602
330
601
100
AcDbEntity
  8
Make2D___U+9359_U+7EFE__U+93C5_U+20AC_U+6C31_U+568E
 62
     7
370
     0
100
AcDbVertex
100
AcDb2dVertex
 10
44.62399849912435
 20
172.3846085417753
 30
0.0
  0
VERTEX
  5
603
330
601
100
AcDbEntity
  8
Make2D___U+9359_U+7EFE__U+93C5_U+20AC_U+6C31_U+568E
 62
     7
370
     0
100
AcDbVertex
100
AcDb2dVertex
 10
44.62399849912435
 20
175.5424987389888
 30
0.0
  0
SEQEND
  5
604
330
601
100
AcDbEntity
  8
Make2D___U+9359_U+7EFE__U+93C5_U+20AC_U+6C31_U+568E
 62
     7
370
     0
  0
POLYLINE
  5
605
330
435
100
AcDbEntity
  8
Make2D___U+9359_U+7EFE__U+93C5_U+20AC_U+6C31_U+568E
 62
     7
370
     0
100
AcDb2dPolyline
 66
     1
 10
0.0
 20
0.0
 30
0.0
  0
VERTEX
  5
606
330
605
100
AcDbEntity
  8
Make2D___U+9359_U+7EFE__U+93C5_U+20AC_U+6C31_U+568E
 62
     7
370
     0
100
AcDbVertex
100
AcDb2dVertex
 10
44.62399849912435
 20
172.9089421395092
 30
0.0
  0
VERTEX
  5
607
330
605
100
AcDbEntity
  8
Make2D___U+9359_U+7EFE__U+93C5_U+20AC_U+6C31_U+568E
 62
     7
370
     0
100
AcDbVertex
100
AcDb2dVertex
 10
46.62400155417969
 20
172.9089421395092
 30
0.0
  0
SEQEND
  5
608
330
605
100
AcDbEntity
  8
Make2D___U+9359_U+7EFE__U+93C5_U+20AC_U+6C31_U+568E
 62
     7
370
     0
  0
POLYLINE
  5
609
330
435
100
AcDbEntity
  8
Make2D___U+9359_U+7EFE__U+93C5_U+20AC_U+6C31_U+568E
 62
     7
370
     0
100
AcDb2dPolyline
 66
     1
 10
0.0
 20
0.0
 30
0.0
  0
VERTEX
  5
60A
330
609
100
AcDbEntity
  8
Make2D___U+9359_U+7EFE__U+93C5_U+20AC_U+6C31_U+568E
 62
     7
370
     0
100
AcDbVertex
100
AcDb2dVertex
 10
44.62399849912446
 20
192.8527746862564
 30
0.0
  0
VERTEX
  5
60B
330
609
100
AcDbEntity
  8
Make2D___U+9359_U+7EFE__U+93C5_U+20AC_U+6C31_U+568E
 62
     7
370
     0
100
AcDbVertex
100
AcDb2dVertex
 10
61.12397960611054
 20
192.8527746862564
 30
0.0
  0
SEQEND
  5
60C
330
609
100
AcDbEntity
  8
Make2D___U+9359_U+7EFE__U+93C5_U+20AC_U+6C31_U+568E
 62
     7
370
     0
  0
POLYLINE
  5
60D
330
435
100
AcDbEntity
  8
Make2D___U+9359_U+7EFE__U+93C5_U+20AC_U+6C31_U+568E
 62
     7
370
     0
100
AcDb2dPolyline
 66
     1
 10
0.0
 20
0.0
 30
0.0
  0
VERTEX
  5
60E
330
60D
100
AcDbEntity
  8
Make2D___U+9359_U+7EFE__U+93C5_U+20AC_U+6C31_U+568E
 62
     7
370
     0
100
AcDbVertex
100
AcDb2dVertex
 10
61.12397960611054
 20
192.8527746862564
 30
0.0
  0
VERTEX
  5
60F
330
60D
100
AcDbEntity
  8
Make2D___U+9359_U+7EFE__U+93C5_U+20AC_U+6C31_U+568E
 62
     7
370
     0
100
AcDbVertex
100
AcDb2dVertex
 10
61.62400682820782
 20
192.3284410885226
 30
0.0
  0
SEQEND
  5
610
330
60D
100
AcDbEntity
  8
Make2D___U+9359_U+7EFE__U+93C5_U+20AC_U+6C31_U+568E
 62
     7
370
     0
  0
POLYLINE
  5
611
330
435
100
AcDbEntity
  8
Make2D___U+9359_U+7EFE__U+93C5_U+20AC_U+6C31_U+568E
 62
     7
370
     0
100
AcDb2dPolyline
 66
     1
 10
0.0
 20
0.0
 30
0.0
  0
VERTEX
  5
612
330
611
100
AcDbEntity
  8
Make2D___U+9359_U+7EFE__U+93C5_U+20AC_U+6C31_U+568E
 62
     7
370
     0
100
AcDbVertex
100
AcDb2dVertex
 10
61.12397960611041
 20
172.9089421395092
 30
0.0
  0
VERTEX
  5
613
330
611
100
AcDbEntity
  8
Make2D___U+9359_U+7EFE__U+93C5_U+20AC_U+6C31_U+568E
 62
     7
370
     0
100
AcDbVertex
100
AcDb2dVertex
 10
58.623984606735
 20
172.9089421395092
 30
0.0
  0
SEQEND
  5
614
330
611
100
AcDbEntity
  8
Make2D___U+9359_U+7EFE__U+93C5_U+20AC_U+6C31_U+568E
 62
     7
370
     0
  0
POLYLINE
  5
615
330
435
100
AcDbEntity
  8
Make2D___U+9359_U+7EFE__U+93C5_U+20AC_U+6C31_U+568E
 62
     7
370
     0
100
AcDb2dPolyline
 66
     1
 10
0.0
 20
0.0
 30
0.0
  0
VERTEX
  5
616
330
615
100
AcDbEntity
  8
Make2D___U+9359_U+7EFE__U+93C5_U+20AC_U+6C31_U+568E
 62
     7
370
     0
100
AcDbVertex
100
AcDb2dVertex
 10
56.62398155168
 20
172.9089421395092
 30
0.0
  0
VERTEX
  5
617
330
615
100
AcDbEntity
  8
Make2D___U+9359_U+7EFE__U+93C5_U+20AC_U+6C31_U+568E
 62
     7
370
     0
100
AcDbVertex
100
AcDb2dVertex
 10
53.62399460798531
 20
172.9089421395092
 30
0.0
  0
SEQEND
  5
618
330
615
100
AcDbEntity
  8
Make2D___U+9359_U+7EFE__U+93C5_U+20AC_U+6C31_U+568E
 62
     7
370
     0
  0
POLYLINE
  5
619
330
435
100
AcDbEntity
  8
Make2D___U+9359_U+7EFE__U+93C5_U+20AC_U+6C31_U+568E
 62
     7
370
     0
100
AcDb2dPolyline
 66
     1
 10
0.0
 20
0.0
 30
0.0
  0
VERTEX
  5
61A
330
619
100
AcDbEntity
  8
Make2D___U+9359_U+7EFE__U+93C5_U+20AC_U+6C31_U+568E
 62
     7
370
     0
100
AcDbVertex
100
AcDb2dVertex
 10
51.6239915529303
 20
172.9089421395092
 30
0.0
  0
VERTEX
  5
61B
330
619
100
AcDbEntity
  8
Make2D___U+9359_U+7EFE__U+93C5_U+20AC_U+6C31_U+568E
 62
     7
370
     0
100
AcDbVertex
100
AcDb2dVertex
 10
48.62400460923561
 20
172.9089421395092
 30
0.0
  0
SEQEND
  5
61C
330
619
100
AcDbEntity
  8
Make2D___U+9359_U+7EFE__U+93C5_U+20AC_U+6C31_U+568E
 62
     7
370
     0
  0
POLYLINE
  5
61D
330
435
100
AcDbEntity
  8
Make2D___U+9359_U+7EFE__U+93C5_U+20AC_U+6C31_U+568E
 62
     7
370
     0
100
AcDb2dPolyline
 66
     1
 10
0.0
 20
0.0
 30
0.0
  0
VERTEX
  5
61E
330
61D
100
AcDbEntity
  8
Make2D___U+9359_U+7EFE__U+93C5_U+20AC_U+6C31_U+568E
 62
     7
370
     0
100
AcDbVertex
100
AcDb2dVertex
 10
46.62400155417969
 20
175.1760684705605
 30
0.0
  0
VERTEX
  5
61F
330
61D
100
AcDbEntity
  8
Make2D___U+9359_U+7EFE__U+93C5_U+20AC_U+6C31_U+568E
 62
     7
370
     0
100
AcDbVertex
100
AcDb2dVertex
 10
46.62400155417969
 20
171.8602749440415
 30
0.0
  0
SEQEND
  5
620
330
61D
100
AcDbEntity
  8
Make2D___U+9359_U+7EFE__U+93C5_U+20AC_U+6C31_U+568E
 62
     7
370
     0
  0
POLYLINE
  5
621
330
435
100
AcDbEntity
  8
Make2D___U+9359_U+7EFE__U+93C5_U+20AC_U+6C31_U+568E
 62
     7
370
     0
100
AcDb2dPolyline
 66
     1
 10
0.0
 20
0.0
 30
0.0
  0
VERTEX
  5
622
330
621
100
AcDbEntity
  8
Make2D___U+9359_U+7EFE__U+93C5_U+20AC_U+6C31_U+568E
 62
     7
370
     0
100
AcDbVertex
100
AcDb2dVertex
 10
48.62400460923561
 20
171.8602749440415
 30
0.0
  0
VERTEX
  5
623
330
621
100
AcDbEntity
  8
Make2D___U+9359_U+7EFE__U+93C5_U+20AC_U+6C31_U+568E
 62
     7
370
     0
100
AcDbVertex
100
AcDb2dVertex
 10
48.62400460923561
 20
175.1760684705605
 30
0.0
  0
SEQEND
  5
624
330
621
100
AcDbEntity
  8
Make2D___U+9359_U+7EFE__U+93C5_U+20AC_U+6C31_U+568E
 62
     7
370
     0
  0
POLYLINE
  5
625
330
435
100
AcDbEntity
  8
Make2D___U+9359_U+7EFE__U+93C5_U+20AC_U+6C31_U+568E
 62
     7
370
     0
100
AcDb2dPolyline
 66
     1
 10
0.0
 20
0.0
 30
0.0
  0
VERTEX
  5
626
330
625
100
AcDbEntity
  8
Make2D___U+9359_U+7EFE__U+93C5_U+20AC_U+6C31_U+568E
 62
     7
370
     0
100
AcDbVertex
100
AcDb2dVertex
 10
46.62400155417969
 20
171.8602749440415
 30
0.0
  0
VERTEX
  5
627
330
625
100
AcDbEntity
  8
Make2D___U+9359_U+7EFE__U+93C5_U+20AC_U+6C31_U+568E
 62
     7
370
     0
100
AcDbVertex
100
AcDb2dVertex
 10
48.62400460923561
 20
171.8602749440415
 30
0.0
  0
SEQEND
  5
628
330
625
100
AcDbEntity
  8
Make2D___U+9359_U+7EFE__U+93C5_U+20AC_U+6C31_U+568E
 62
     7
370
     0
  0
POLYLINE
  5
629
330
435
100
AcDbEntity
  8
Make2D___U+9359_U+7EFE__U+93C5_U+20AC_U+6C31_U+568E
 62
     7
370
     0
100
AcDb2dPolyline
 66
     1
 10
0.0
 20
0.0
 30
0.0
  0
VERTEX
  5
62A
330
629
100
AcDbEntity
  8
Make2D___U+9359_U+7EFE__U+93C5_U+20AC_U+6C31_U+568E
 62
     7
370
     0
100
AcDbVertex
100
AcDb2dVertex
 10
51.6239915529303
 20
175.1760684705605
 30
0.0
  0
VERTEX
  5
62B
330
629
100
AcDbEntity
  8
Make2D___U+9359_U+7EFE__U+93C5_U+20AC_U+6C31_U+568E
 62
     7
370
     0
100
AcDbVertex
100
AcDb2dVertex
 10
51.6239915529303
 20
171.8602749440415
 30
0.0
  0
SEQEND
  5
62C
330
629
100
AcDbEntity
  8
Make2D___U+9359_U+7EFE__U+93C5_U+20AC_U+6C31_U+568E
 62
     7
370
     0
  0
POLYLINE
  5
62D
330
435
100
AcDbEntity
  8
Make2D___U+9359_U+7EFE__U+93C5_U+20AC_U+6C31_U+568E
 62
     7
370
     0
100
AcDb2dPolyline
 66
     1
 10
0.0
 20
0.0
 30
0.0
  0
VERTEX
  5
62E
330
62D
100
AcDbEntity
  8
Make2D___U+9359_U+7EFE__U+93C5_U+20AC_U+6C31_U+568E
 62
     7
370
     0
100
AcDbVertex
100
AcDb2dVertex
 10
53.62399460798531
 20
171.8602749440415
 30
0.0
  0
VERTEX
  5
62F
330
62D
100
AcDbEntity
  8
Make2D___U+9359_U+7EFE__U+93C5_U+20AC_U+6C31_U+568E
 62
     7
370
     0
100
AcDbVertex
100
AcDb2dVertex
 10
53.62399460798531
 20
175.1760684705605
 30
0.0
  0
SEQEND
  5
630
330
62D
100
AcDbEntity
  8
Make2D___U+9359_U+7EFE__U+93C5_U+20AC_U+6C31_U+568E
 62
     7
370
     0
  0
POLYLINE
  5
631
330
435
100
AcDbEntity
  8
Make2D___U+9359_U+7EFE__U+93C5_U+20AC_U+6C31_U+568E
 62
     7
370
     0
100
AcDb2dPolyline
 66
     1
 10
0.0
 20
0.0
 30
0.0
  0
VERTEX
  5
632
330
631
100
AcDbEntity
  8
Make2D___U+9359_U+7EFE__U+93C5_U+20AC_U+6C31_U+568E
 62
     7
370
     0
100
AcDbVertex
100
AcDb2dVertex
 10
51.6239915529303
 20
171.8602749440415
 30
0.0
  0
VERTEX
  5
633
330
631
100
AcDbEntity
  8
Make2D___U+9359_U+7EFE__U+93C5_U+20AC_U+6C31_U+568E
 62
     7
370
     0
100
AcDbVertex
100
AcDb2dVertex
 10
53.62399460798531
 20
171.8602749440415
 30
0.0
  0
SEQEND
  5
634
330
631
100
AcDbEntity
  8
Make2D___U+9359_U+7EFE__U+93C5_U+20AC_U+6C31_U+568E
 62
     7
370
     0
  0
POLYLINE
  5
635
330
435
100
AcDbEntity
  8
Make2D___U+9359_U+7EFE__U+93C5_U+20AC_U+6C31_U+568E
 62
     7
370
     0
100
AcDb2dPolyline
 66
     1
 10
0.0
 20
0.0
 30
0.0
  0
VERTEX
  5
636
330
635
100
AcDbEntity
  8
Make2D___U+9359_U+7EFE__U+93C5_U+20AC_U+6C31_U+568E
 62
     7
370
     0
100
AcDbVertex
100
AcDb2dVertex
 10
56.62398155168
 20
171.8602749440415
 30
0.0
  0
VERTEX
  5
637
330
635
100
AcDbEntity
  8
Make2D___U+9359_U+7EFE__U+93C5_U+20AC_U+6C31_U+568E
 62
     7
370
     0
100
AcDbVertex
100
AcDb2dVertex
 10
58.623984606735
 20
171.8602749440415
 30
0.0
  0
SEQEND
  5
638
330
635
100
AcDbEntity
  8
Make2D___U+9359_U+7EFE__U+93C5_U+20AC_U+6C31_U+568E
 62
     7
370
     0
  0
POLYLINE
  5
639
330
435
100
AcDbEntity
  8
Make2D___U+9359_U+7EFE__U+93C5_U+20AC_U+6C31_U+568E
 62
     7
370
     0
100
AcDb2dPolyline
 66
     1
 10
0.0
 20
0.0
 30
0.0
  0
VERTEX
  5
63A
330
639
100
AcDbEntity
  8
Make2D___U+9359_U+7EFE__U+93C5_U+20AC_U+6C31_U+568E
 62
     7
370
     0
100
AcDbVertex
100
AcDb2dVertex
 10
56.62398155168
 20
175.1760684705605
 30
0.0
  0
VERTEX
  5
63B
330
639
100
AcDbEntity
  8
Make2D___U+9359_U+7EFE__U+93C5_U+20AC_U+6C31_U+568E
 62
     7
370
     0
100
AcDbVertex
100
AcDb2dVertex
 10
56.62398155168
 20
171.8602749440415
 30
0.0
  0
SEQEND
  5
63C
330
639
100
AcDbEntity
  8
Make2D___U+9359_U+7EFE__U+93C5_U+20AC_U+6C31_U+568E
 62
     7
370
     0
  0
POLYLINE
  5
63D
330
435
100
AcDbEntity
  8
Make2D___U+9359_U+7EFE__U+93C5_U+20AC_U+6C31_U+568E
 62
     7
370
     0
100
AcDb2dPolyline
 66
     1
 10
0.0
 20
0.0
 30
0.0
  0
VERTEX
  5
63E
330
63D
100
AcDbEntity
  8
Make2D___U+9359_U+7EFE__U+93C5_U+20AC_U+6C31_U+568E
 62
     7
370
     0
100
AcDbVertex
100
AcDb2dVertex
 10
58.623984606735
 20
171.8602749440415
 30
0.0
  0
VERTEX
  5
63F
330
63D
100
AcDbEntity
  8
Make2D___U+9359_U+7EFE__U+93C5_U+20AC_U+6C31_U+568E
 62
     7
370
     0
100
AcDbVertex
100
AcDb2dVertex
 10
58.623984606735
 20
175.1760684705605
 30
0.0
  0
SEQEND
  5
640
330
63D
100
AcDbEntity
  8
Make2D___U+9359_U+7EFE__U+93C5_U+20AC_U+6C31_U+568E
 62
     7
370
     0
  0
POLYLINE
  5
641
330
435
100
AcDbEntity
  8
Make2D___U+9359_U+7EFE__U+93C5_U+20AC_U+6C31_U+568E
 62
     7
370
     0
100
AcDb2dPolyline
 66
     1
 10
0.0
 20
0.0
 30
0.0
  0
VERTEX
  5
642
330
641
100
AcDbEntity
  8
Make2D___U+9359_U+7EFE__U+93C5_U+20AC_U+6C31_U+568E
 62
     7
370
     0
100
AcDbVertex
100
AcDb2dVertex
 10
61.62400682820782
 20
189.4863222721405
 30
0.0
  0
VERTEX
  5
643
330
641
100
AcDbEntity
  8
Make2D___U+9359_U+7EFE__U+93C5_U+20AC_U+6C31_U+568E
 62
     7
370
     0
100
AcDbVertex
100
AcDb2dVertex
 10
61.62400682820782
 20
192.3284410885226
 30
0.0
  0
SEQEND
  5
644
330
641
100
AcDbEntity
  8
Make2D___U+9359_U+7EFE__U+93C5_U+20AC_U+6C31_U+568E
 62
     7
370
     0
  0
POLYLINE
  5
645
330
435
100
AcDbEntity
  8
Make2D___U+9359_U+7EFE__U+93C5_U+20AC_U+6C31_U+568E
 62
     7
370
     0
100
AcDb2dPolyline
 66
     1
 10
0.0
 20
0.0
 30
0.0
  0
VERTEX
  5
646
330
645
100
AcDbEntity
  8
Make2D___U+9359_U+7EFE__U+93C5_U+20AC_U+6C31_U+568E
 62
     7
370
     0
100
AcDbVertex
100
AcDb2dVertex
 10
61.62400682820771
 20
176.2753945536242
 30
0.0
  0
VERTEX
  5
647
330
645
100
AcDbEntity
  8
Make2D___U+9359_U+7EFE__U+93C5_U+20AC_U+6C31_U+568E
 62
     7
370
     0
100
AcDbVertex
100
AcDb2dVertex
 10
61.62400682820782
 20
189.4863222721405
 30
0.0
  0
SEQEND
  5
648
330
645
100
AcDbEntity
  8
Make2D___U+9359_U+7EFE__U+93C5_U+20AC_U+6C31_U+568E
 62
     7
370
     0
  0
POLYLINE
  5
649
330
435
100
AcDbEntity
  8
Make2D___U+9359_U+7EFE__U+93C5_U+20AC_U+6C31_U+568E
 62
     7
370
     0
100
AcDb2dPolyline
 66
     1
 10
0.0
 20
0.0
 30
0.0
  0
VERTEX
  5
64A
330
649
100
AcDbEntity
  8
Make2D___U+9359_U+7EFE__U+93C5_U+20AC_U+6C31_U+568E
 62
     7
370
     0
100
AcDbVertex
100
AcDb2dVertex
 10
61.62400682820771
 20
173.433311015021
 30
0.0
  0
VERTEX
  5
64B
330
649
100
AcDbEntity
  8
Make2D___U+9359_U+7EFE__U+93C5_U+20AC_U+6C31_U+568E
 62
     7
370
     0
100
AcDbVertex
100
AcDb2dVertex
 10
61.62400682820771
 20
176.2753945536242
 30
0.0
  0
SEQEND
  5
64C
330
649
100
AcDbEntity
  8
Make2D___U+9359_U+7EFE__U+93C5_U+20AC_U+6C31_U+568E
 62
     7
370
     0
  0
POLYLINE
  5
64D
330
435
100
AcDbEntity
  8
Make2D___U+9359_U+7EFE__U+93C5_U+20AC_U+6C31_U+568E
 62
     7
370
     0
100
AcDb2dPolyline
 66
     1
 10
0.0
 20
0.0
 30
0.0
  0
VERTEX
  5
64E
330
64D
100
AcDbEntity
  8
Make2D___U+9359_U+7EFE__U+93C5_U+20AC_U+6C31_U+568E
 62
     7
370
     0
100
AcDbVertex
100
AcDb2dVertex
 10
61.62400682820771
 20
173.433311015021
 30
0.0
  0
VERTEX
  5
64F
330
64D
100
AcDbEntity
  8
Make2D___U+9359_U+7EFE__U+93C5_U+20AC_U+6C31_U+568E
 62
     7
370
     0
100
AcDbVertex
100
AcDb2dVertex
 10
61.12397960611041
 20
172.9089421395092
 30
0.0
  0
SEQEND
  5
650
330
64D
100
AcDbEntity
  8
Make2D___U+9359_U+7EFE__U+93C5_U+20AC_U+6C31_U+568E
 62
     7
370
     0
  0
POLYLINE
  5
651
330
435
100
AcDbEntity
  8
Make2D___U+9359_U+7EFE__U+93C5_U+20AC_U+6C31_U+568E
 62
     7
370
     0
100
AcDb2dPolyline
 66
     1
 10
0.0
 20
0.0
 30
0.0
  0
VERTEX
  5
652
330
651
100
AcDbEntity
  8
Make2D___U+9359_U+7EFE__U+93C5_U+20AC_U+6C31_U+568E
 62
     7
370
     0
100
AcDbVertex
100
AcDb2dVertex
 10
23.48728267107515
 20
151.3808551887368
 30
0.0
  0
VERTEX
  5
653
330
651
100
AcDbEntity
  8
Make2D___U+9359_U+7EFE__U+93C5_U+20AC_U+6C31_U+568E
 62
     7
370
     0
100
AcDbVertex
100
AcDb2dVertex
 10
22.96294906009507
 20
150.8808632570481
 30
0.0
  0
SEQEND
  5
654
330
651
100
AcDbEntity
  8
Make2D___U+9359_U+7EFE__U+93C5_U+20AC_U+6C31_U+568E
 62
     7
370
     0
  0
POLYLINE
  5
655
330
435
100
AcDbEntity
  8
Make2D___U+9359_U+7EFE__U+93C5_U+20AC_U+6C31_U+568E
 62
     7
370
     0
100
AcDb2dPolyline
 66
     1
 10
0.0
 20
0.0
 30
0.0
  0
VERTEX
  5
656
330
655
100
AcDbEntity
  8
Make2D___U+9359_U+7EFE__U+93C5_U+20AC_U+6C31_U+568E
 62
     7
370
     0
100
AcDbVertex
100
AcDb2dVertex
 10
23.48728267107515
 20
161.1443679952053
 30
0.0
  0
VERTEX
  5
657
330
655
100
AcDbEntity
  8
Make2D___U+9359_U+7EFE__U+93C5_U+20AC_U+6C31_U+568E
 62
     7
370
     0
100
AcDbVertex
100
AcDb2dVertex
 10
23.48728267107515
 20
151.3808551887368
 30
0.0
  0
SEQEND
  5
658
330
655
100
AcDbEntity
  8
Make2D___U+9359_U+7EFE__U+93C5_U+20AC_U+6C31_U+568E
 62
     7
370
     0
  0
POLYLINE
  5
659
330
435
100
AcDbEntity
  8
Make2D___U+9359_U+7EFE__U+93C5_U+20AC_U+6C31_U+568E
 62
     7
370
     0
100
AcDb2dPolyline
 66
     1
 10
0.0
 20
0.0
 30
0.0
  0
VERTEX
  5
65A
330
659
100
AcDbEntity
  8
Make2D___U+9359_U+7EFE__U+93C5_U+20AC_U+6C31_U+568E
 62
     7
370
     0
100
AcDbVertex
100
AcDb2dVertex
 10
34.36049350169014
 20
171.8602749440415
 30
0.0
  0
VERTEX
  5
65B
330
659
100
AcDbEntity
  8
Make2D___U+9359_U+7EFE__U+93C5_U+20AC_U+6C31_U+568E
 62
     7
370
     0
100
AcDbVertex
100
AcDb2dVertex
 10
44.12400655480484
 20
171.8602749440415
 30
0.0
  0
SEQEND
  5
65C
330
659
100
AcDbEntity
  8
Make2D___U+9359_U+7EFE__U+93C5_U+20AC_U+6C31_U+568E
 62
     7
370
     0
  0
POLYLINE
  5
65D
330
435
100
AcDbEntity
  8
Make2D___U+9359_U+7EFE__U+93C5_U+20AC_U+6C31_U+568E
 62
     7
370
     0
100
AcDb2dPolyline
 66
     1
 10
0.0
 20
0.0
 30
0.0
  0
VERTEX
  5
65E
330
65D
100
AcDbEntity
  8
Make2D___U+9359_U+7EFE__U+93C5_U+20AC_U+6C31_U+568E
 62
     7
370
     0
100
AcDbVertex
100
AcDb2dVertex
 10
44.12400655480496
 20
193.9091324370829
 30
0.0
  0
VERTEX
  5
65F
330
65D
100
AcDbEntity
  8
Make2D___U+9359_U+7EFE__U+93C5_U+20AC_U+6C31_U+568E
 62
     7
370
     0
100
AcDbVertex
100
AcDb2dVertex
 10
34.37400489057609
 20
193.9091324370829
 30
0.0
  0
SEQEND
  5
660
330
65D
100
AcDbEntity
  8
Make2D___U+9359_U+7EFE__U+93C5_U+20AC_U+6C31_U+568E
 62
     7
370
     0
  0
POLYLINE
  5
661
330
435
100
AcDbEntity
  8
Make2D___U+9359_U+7EFE__U+93C5_U+20AC_U+6C31_U+568E
 62
     7
370
     0
100
AcDb2dPolyline
 66
     1
 10
0.0
 20
0.0
 30
0.0
  0
VERTEX
  5
662
330
661
100
AcDbEntity
  8
Make2D___U+9359_U+7EFE__U+93C5_U+20AC_U+6C31_U+568E
 62
     7
370
     0
100
AcDbVertex
100
AcDb2dVertex
 10
29.18513766965089
 20
194.2684718723603
 30
0.0
  0
VERTEX
  5
663
330
661
100
AcDbEntity
  8
Make2D___U+9359_U+7EFE__U+93C5_U+20AC_U+6C31_U+568E
 62
     7
370
     0
100
AcDbVertex
100
AcDb2dVertex
 10
-3.937167877624233
 20
194.2684718723603
 30
0.0
  0
SEQEND
  5
664
330
661
100
AcDbEntity
  8
Make2D___U+9359_U+7EFE__U+93C5_U+20AC_U+6C31_U+568E
 62
     7
370
     0
  0
POLYLINE
  5
665
330
435
100
AcDbEntity
  8
Make2D___U+9359_U+7EFE__U+93C5_U+20AC_U+6C31_U+568E
 62
     7
370
     0
100
AcDb2dPolyline
 66
     1
 10
0.0
 20
0.0
 30
0.0
  0
VERTEX
  5
666
330
665
100
AcDbEntity
  8
Make2D___U+9359_U+7EFE__U+93C5_U+20AC_U+6C31_U+568E
 62
     7
370
     0
100
AcDbVertex
100
AcDb2dVertex
 10
-9.125999820771426
 20
188.6137617388458
 30
0.0
  0
VERTEX
  5
667
330
665
100
AcDbEntity
  8
Make2D___U+9359_U+7EFE__U+93C5_U+20AC_U+6C31_U+568E
 62
     7
370
     0
100
AcDbVertex
100
AcDb2dVertex
 10
34.37400489057609
 20
188.6137617388458
 30
0.0
  0
SEQEND
  5
668
330
665
100
AcDbEntity
  8
Make2D___U+9359_U+7EFE__U+93C5_U+20AC_U+6C31_U+568E
 62
     7
370
     0
  0
POLYLINE
  5
669
330
435
100
AcDbEntity
  8
Make2D___U+9359_U+7EFE__U+93C5_U+20AC_U+6C31_U+568E
 62
     7
370
     0
100
AcDb2dPolyline
 66
     1
 10
0.0
 20
0.0
 30
0.0
  0
VERTEX
  5
66A
330
669
100
AcDbEntity
  8
Make2D___U+9359_U+7EFE__U+93C5_U+20AC_U+6C31_U+568E
 62
     7
370
     0
100
AcDbVertex
100
AcDb2dVertex
 10
2.28505600970891
 20
150.8808632570481
 30
0.0
  0
VERTEX
  5
66B
330
669
100
AcDbEntity
  8
Make2D___U+9359_U+7EFE__U+93C5_U+20AC_U+6C31_U+568E
 62
     7
370
     0
100
AcDbVertex
100
AcDb2dVertex
 10
5.442946286696951
 20
150.8808632570481
 30
0.0
  0
SEQEND
  5
66C
330
669
100
AcDbEntity
  8
Make2D___U+9359_U+7EFE__U+93C5_U+20AC_U+6C31_U+568E
 62
     7
370
     0
  0
POLYLINE
  5
66D
330
435
100
AcDbEntity
  8
Make2D___U+9359_U+7EFE__U+93C5_U+20AC_U+6C31_U+568E
 62
     7
370
     0
100
AcDb2dPolyline
 66
     1
 10
0.0
 20
0.0
 30
0.0
  0
VERTEX
  5
66E
330
66D
100
AcDbEntity
  8
Make2D___U+9359_U+7EFE__U+93C5_U+20AC_U+6C31_U+568E
 62
     7
370
     0
100
AcDbVertex
100
AcDb2dVertex
 10
19.80502350532868
 20
150.8808632570481
 30
0.0
  0
VERTEX
  5
66F
330
66D
100
AcDbEntity
  8
Make2D___U+9359_U+7EFE__U+93C5_U+20AC_U+6C31_U+568E
 62
     7
370
     0
100
AcDbVertex
100
AcDb2dVertex
 10
22.96294906009507
 20
150.8808632570481
 30
0.0
  0
SEQEND
  5
670
330
66D
100
AcDbEntity
  8
Make2D___U+9359_U+7EFE__U+93C5_U+20AC_U+6C31_U+568E
 62
     7
370
     0
  0
POLYLINE
  5
671
330
435
100
AcDbEntity
  8
Make2D___U+9359_U+7EFE__U+59DD_U+FF45_U+578F_U+7EFE
 62
     7
370
     0
100
AcDb2dPolyline
 66
     1
 10
0.0
 20
0.0
 30
0.0
  0
VERTEX
  5
672
330
671
100
AcDbEntity
  8
Make2D___U+9359_U+7EFE__U+59DD_U+FF45_U+578F_U+7EFE
 62
     7
370
     0
100
AcDbVertex
100
AcDb2dVertex
 10
19.80502350532868
 20
150.880863372784
 30
0.0
  0
VERTEX
  5
673
330
671
100
AcDbEntity
  8
Make2D___U+9359_U+7EFE__U+59DD_U+FF45_U+578F_U+7EFE
 62
     7
370
     0
100
AcDbVertex
100
AcDb2dVertex
 10
5.442946419606869
 20
150.8808633733006
 30
0.0
  0
SEQEND
  5
674
330
671
100
AcDbEntity
  8
Make2D___U+9359_U+7EFE__U+59DD_U+FF45_U+578F_U+7EFE
 62
     7
370
     0
  0
ENDBLK
  0
BLOCK
  5
BFD
330
BFB
100
AcDbEntity
  8
0
100
AcDbBlockBegin
  2
A$C45091238
 70
     0
 10
0.0
 20
0.0
 30
0.0
  3
A$C45091238
  1

  0
LINE
  5
BFE
330
BFB
100
AcDbEntity
  8
0
  6
Continuous
 62
     7
100
AcDbLine
 10
1.126909581977087
 20
35.52169907718691
 30
0.0
 11
1.650830484784819
 21
36.04561998000918
 31
0.0
  0
LINE
  5
BFF
330
BFB
100
AcDbEntity
  8
0
  6
Continuous
 62
     7
100
AcDbLine
 10
4.724296015414438
 20
31.90327244334822
 30
0.0
 11
4.120500072709545
 21
31.29947650064333
 31
0.0
  0
LINE
  5
C00
330
BFB
100
AcDbEntity
  8
0
  6
Continuous
 62
     7
100
AcDbLine
 10
10.08358240334564
 20
20.23318550725435
 30
0.0
 11
10.09501334785091
 21
20.24743300545288
 31
0.0
  0
LINE
  5
C01
330
BFB
100
AcDbEntity
  8
0
  6
Continuous
 62
     7
100
AcDbLine
 10
10.54329114586653
 20
19.59456022584254
 30
0.0
 11
10.55676073540599
 21
19.60880780281059
 31
0.0
  0
LINE
  5
C02
330
BFB
100
AcDbEntity
  8
0
  6
Continuous
 62
     7
100
AcDbLine
 10
10.49652208321276
 20
20.92862877323842
 30
0.0
 11
10.51038439282638
 21
20.94259696628342
 31
0.0
  0
LINE
  5
C03
330
BFB
100
AcDbEntity
  8
0
  6
Continuous
 62
     7
100
AcDbLine
 10
10.75652562854884
 20
20.23346495749047
 30
0.0
 11
10.77127446180748
 21
20.24743313809358
 31
0.0
  0
LINE
  5
C04
330
BFB
100
AcDbEntity
  8
0
  6
Continuous
 62
     7
100
AcDbLine
 10
10.99253670906546
 20
19.59456446615422
 30
0.0
 11
11.00833953550682
 21
19.60880771161373
 31
0.0
  0
LINE
  5
C05
330
BFB
100
AcDbEntity
  8
0
  6
Continuous
 62
     7
100
AcDbLine
 10
11.20007876973613
 20
21.38995925479594
 30
0.0
 11
11.21857821496451
 21
21.40420698099388
 31
0.0
  0
LINE
  5
C06
330
BFB
100
AcDbEntity
  8
0
  6
Continuous
 62
     7
100
AcDbLine
 10
12.16991047285046
 20
19.59484101076577
 30
0.0
 11
12.19141605060213
 21
19.60880973437361
 31
0.0
  0
LINE
  5
C07
330
BFB
100
AcDbEntity
  8
0
  6
Continuous
 62
     7
100
AcDbLine
 10
14.41281962511493
 20
17.32860316210917
 30
0.0
 11
13.84067771544869
 21
16.99776758740972
 31
0.0
  0
LINE
  5
C08
330
BFB
100
AcDbEntity
  8
0
  6
Continuous
 62
     7
100
AcDbLine
 10
2.528924172514961
 20
21.23959509126053
 30
0.0
 11
3.100082495573586
 21
22.41064320063651
 31
0.0
  0
LINE
  5
C09
330
BFB
100
AcDbEntity
  8
0
  6
Continuous
 62
     7
100
AcDbLine
 10
9.465197669127519
 20
21.05081515962865
 30
0.0
 11
9.473653220240519
 21
21.06506267441637
 31
0.0
  0
LINE
  5
C0A
330
BFB
100
AcDbEntity
  8
0
  6
Continuous
 62
     7
100
AcDbLine
 10
9.49281205263469
 20
21.29030973317185
 30
0.0
 11
9.48470110663402
 21
21.2769728450794
 31
0.0
  0
LINE
  5
C0B
330
BFB
100
AcDbEntity
  8
0
  6
Continuous
 62
     7
100
AcDbLine
 10
9.69170965068406
 20
20.34573946318324
 30
0.0
 11
9.700903588109213
 21
20.35970763963906
 31
0.0
  0
LINE
  5
C0C
330
BFB
100
AcDbEntity
  8
0
  6
Continuous
 62
     7
100
AcDbLine
 10
9.897250988698944
 20
20.23318546579594
 30
0.0
 11
9.907681095213773
 21
20.24743300545288
 31
0.0
  0
LINE
  5
C0D
330
BFB
100
AcDbEntity
  8
0
  6
Continuous
 62
     7
100
AcDbLine
 10
9.966916488749118
 20
19.59456036261599
 30
0.0
 11
9.977385926966237
 21
19.60880771576103
 31
0.0
  0
LINE
  5
C0E
330
BFB
100
AcDbEntity
  8
0
  6
Continuous
 62
     7
100
AcDbLine
 10
14.42174844147302
 20
17.33876168970801
 30
0.0
 11
14.41281977016842
 21
17.3285131290604
 31
0.0
  0
LINE
  5
C0F
330
BFB
100
AcDbEntity
  8
0
  6
Continuous
 62
     7
100
AcDbLine
 10
8.775828200410613
 20
20.91020354384
 30
0.0
 11
8.771336541078197
 21
20.89623518085773
 31
0.0
  0
LINE
  5
C10
330
BFB
100
AcDbEntity
  8
0
  6
Continuous
 62
     7
100
AcDbLine
 10
0.0000007210650517
 20
2.447821658985963
 30
0.0
 11
0.0000007210650517
 21
16.31880956453005
 31
0.0
  0
LINE
  5
C11
330
BFB
100
AcDbEntity
  8
0
  6
Continuous
 62
     7
100
AcDbLine
 10
0.0815947701667028
 20
27.90516416534865
 30
0.0
 11
0.0815947701667028
 21
17.95069049288486
 31
0.0
  0
LINE
  5
C12
330
BFB
100
AcDbEntity
  8
0
  6
Continuous
 62
     7
100
AcDbLine
 10
0.8281802946767129
 20
33.93957259424406
 30
0.0
 11
0.8281802946767129
 21
34.80050277960163
 31
0.0
  0
LINE
  5
C13
330
BFB
100
AcDbEntity
  8
0
  6
Continuous
 62
     7
100
AcDbLine
 10
1.457541696308908
 20
27.90516416534865
 30
0.0
 11
1.457541696308908
 21
18.60344286505915
 31
0.0
  0
LINE
  5
C14
330
BFB
100
AcDbEntity
  8
0
  6
Continuous
 62
     7
100
AcDbLine
 10
1.489092071748018
 20
16.72680727885654
 30
0.0
 11
1.489101833172753
 21
17.95070497128381
 31
0.0
  0
LINE
  5
C15
330
BFB
100
AcDbEntity
  8
0
  6
Continuous
 62
     7
100
AcDbLine
 10
1.754272723079338
 20
25.78371895477085
 30
0.0
 11
1.754272723079338
 21
21.41843746822178
 31
0.0
  0
LINE
  5
C16
330
BFB
100
AcDbEntity
  8
0
  6
Continuous
 62
     7
100
AcDbLine
 10
1.99905486211719
 20
24.9963364098503
 30
0.0
 11
1.99905486211719
 21
24.89434384847027
 31
0.0
  0
LINE
  5
C17
330
BFB
100
AcDbEntity
  8
0
  6
Continuous
 62
     7
100
AcDbLine
 10
8.16050762425948
 20
20.29824880968863
 30
0.0
 11
8.159396708102576
 21
20.28428067466212
 31
0.0
  0
LINE
  5
C18
330
BFB
100
AcDbEntity
  8
0
  6
Continuous
 62
     7
100
AcDbLine
 10
12.79445069772555
 20
28.08035250418381
 30
0.0
 11
13.9138285157278
 21
35.93017750113995
 31
0.0
  0
LINE
  5
C19
330
BFB
100
AcDbEntity
  8
0
  6
Continuous
 62
     7
100
AcDbLine
 10
10.08380653056156
 20
20.23346482899706
 30
0.0
 11
9.967121660974953
 21
19.59483977142281
 31
0.0
  0
LINE
  5
C1A
330
BFB
100
AcDbEntity
  8
0
  6
Continuous
 62
     7
100
AcDbLine
 10
1.777489712319948
 20
28.12538182438493
 30
0.0
 11
1.332989862410612
 21
33.69344389706294
 31
0.0
  0
LINE
  5
C1B
330
BFB
100
AcDbEntity
  8
0
  6
Continuous
 62
     7
100
AcDbLine
 10
2.814995328375515
 20
24.89434384847027
 30
0.0
 11
2.814995328375515
 21
24.9963364098503
 31
0.0
  0
LINE
  5
C1C
330
BFB
100
AcDbEntity
  8
0
  6
Continuous
 62
     7
100
AcDbLine
 10
3.141371512381738
 20
22.58948557758322
 30
0.0
 11
3.141371512381738
 21
25.78371895477085
 31
0.0
  0
LINE
  5
C1D
330
BFB
100
AcDbEntity
  8
0
  6
Continuous
 62
     7
100
AcDbLine
 10
3.751346891254796
 20
23.41749160927339
 30
0.0
 11
3.751346891254796
 21
25.86531300388652
 31
0.0
  0
LINE
  5
C1E
330
BFB
100
AcDbEntity
  8
0
  6
Continuous
 62
     7
100
AcDbLine
 10
4.120500072709545
 20
31.29947650064333
 30
0.0
 11
4.120500072709545
 21
30.51617365403127
 31
0.0
  0
LINE
  5
C1F
330
BFB
100
AcDbEntity
  8
0
  6
Continuous
 62
     7
100
AcDbLine
 10
4.120500072709545
 20
29.0474808156132
 30
0.0
 11
4.120500072709545
 21
28.10914927984322
 31
0.0
  0
LINE
  5
C20
330
BFB
100
AcDbEntity
  8
0
  6
Continuous
 62
     7
100
AcDbLine
 10
5.083309819066925
 20
31.84352392231722
 30
0.0
 11
5.083309819066925
 21
46.26382462691889
 31
0.0
  0
LINE
  5
C21
330
BFB
100
AcDbEntity
  8
0
  6
Continuous
 62
     7
100
AcDbLine
 10
14.57719845931933
 20
33.68527416701454
 30
0.0
 11
14.1333508009011
 21
28.12538182438493
 31
0.0
  0
LINE
  5
C22
330
BFB
100
AcDbEntity
  8
0
  6
Continuous
 62
     7
100
AcDbLine
 10
7.751426748556696
 20
20.28427977106094
 30
0.0
 11
7.750349945552442
 21
20.29824793510397
 31
0.0
  0
LINE
  5
C23
330
BFB
100
AcDbEntity
  8
0
  6
Continuous
 62
     7
100
AcDbLine
 10
10.82753069415412
 20
46.26382462691889
 30
0.0
 11
10.82753069415412
 21
31.84352188713001
 31
0.0
  0
LINE
  5
C24
330
BFB
100
AcDbEntity
  8
0
  6
Continuous
 62
     7
100
AcDbLine
 10
11.7903404405115
 20
31.29947650064333
 30
0.0
 11
11.7903404405115
 21
30.51617365403127
 31
0.0
  0
LINE
  5
C25
330
BFB
100
AcDbEntity
  8
0
  6
Continuous
 62
     7
100
AcDbLine
 10
11.7903404405115
 20
29.0474808156132
 30
0.0
 11
11.7903404405115
 21
28.10914927984322
 31
0.0
  0
LINE
  5
C26
330
BFB
100
AcDbEntity
  8
0
  6
Continuous
 62
     7
100
AcDbLine
 10
12.15949362196625
 20
25.86531300388652
 30
0.0
 11
12.15949362196625
 21
23.41749160927339
 31
0.0
  0
LINE
  5
C27
330
BFB
100
AcDbEntity
  8
0
  6
Continuous
 62
     7
100
AcDbLine
 10
12.76946900083931
 20
25.78371895477085
 30
0.0
 11
12.76946900083931
 21
22.58948557758322
 31
0.0
  0
LINE
  5
C28
330
BFB
100
AcDbEntity
  8
0
  6
Continuous
 62
     7
100
AcDbLine
 10
13.01425113989171
 20
25.09832896709759
 30
0.0
 11
13.01425113989171
 21
24.9963364098503
 31
0.0
  0
LINE
  5
C29
330
BFB
100
AcDbEntity
  8
0
  6
Continuous
 62
     7
100
AcDbLine
 10
13.39618072142548
 20
24.9963364098503
 30
0.0
 11
13.39618072142548
 21
24.55436863968407
 31
0.0
  0
LINE
  5
C2A
330
BFB
100
AcDbEntity
  8
0
  6
Continuous
 62
     7
100
AcDbLine
 10
13.50034332364521
 20
24.55436863968407
 30
0.0
 11
13.50034332364521
 21
24.9963364098503
 31
0.0
  0
LINE
  5
C2B
330
BFB
100
AcDbEntity
  8
0
  6
Continuous
 62
     7
100
AcDbLine
 10
13.72602900391575
 20
24.9963364098503
 30
0.0
 11
13.72602900391575
 21
24.48637361534839
 31
0.0
  0
LINE
  5
C2C
330
BFB
100
AcDbEntity
  8
0
  6
Continuous
 62
     7
100
AcDbLine
 10
13.83019160615004
 20
24.48637361534839
 30
0.0
 11
13.83019160615004
 21
25.09832896709759
 31
0.0
  0
LINE
  5
C2D
330
BFB
100
AcDbEntity
  8
0
  6
Continuous
 62
     7
100
AcDbLine
 10
14.15656779015626
 20
21.41843746822178
 30
0.0
 11
14.15656779015626
 21
25.78371895477085
 31
0.0
  0
LINE
  5
C2E
330
BFB
100
AcDbEntity
  8
0
  6
Continuous
 62
     7
100
AcDbLine
 10
14.42174844147302
 20
17.95069049288486
 30
0.0
 11
14.42174844147302
 21
17.33876168970801
 31
0.0
  0
LINE
  5
C2F
330
BFB
100
AcDbEntity
  8
0
  6
Continuous
 62
     7
100
AcDbLine
 10
14.42174844147302
 20
16.39654405094825
 30
0.0
 11
14.42174844147302
 21
16.31880956453005
 31
0.0
  0
LINE
  5
C30
330
BFB
100
AcDbEntity
  8
0
  6
Continuous
 62
     7
100
AcDbLine
 10
14.45329881692669
 20
18.60344286505915
 30
0.0
 11
14.45329881692669
 21
27.90516416534865
 31
0.0
  0
LINE
  5
C31
330
BFB
100
AcDbEntity
  8
0
  6
Continuous
 62
     7
100
AcDbLine
 10
15.08266021854433
 20
34.80050277960163
 30
0.0
 11
15.08266021854433
 21
33.91664581560963
 31
0.0
  0
LINE
  5
C32
330
BFB
100
AcDbEntity
  8
0
  6
Continuous
 62
     7
100
AcDbLine
 10
15.82924574305434
 20
27.90516416534865
 30
0.0
 11
15.82924574305434
 21
17.95069049288486
 31
0.0
  0
LINE
  5
C33
330
BFB
100
AcDbEntity
  8
0
  6
Continuous
 62
     7
100
AcDbLine
 10
15.91083979217001
 20
2.44782165903507
 30
0.0
 11
15.91083979217001
 21
16.31880956453005
 31
0.0
  0
LINE
  5
C34
330
BFB
100
AcDbEntity
  8
0
  6
Continuous
 62
     7
100
AcDbLine
 10
1.997011997493244
 20
35.93017750113995
 30
0.0
 11
3.116389815524598
 21
28.08035250418381
 31
0.0
  0
LINE
  5
C35
330
BFB
100
AcDbEntity
  8
0
  6
Continuous
 62
     7
100
AcDbLine
 10
7.139503972171951
 20
20.89623518085773
 30
0.0
 11
7.135012312824982
 21
20.91020354384
 31
0.0
  0
LINE
  5
C36
330
BFB
100
AcDbEntity
  8
0
  6
Continuous
 62
     7
100
AcDbLine
 10
10.59176970915359
 20
20.72342102715538
 30
0.0
 11
10.51038435964801
 21
20.94259699944723
 31
0.0
  0
LINE
  5
C37
330
BFB
100
AcDbEntity
  8
0
  6
Continuous
 62
     7
100
AcDbLine
 10
11.25997913786341
 20
20.54259964723224
 30
0.0
 11
11.38181946009354
 21
20.21429645072112
 31
0.0
  0
LINE
  5
C38
330
BFB
100
AcDbEntity
  8
0
  6
Continuous
 62
     7
100
AcDbLine
 10
10.93317714859222
 20
21.42306536053275
 30
0.0
 11
11.25997913786341
 21
20.54259964723224
 31
0.0
  0
LINE
  5
C39
330
BFB
100
AcDbEntity
  8
0
  6
Continuous
 62
     7
100
AcDbLine
 10
11.66012753306495
 20
20.21429645072112
 30
0.0
 11
11.21857786678083
 21
21.40420727942455
 31
0.0
  0
LINE
  5
C3A
330
BFB
100
AcDbEntity
  8
0
  6
Continuous
 62
     7
100
AcDbLine
 10
10.49652204591621
 20
20.9286288354042
 30
0.0
 11
10.57252057428195
 21
20.72326016057832
 31
0.0
  0
LINE
  5
C3B
330
BFB
100
AcDbEntity
  8
0
  6
Continuous
 62
     7
100
AcDbLine
 10
10.75652557882495
 20
20.23346476681672
 30
0.0
 11
10.99283991004995
 21
19.59484488217185
 31
0.0
  0
LINE
  5
C3C
330
BFB
100
AcDbEntity
  8
0
  6
Continuous
 62
     7
100
AcDbLine
 10
11.20044129362577
 20
21.39023917342911
 30
0.0
 11
11.63558597477458
 21
20.21429645072112
 31
0.0
  0
LINE
  5
C3D
330
BFB
100
AcDbEntity
  8
0
  6
Continuous
 62
     7
100
AcDbLine
 10
10.11079108888589
 20
20.94259699944723
 30
0.0
 11
10.18210475221349
 21
20.721145185772
 31
0.0
  0
LINE
  5
C3E
330
BFB
100
AcDbEntity
  8
0
  6
Continuous
 62
     7
100
AcDbLine
 10
2.090458759168541
 20
16.3707679981444
 30
0.0
 11
2.127686804687981
 21
16.31880956453005
 31
0.0
  0
LINE
  5
C3F
330
BFB
100
AcDbEntity
  8
0
  6
Continuous
 62
     7
100
AcDbLine
 10
6.224818003891414
 20
20.00280893927175
 30
0.0
 11
6.215809152145084
 21
20.01677794473562
 31
0.0
  0
LINE
  5
C40
330
BFB
100
AcDbEntity
  8
0
  6
Continuous
 62
     7
100
AcDbLine
 10
6.325716655966972
 20
19.82753326992588
 30
0.0
 11
6.368692935637227
 21
19.75352879494221
 31
0.0
  0
LINE
  5
C41
330
BFB
100
AcDbEntity
  8
0
  6
Continuous
 62
     7
100
AcDbLine
 10
6.460511749075521
 20
19.59456018853143
 30
0.0
 11
6.452730950568366
 21
19.60880771161373
 31
0.0
  0
LINE
  5
C42
330
BFB
100
AcDbEntity
  8
0
  6
Continuous
 62
     7
100
AcDbLine
 10
12.81075801764746
 20
22.41064320063651
 30
0.0
 11
13.38191634070608
 21
21.23959509126053
 31
0.0
  0
LINE
  5
C43
330
BFB
100
AcDbEntity
  8
0
  6
Continuous
 62
     7
100
AcDbLine
 10
1.489092071748018
 20
16.72680727885654
 30
0.0
 11
1.497740940470975
 21
16.71672087388197
 31
0.0
  0
LINE
  5
C44
330
BFB
100
AcDbEntity
  8
0
  6
Continuous
 62
     7
100
AcDbLine
 10
14.42174844147302
 20
16.39654405094825
 30
0.0
 11
14.41295452755366
 21
16.40671474818282
 31
0.0
  0
LINE
  5
C45
330
BFB
100
AcDbEntity
  8
0
  6
Continuous
 62
     7
100
AcDbLine
 10
2.06982343603522
 20
16.38597541513354
 30
0.0
 11
2.090458759168541
 21
16.3707679981444
 31
0.0
  0
LINE
  5
C46
330
BFB
100
AcDbEntity
  8
0
  6
Continuous
 62
     7
100
AcDbLine
 10
2.676111861499521
 20
24.9963364098503
 30
0.0
 11
2.554588779315962
 21
25.09832896709759
 31
0.0
  0
LINE
  5
C47
330
BFB
100
AcDbEntity
  8
0
  6
Continuous
 62
     7
100
AcDbLine
 10
2.693472291754004
 20
25.09832896709759
 30
0.0
 11
2.814995328375515
 21
24.9963364098503
 31
0.0
  0
LINE
  5
C48
330
BFB
100
AcDbEntity
  8
0
  6
Continuous
 62
     7
100
AcDbLine
 10
11.18654449782116
 20
31.90327244334822
 30
0.0
 11
11.7903404405115
 21
31.29947650064333
 31
0.0
  0
LINE
  5
C49
330
BFB
100
AcDbEntity
  8
0
  6
Continuous
 62
     7
100
AcDbLine
 10
1.497740998518565
 20
16.71675766883618
 30
0.0
 11
2.069823465037188
 21
16.38597546901928
 31
0.0
  0
LINE
  5
C4A
330
BFB
100
AcDbEntity
  8
0
  6
Continuous
 62
     7
100
AcDbLine
 10
4.012538470069556
 20
19.59483906676087
 30
0.0
 11
3.992420730271986
 21
19.6088072349512
 31
0.0
  0
LINE
  5
C4B
330
BFB
100
AcDbEntity
  8
0
  6
Continuous
 62
     7
100
AcDbLine
 10
14.26001002428893
 20
36.04561998000918
 30
0.0
 11
14.78393093124395
 21
35.52169907718691
 31
0.0
  0
LINE
  5
C4C
330
BFB
100
AcDbEntity
  8
0
  6
Continuous
 62
     7
100
AcDbLine
 10
14.41295424155032
 20
16.406532257256
 30
0.0
 11
13.84074822151524
 21
16.73740672429176
 31
0.0
  0
LWPOLYLINE
  5
C4D
330
BFB
100
AcDbEntity
  8
0
  6
Continuous
 62
     7
100
AcDbPolyline
 90
        7
 70
     0
 43
0.0
 10
13.84082903201124
 20
16.73735996479718
 10
13.83649756775776
 20
16.73999715702575
 10
13.80525274761385
 20
16.76813219531232
 10
13.7713020488045
 20
16.84034956738378
 10
13.78088590012703
 20
16.92668821480674
 10
13.81878907130522
 20
16.9814091267317
 10
13.8406777486125
 20
16.99776752937669
  0
LINE
  5
C4E
330
BFB
100
AcDbEntity
  8
0
  6
Continuous
 62
     7
100
AcDbLine
 10
2.447822115664165
 20
0.0000002644359558
 30
0.0
 11
13.46301839343869
 21
0.0000002644359558
 31
0.0
  0
LINE
  5
C4F
330
BFB
100
AcDbEntity
  8
0
  6
Continuous
 62
     9
100
AcDbLine
 10
0.0000007210655895
 20
2.44782165903507
 30
0.0
 11
15.91083979217001
 21
2.44782165903507
 31
0.0
  0
LINE
  5
C50
330
BFB
100
AcDbEntity
  8
0
  6
Continuous
 62
     7
100
AcDbLine
 10
15.91083979217001
 20
16.31880956453005
 30
0.0
 11
0.0000007210655895
 21
16.31880956453005
 31
0.0
  0
LINE
  5
C51
330
BFB
100
AcDbEntity
  8
0
  6
Continuous
 62
     7
100
AcDbLine
 10
0.0815947701667028
 20
17.95069049288486
 30
0.0
 11
15.82924574305434
 21
17.95069049288486
 31
0.0
  0
LINE
  5
C52
330
BFB
100
AcDbEntity
  8
0
  6
Continuous
 62
     7
100
AcDbLine
 10
14.45329881692669
 20
18.60344286505915
 30
0.0
 11
1.457541696308908
 21
18.60344286505915
 31
0.0
  0
LINE
  5
C53
330
BFB
100
AcDbEntity
  8
0
  6
Continuous
 62
     7
100
AcDbLine
 10
10.54355528454834
 20
19.59483977142281
 30
0.0
 11
9.967121660974953
 21
19.59483977142281
 31
0.0
  0
LINE
  5
C54
330
BFB
100
AcDbEntity
  8
0
  6
Continuous
 62
     7
100
AcDbLine
 10
12.16992123320597
 20
19.59484488217185
 30
0.0
 11
10.99283991004995
 21
19.59484488217185
 31
0.0
  0
LINE
  5
C55
330
BFB
100
AcDbEntity
  8
0
  6
Continuous
 62
     7
100
AcDbLine
 10
9.977385951820906
 20
19.60880791472937
 30
0.0
 11
10.55676071466951
 21
19.60880791472937
 31
0.0
  0
LINE
  5
C56
330
BFB
100
AcDbEntity
  8
0
  6
Continuous
 62
     7
100
AcDbLine
 10
11.0083378816671
 20
19.60881268973662
 30
0.0
 11
12.19142395923336
 21
19.60881268973662
 31
0.0
  0
LINE
  5
C57
330
BFB
100
AcDbEntity
  8
0
  6
Continuous
 62
     7
100
AcDbLine
 10
11.66012753306495
 20
20.21429645072112
 30
0.0
 11
11.38181946009354
 21
20.21429645072112
 31
0.0
  0
LINE
  5
C58
330
BFB
100
AcDbEntity
  8
0
  6
Continuous
 62
     7
100
AcDbLine
 10
10.08380653056156
 20
20.23346482899706
 30
0.0
 11
9.897455439717305
 21
20.23346482899706
 31
0.0
  0
LINE
  5
C59
330
BFB
100
AcDbEntity
  8
0
  6
Continuous
 62
     7
100
AcDbLine
 10
10.67190687740003
 20
20.23346476681672
 30
0.0
 11
10.75652557882495
 21
20.23346476681672
 31
0.0
  0
LINE
  5
C5A
330
BFB
100
AcDbEntity
  8
0
  6
Continuous
 62
     7
100
AcDbLine
 10
10.77127453226785
 20
20.24743294328709
 30
0.0
 11
10.67448211466035
 21
20.24743294328709
 31
0.0
  0
LINE
  5
C5B
330
BFB
100
AcDbEntity
  8
0
  6
Continuous
 62
     7
100
AcDbLine
 10
9.907681062064511
 20
20.24743300960017
 30
0.0
 11
10.09501334785091
 21
20.24743300960017
 31
0.0
  0
LINE
  5
C5C
330
BFB
100
AcDbEntity
  8
0
  6
Continuous
 62
     7
100
AcDbLine
 10
8.159401503846311
 20
20.28428023114884
 30
0.0
 11
7.751430458290996
 21
20.28428023114884
 31
0.0
  0
LINE
  5
C5D
330
BFB
100
AcDbEntity
  8
0
  6
Continuous
 62
     7
100
AcDbLine
 10
7.750353655315847
 20
20.29824839933917
 30
0.0
 11
8.160493469160428
 21
20.29824839933917
 31
0.0
  0
LINE
  5
C5E
330
BFB
100
AcDbEntity
  8
0
  6
Continuous
 62
     7
100
AcDbLine
 10
8.771352706480682
 20
20.89623561607641
 30
0.0
 11
8.15940057536136
 21
20.89623561607641
 31
0.0
  0
LINE
  5
C5F
330
BFB
100
AcDbEntity
  8
0
  6
Continuous
 62
     7
100
AcDbLine
 10
7.751431428219802
 20
20.89623561607641
 30
0.0
 11
7.139487806754914
 21
20.89623561607641
 31
0.0
  0
LINE
  5
C60
330
BFB
100
AcDbEntity
  8
0
  6
Continuous
 62
     7
100
AcDbLine
 10
7.135028150780271
 20
20.91020374694108
 30
0.0
 11
7.750335670240018
 21
20.91020374694108
 31
0.0
  0
LINE
  5
C61
330
BFB
100
AcDbEntity
  8
0
  6
Continuous
 62
     7
100
AcDbLine
 10
8.160511495665558
 20
20.91020374694108
 30
0.0
 11
8.775812362440772
 21
20.91020374694108
 31
0.0
  0
LINE
  5
C62
330
BFB
100
AcDbEntity
  8
0
  6
Continuous
 62
     7
100
AcDbLine
 10
10.49652204591621
 20
20.9286288354042
 30
0.0
 11
10.1152895335581
 21
20.9286288354042
 31
0.0
  0
LINE
  5
C63
330
BFB
100
AcDbEntity
  8
0
  6
Continuous
 62
     7
100
AcDbLine
 10
10.11079108888589
 20
20.94259699944723
 30
0.0
 11
10.51038435964801
 21
20.94259699944723
 31
0.0
  0
LINE
  5
C64
330
BFB
100
AcDbEntity
  8
0
  6
Continuous
 62
     7
100
AcDbLine
 10
8.775892273468343
 20
21.31817426193356
 30
0.0
 11
8.160552825243938
 21
21.31817426193356
 31
0.0
  0
LINE
  5
C65
330
BFB
100
AcDbEntity
  8
0
  6
Continuous
 62
     7
100
AcDbLine
 10
7.750295041176285
 20
21.31817426193356
 30
0.0
 11
7.134948243899997
 21
21.31817426193356
 31
0.0
  0
LINE
  5
C66
330
BFB
100
AcDbEntity
  8
0
  6
Continuous
 62
     7
100
AcDbLine
 10
11.83766633530104
 20
21.40420727942455
 30
0.0
 11
11.21857786678083
 21
21.40420727942455
 31
0.0
  0
LINE
  5
C67
330
BFB
100
AcDbEntity
  8
0
  6
Continuous
 62
     7
100
AcDbLine
 10
14.82737985442873
 20
33.71921551060133
 30
0.0
 11
14.67905184479969
 21
33.75775326954226
 31
0.0
  0
LINE
  5
C68
330
BFB
100
AcDbEntity
  8
0
  6
Continuous
 62
     7
100
AcDbLine
 10
9.670331099903702
 20
21.40960888568861
 30
0.0
 11
10.93317714859222
 21
21.42306536053275
 31
0.0
  0
LINE
  5
C69
330
BFB
100
AcDbEntity
  8
0
  6
Continuous
 62
     7
100
AcDbLine
 10
8.160572886936277
 20
21.93012933182672
 30
0.0
 11
7.750278216703008
 21
21.93012933182672
 31
0.0
  0
LINE
  5
C6A
330
BFB
100
AcDbEntity
  8
0
  6
Continuous
 62
     7
100
AcDbLine
 10
3.751346891254796
 20
23.41749160927339
 30
0.0
 11
12.15949362196625
 21
23.41749160927339
 31
0.0
  0
LINE
  5
C6B
330
BFB
100
AcDbEntity
  8
0
  6
Continuous
 62
     7
100
AcDbLine
 10
13.72602900391575
 20
24.48637361534839
 30
0.0
 11
13.83019160615004
 21
24.48637361534839
 31
0.0
  0
LINE
  5
C6C
330
BFB
100
AcDbEntity
  8
0
  6
Continuous
 62
     7
100
AcDbLine
 10
13.39618072142548
 20
24.55436863968407
 30
0.0
 11
13.50034332364521
 21
24.55436863968407
 31
0.0
  0
LINE
  5
C6D
330
BFB
100
AcDbEntity
  8
0
  6
Continuous
 62
     7
100
AcDbLine
 10
1.99905486211719
 20
24.89434384847027
 30
0.0
 11
2.814995328375515
 21
24.89434384847027
 31
0.0
  0
LINE
  5
C6E
330
BFB
100
AcDbEntity
  8
0
  6
Continuous
 62
     7
100
AcDbLine
 10
2.676111861499521
 20
24.9963364098503
 30
0.0
 11
1.99905486211719
 21
24.9963364098503
 31
0.0
  0
LINE
  5
C6F
330
BFB
100
AcDbEntity
  8
0
  6
Continuous
 62
     7
100
AcDbLine
 10
13.01425113989171
 20
24.9963364098503
 30
0.0
 11
13.39618072142548
 21
24.9963364098503
 31
0.0
  0
LINE
  5
C70
330
BFB
100
AcDbEntity
  8
0
  6
Continuous
 62
     7
100
AcDbLine
 10
13.50034332364521
 20
24.9963364098503
 30
0.0
 11
13.72602900391575
 21
24.9963364098503
 31
0.0
  0
LINE
  5
C71
330
BFB
100
AcDbEntity
  8
0
  6
Continuous
 62
     7
100
AcDbLine
 10
13.83019160615004
 20
25.09832896709759
 30
0.0
 11
13.01425113989171
 21
25.09832896709759
 31
0.0
  0
LINE
  5
C72
330
BFB
100
AcDbEntity
  8
0
  6
Continuous
 62
     7
100
AcDbLine
 10
2.693472291754004
 20
25.09832896709759
 30
0.0
 11
2.554588779315962
 21
25.09832896709759
 31
0.0
  0
LINE
  5
C73
330
BFB
100
AcDbEntity
  8
0
  6
Continuous
 62
     7
100
AcDbLine
 10
12.15949362196625
 20
25.86531300388652
 30
0.0
 11
3.751346891254796
 21
25.86531300388652
 31
0.0
  0
LINE
  5
C74
330
BFB
100
AcDbEntity
  8
0
  6
Continuous
 62
     7
100
AcDbLine
 10
13.74859755701982
 20
26.19168918789274
 30
0.0
 11
13.17743923397574
 21
26.19168918789274
 31
0.0
  0
LINE
  5
C75
330
BFB
100
AcDbEntity
  8
0
  6
Continuous
 62
     7
100
AcDbLine
 10
2.733401279245299
 20
26.19168918789274
 30
0.0
 11
2.162242956201225
 21
26.19168918789274
 31
0.0
  0
LINE
  5
C76
330
BFB
100
AcDbEntity
  8
0
  6
Continuous
 62
     7
100
AcDbLine
 10
15.82924574305434
 20
27.90516416534865
 30
0.0
 11
0.0815947701667028
 21
27.90516416534865
 31
0.0
  0
LINE
  5
C77
330
BFB
100
AcDbEntity
  8
0
  6
Continuous
 62
     9
100
AcDbLine
 10
4.120500072709545
 20
28.10914927984322
 30
0.0
 11
11.7903404405115
 21
28.10914927984322
 31
0.0
  0
LINE
  5
C78
330
BFB
100
AcDbEntity
  8
0
  6
Continuous
 62
     7
100
AcDbLine
 10
11.7903404405115
 20
29.0474808156132
 30
0.0
 11
4.120500072709545
 21
29.0474808156132
 31
0.0
  0
LINE
  5
C79
330
BFB
100
AcDbEntity
  8
0
  6
Continuous
 62
     7
100
AcDbLine
 10
11.66737821381321
 20
29.20046965355778
 30
0.0
 11
4.243462299407838
 21
29.20046965355778
 31
0.0
  0
LINE
  5
C7A
330
BFB
100
AcDbEntity
  8
0
  6
Continuous
 62
     7
100
AcDbLine
 10
11.66737821381321
 20
30.42323803441741
 30
0.0
 11
4.243462299407838
 21
30.42323803441741
 31
0.0
  0
LINE
  5
C7B
330
BFB
100
AcDbEntity
  8
0
  6
Continuous
 62
     7
100
AcDbLine
 10
4.120500072709545
 20
30.51617365403127
 30
0.0
 11
11.7903404405115
 21
30.51617365403127
 31
0.0
  0
LINE
  5
C7C
330
BFB
100
AcDbEntity
  8
0
  6
Continuous
 62
     7
100
AcDbLine
 10
11.7903404405115
 20
31.29947650064333
 30
0.0
 11
4.120500072709545
 21
31.29947650064333
 31
0.0
  0
LINE
  5
C7D
330
BFB
100
AcDbEntity
  8
0
  6
Continuous
 62
     9
100
AcDbLine
 10
10.82753121227506
 20
31.84352658754415
 30
0.0
 11
5.083309404570171
 21
31.84352658754415
 31
0.0
  0
LINE
  5
C7E
330
BFB
100
AcDbEntity
  8
0
  6
Continuous
 62
     7
100
AcDbLine
 10
11.18654449782116
 20
31.90327244334822
 30
0.0
 11
10.82753075633445
 21
31.90327244334822
 31
0.0
  0
LINE
  5
C7F
330
BFB
100
AcDbEntity
  8
0
  6
Continuous
 62
     7
100
AcDbLine
 10
5.083309756886591
 20
31.90327244334822
 30
0.0
 11
4.724296015414438
 21
31.90327244334822
 31
0.0
  0
LINE
  5
C80
330
BFB
100
AcDbEntity
  8
0
  6
Continuous
 62
     9
100
AcDbLine
 10
5.083309819066925
 20
31.9877658462201
 30
0.0
 11
10.82753069415412
 21
31.9877658462201
 31
0.0
  0
LINE
  5
C81
330
BFB
100
AcDbEntity
  8
0
  6
Continuous
 62
     7
100
AcDbLine
 10
1.238097427911269
 20
33.76741075637892
 30
0.0
 11
1.066058277228875
 21
33.73842289310323
 31
0.0
  0
LINE
  5
C82
330
BFB
100
AcDbEntity
  8
0
  6
Continuous
 62
     7
100
AcDbLine
 10
10.82753069415412
 20
46.26382462691889
 30
0.0
 11
5.083309819066925
 21
46.26382462691889
 31
0.0
  0
ARC
  5
C83
330
BFB
100
AcDbEntity
  8
0
  6
Continuous
 62
     7
100
AcDbCircle
 10
30.35297795872975
 20
-744.7526427329441
 30
0.0
 40
762.1144272528547
100
AcDbArc
 50
91.70716103870807
 51
91.93332328779492
  0
ARC
  5
C84
330
BFB
100
AcDbEntity
  8
0
  6
Continuous
 62
     9
100
AcDbCircle
 10
28.900414015563
 20
-632.7159557520652
 30
0.0
 40
649.4738851970376
100
AcDbArc
 50
91.87509974799031
 51
92.10708112599323
  0
ARC
  5
C85
330
BFB
100
AcDbEntity
  8
0
  6
Continuous
 62
     7
100
AcDbCircle
 10
2.447854183912198
 20
2.447853727283101
 30
0.0
 40
2.447853463057203
100
AcDbArc
 50
180.0007506078733
 51
269.999249393276
  0
ARC
  5
C86
330
BFB
100
AcDbEntity
  8
0
  6
Continuous
 62
     7
100
AcDbCircle
 10
13.46301838956582
 20
2.447821667040146
 30
0.0
 40
2.447821402604189
100
AcDbArc
 50
270.0000000906515
 51
359.9999998126264
  0
ARC
  5
C87
330
BFB
100
AcDbEntity
  8
0
  6
Continuous
 62
     7
100
AcDbCircle
 10
5.850553588436013
 20
18.02716454135861
 30
0.0
 40
1.682102185286341
100
AcDbArc
 50
68.74459860490631
 51
73.40118738991034
  0
ARC
  5
C88
330
BFB
100
AcDbEntity
  8
0
  6
Continuous
 62
     7
100
AcDbCircle
 10
2.162242956201225
 20
21.41843746822178
 30
0.0
 40
0.4079702331240155
100
AcDbArc
 50
180.0
 51
333.9999999971897
  0
ARC
  5
C89
330
BFB
100
AcDbEntity
  8
0
  6
Continuous
 62
     7
100
AcDbCircle
 10
2.733401279245299
 20
22.58948557758322
 30
0.0
 40
0.4079702331240155
100
AcDbArc
 50
334.0000000012097
 51
0.0
  0
ARC
  5
C8A
330
BFB
100
AcDbEntity
  8
0
  6
Continuous
 62
     7
100
AcDbCircle
 10
2.733401279245299
 20
25.78371895477085
 30
0.0
 40
0.4079702331240155
100
AcDbArc
 50
0.0
 51
90.0
  0
ARC
  5
C8B
330
BFB
100
AcDbEntity
  8
0
  6
Continuous
 62
     7
100
AcDbCircle
 10
2.162242956201225
 20
25.78371895477085
 30
0.0
 40
0.4079702331240155
100
AcDbArc
 50
90.0
 51
180.0
  0
ARC
  5
C8C
330
BFB
100
AcDbEntity
  8
0
  6
Continuous
 62
     7
100
AcDbCircle
 10
1.848105875415058
 20
34.80050277960163
 30
0.0
 40
1.01992558073755
100
AcDbArc
 50
134.9999999997973
 51
180.0
  0
ARC
  5
C8D
330
BFB
100
AcDbEntity
  8
0
  6
Continuous
 62
     7
100
AcDbCircle
 10
4.243462299407838
 20
29.81185384398759
 30
0.0
 40
0.6113841904303456
100
AcDbArc
 50
90.0
 51
270.0
  0
ARC
  5
C8E
330
BFB
100
AcDbEntity
  8
0
  6
Continuous
 62
     7
100
AcDbCircle
 10
1.032165409171283
 20
33.93957259424406
 30
0.0
 40
0.203985114489519
100
AcDbArc
 50
180.0
 51
279.5642576406073
  0
ARC
  5
C8F
330
BFB
100
AcDbEntity
  8
0
  6
Continuous
 62
     7
100
AcDbCircle
 10
1.79506974763717
 20
35.90138072131868
 30
0.0
 40
0.203985114489519
100
AcDbArc
 50
8.115611611894472
 51
135.0000000029938
  0
ARC
  5
C90
330
BFB
100
AcDbEntity
  8
0
  6
Continuous
 62
     7
100
AcDbCircle
 10
3.318332069527968
 20
28.10914927984322
 30
0.0
 40
0.203985114489519
100
AcDbArc
 50
188.1156116126056
 51
270.0
  0
ARC
  5
C91
330
BFB
100
AcDbEntity
  8
0
  6
Continuous
 62
     7
100
AcDbCircle
 10
1.574151492055534
 20
28.10914927984322
 30
0.0
 40
0.203985114489519
100
AcDbArc
 50
270.0
 51
4.564257654204199
  0
ARC
  5
C92
330
BFB
100
AcDbEntity
  8
0
  6
Continuous
 62
     7
100
AcDbCircle
 10
3.916514954082231
 20
28.10914927984322
 30
0.0
 40
0.203985114489519
100
AcDbArc
 50
270.0001030936889
 51
0.0
  0
ARC
  5
C93
330
BFB
100
AcDbEntity
  8
0
  6
Continuous
 62
     7
100
AcDbCircle
 10
4.650861371210338
 20
29.25146593425507
 30
0.0
 40
0.203985114489519
100
AcDbArc
 50
270.0001493813106
 51
345.3011666451009
  0
ARC
  5
C94
330
BFB
100
AcDbEntity
  8
0
  6
Continuous
 62
     7
100
AcDbCircle
 10
4.650861371210338
 20
30.31218853540395
 30
0.0
 40
0.203985114489519
100
AcDbArc
 50
33.71566091111845
 51
89.9999269087112
  0
ARC
  5
C95
330
BFB
100
AcDbEntity
  8
0
  6
Continuous
 62
     7
100
AcDbCircle
 10
1.251654575960855
 20
33.68695087675496
 30
0.0
 40
0.0815940449668121
100
AcDbArc
 50
4.564257659405896
 51
99.56425768158908
  0
ARC
  5
C96
330
BFB
100
AcDbEntity
  8
0
  6
Continuous
 62
     7
100
AcDbCircle
 10
13.74859755701982
 20
25.78371895477085
 30
0.0
 40
0.4079702331240155
100
AcDbArc
 50
0.0
 51
90.0
  0
ARC
  5
C97
330
BFB
100
AcDbEntity
  8
0
  6
Continuous
 62
     7
100
AcDbCircle
 10
13.17743923397574
 20
25.78371895477085
 30
0.0
 40
0.4079702331240155
100
AcDbArc
 50
90.0
 51
180.0
  0
ARC
  5
C98
330
BFB
100
AcDbEntity
  8
0
  6
Continuous
 62
     7
100
AcDbCircle
 10
13.17743923397574
 20
22.58948557758322
 30
0.0
 40
0.4079702331240155
100
AcDbArc
 50
180.0
 51
206.0000000072969
  0
ARC
  5
C99
330
BFB
100
AcDbEntity
  8
0
  6
Continuous
 62
     7
100
AcDbCircle
 10
13.74859755701982
 20
21.41843746822178
 30
0.0
 40
0.4079702331240155
100
AcDbArc
 50
205.999999999
 51
0.0
  0
ARC
  5
C9A
330
BFB
100
AcDbEntity
  8
0
  6
Continuous
 62
     7
100
AcDbCircle
 10
12.10820043653439
 20
19.88190151473009
 30
0.0
 40
0.2854884632022917
100
AcDbArc
 50
286.9485435811894
 51
302.4792923384949
  0
ARC
  5
C9B
330
BFB
100
AcDbEntity
  8
0
  6
Continuous
 62
     7
100
AcDbCircle
 10
12.08700041407792
 20
19.86543304636052
 30
0.0
 40
0.2830085106918711
100
AcDbArc
 50
287.0375044679134
 51
302.4871241445964
  0
ARC
  5
C9C
330
BFB
100
AcDbEntity
  8
0
  6
Continuous
 62
     7
100
AcDbCircle
 10
9.701990430232401
 20
21.14458124621797
 30
0.0
 40
0.2544250189911856
100
AcDbArc
 50
148.6465456285051
 51
201.5580210999938
  0
ARC
  5
C9D
330
BFB
100
AcDbEntity
  8
0
  6
Continuous
 62
     7
100
AcDbCircle
 10
9.709068497530095
 20
21.15846205070466
 30
0.0
 40
0.253266257353841
100
AcDbArc
 50
148.6300532423119
 51
201.6403589485196
  0
ARC
  5
C9E
330
BFB
100
AcDbEntity
  8
0
  6
Continuous
 62
     7
100
AcDbCircle
 10
9.877822745202136
 20
20.44214169333191
 30
0.0
 40
0.2095983633086532
100
AcDbArc
 50
207.3831002176007
 51
275.3746688917011
  0
ARC
  5
C9F
330
BFB
100
AcDbEntity
  8
0
  6
Continuous
 62
     7
100
AcDbCircle
 10
14.06273463782054
 20
34.80050277960163
 30
0.0
 40
1.01992558073755
100
AcDbArc
 50
0.0000000001954133
 51
44.99999999910643
  0
ARC
  5
CA0
330
BFB
100
AcDbEntity
  8
0
  6
Continuous
 62
     7
100
AcDbCircle
 10
11.66737821381321
 20
29.81185384398759
 30
0.0
 40
0.6113841904303456
100
AcDbArc
 50
270.0
 51
90.0
  0
ARC
  5
CA1
330
BFB
100
AcDbEntity
  8
0
  6
Continuous
 62
     7
100
AcDbCircle
 10
14.87867510407886
 20
33.91664581560963
 30
0.0
 40
0.203985114489519
100
AcDbArc
 50
255.4357423499092
 51
0.0
  0
ARC
  5
CA2
330
BFB
100
AcDbEntity
  8
0
  6
Continuous
 62
     7
100
AcDbCircle
 10
14.33668902118006
 20
28.10914927984322
 30
0.0
 40
0.203985114489519
100
AcDbArc
 50
175.4357423437965
 51
270.0
  0
ARC
  5
CA3
330
BFB
100
AcDbEntity
  8
0
  6
Continuous
 62
     7
100
AcDbCircle
 10
12.59250844370763
 20
28.10914927984322
 30
0.0
 40
0.203985114489519
100
AcDbArc
 50
270.0
 51
351.8843883881055
  0
ARC
  5
CA4
330
BFB
100
AcDbEntity
  8
0
  6
Continuous
 62
     7
100
AcDbCircle
 10
14.11577076559843
 20
35.90138072131868
 30
0.0
 40
0.203985114489519
100
AcDbArc
 50
45.00000000279118
 51
171.8843883873944
  0
ARC
  5
CA5
330
BFB
100
AcDbEntity
  8
0
  6
Continuous
 62
     7
100
AcDbCircle
 10
11.99432555915336
 20
28.10914927984322
 30
0.0
 40
0.203985114489519
100
AcDbArc
 50
180.0
 51
269.9998969063111
  0
ARC
  5
CA6
330
BFB
100
AcDbEntity
  8
0
  6
Continuous
 62
     7
100
AcDbCircle
 10
11.25997913786341
 20
29.25146593425507
 30
0.0
 40
0.203985114489519
100
AcDbArc
 50
194.698833354899
 51
269.9998506186894
  0
ARC
  5
CA7
330
BFB
100
AcDbEntity
  8
0
  6
Continuous
 62
     7
100
AcDbCircle
 10
11.25997913786341
 20
30.31218853540395
 30
0.0
 40
0.203985114489519
100
AcDbArc
 50
90.0000730912888
 51
146.2843390888815
  0
ARC
  5
CA8
330
BFB
100
AcDbEntity
  8
0
  6
Continuous
 62
     7
100
AcDbCircle
 10
14.65853374576909
 20
33.67878114670657
 30
0.0
 40
0.0815940449668121
100
AcDbArc
 50
75.43574233529209
 51
175.4357423509066
  0
ARC
  5
CA9
330
BFB
100
AcDbEntity
  8
0
  6
Continuous
 62
     7
100
AcDbCircle
 10
-7.312576665030062
 20
554.4761111388933
 30
0.0
 40
537.6597373072002
100
AcDbArc
 50
271.6599489102017
 51
271.9804856555118
  0
ARC
  5
CAA
330
BFB
100
AcDbEntity
  8
0
  6
Continuous
 62
     7
100
AcDbCircle
 10
333.4311896655454
 20
125.0565459431227
 30
0.0
 40
340.2389572229506
100
AcDbArc
 50
197.7967725849991
 51
197.9215666566998
  0
ARC
  5
CAB
330
BFB
100
AcDbEntity
  8
0
  6
Continuous
 62
     7
100
AcDbCircle
 10
288.6731300291322
 20
123.0512488565427
 30
0.0
 40
296.3070098567119
100
AcDbArc
 50
200.3008394160179
 51
200.4325613967956
  0
LINE
  5
CAC
330
BFB
100
AcDbEntity
  8
0
  6
Continuous
 62
     7
100
AcDbLine
 10
11.83810348119368
 20
21.40449018658455
 30
0.0
 11
12.39053015326863
 21
19.91511026669377
 31
0.0
  0
SPLINE
  5
CAD
330
BFB
100
AcDbEntity
  8
0
  6
Continuous
 62
     7
100
AcDbSpline
210
0.0
220
0.0
230
1.0
 70
     8
 71
     3
 72
     9
 73
     5
 74
     0
 42
0.000000001
 43
0.0000000001
 40
0.0
 40
0.0
 40
0.0
 40
0.0
 40
0.5258638104
 40
1.0
 40
1.0
 40
1.0
 40
1.0
 10
12.39006723801503
 20
19.91482735538648
 30
0.0
 10
12.39711023467316
 20
19.86007536855959
 30
0.0
 10
12.37834338451284
 20
19.74922530514504
 30
0.0
 10
12.30346739069864
 20
19.66783711219523
 30
0.0
 10
12.26150624505317
 20
19.64106756630554
 30
0.0
  0
LINE
  5
CAE
330
BFB
100
AcDbEntity
  8
0
  6
Continuous
 62
     7
100
AcDbLine
 10
10.67476856576468
 20
20.24771384012911
 30
0.0
 11
10.55702631241365
 21
19.60908881155683
 31
0.0
  0
LINE
  5
CAF
330
BFB
100
AcDbEntity
  8
0
  6
Continuous
 62
     7
100
AcDbLine
 10
10.59176970915359
 20
20.72342102715538
 30
0.0
 11
10.18210475221349
 21
20.721145185772
 31
0.0
  0
LINE
  5
CB0
330
BFB
100
AcDbEntity
  8
0
  6
Continuous
 62
     7
100
AcDbLine
 10
3.991978195892443
 20
19.60911412908081
 30
0.0
 11
4.650566742060618
 21
20.74562788536332
 31
0.0
  0
LINE
  5
CB1
330
BFB
100
AcDbEntity
  8
0
  6
Continuous
 62
     7
100
AcDbLine
 10
4.650566742060618
 20
20.74562788536332
 30
0.0
 11
5.220645766839878
 21
21.72898954962056
 31
0.0
  0
LINE
  5
CB2
330
BFB
100
AcDbEntity
  8
0
  6
Continuous
 62
     7
100
AcDbLine
 10
5.741833376134308
 20
20.343456243746
 30
0.0
 11
5.221058154802449
 21
21.23942104780781
 31
0.0
  0
LINE
  5
CB3
330
BFB
100
AcDbEntity
  8
0
  6
Continuous
 62
     7
100
AcDbLine
 10
4.418342645676601
 20
19.85358985066614
 30
0.0
 11
4.650546883483912
 21
19.8821620804656
 31
0.0
  0
SPLINE
  5
CB4
330
BFB
100
AcDbEntity
  8
0
  6
Continuous
 62
     7
100
AcDbSpline
210
0.0
220
0.0
230
1.0
 70
     8
 71
     3
 72
    14
 73
    10
 74
     0
 42
0.000000001
 43
0.0000000001
 40
0.0
 40
0.0
 40
0.0
 40
0.0
 40
0.2460183735
 40
0.3700097384
 40
0.4949140986
 40
0.6213032121000001
 40
0.7485538856999999
 40
0.8751220398999999
 40
1.0
 40
1.0
 40
1.0
 40
1.0
 10
4.650546883483912
 20
19.8821620804656
 30
0.0
 10
4.788416708503063
 20
19.90015493480223
 30
0.0
 10
4.996091586701368
 20
19.92712235779527
 30
0.0
 10
5.275815028569923
 20
19.93655356616273
 30
0.0
 10
5.487919756185873
 20
19.93519430780634
 30
0.0
 10
5.70178359156489
 20
19.94017636359695
 30
0.0
 10
5.916767926279134
 20
19.94286696800464
 30
0.0
 10
6.130388443172705
 20
19.91586809293858
 30
0.0
 10
6.264585789063858
 20
19.86280275550871
 30
0.0
 10
6.325716655966972
 20
19.82753326992588
 30
0.0
  0
LINE
  5
CB5
330
BFB
100
AcDbEntity
  8
0
  6
Continuous
 62
     7
100
AcDbLine
 10
7.750290921077976
 20
21.31817343294006
 30
0.0
 11
7.750290921077976
 21
21.93012994529181
 31
0.0
  0
LINE
  5
CB6
330
BFB
100
AcDbEntity
  8
0
  6
Continuous
 62
     7
100
AcDbLine
 10
8.160568576149671
 20
21.93012891319721
 30
0.0
 11
8.160568576149671
 21
21.31817453134772
 31
0.0
  0
LINE
  5
CB7
330
BFB
100
AcDbEntity
  8
0
  6
Continuous
 62
     7
100
AcDbLine
 10
8.775876153657009
 20
21.31817380599295
 30
0.0
 11
8.775828200410613
 21
20.91020354384
 31
0.0
  0
LINE
  5
CB8
330
BFB
100
AcDbEntity
  8
0
  6
Continuous
 62
     7
100
AcDbLine
 10
8.16050762425948
 20
20.91020339877196
 30
0.0
 11
8.16050762425948
 21
20.29824880968863
 31
0.0
  0
LINE
  5
CB9
330
BFB
100
AcDbEntity
  8
0
  6
Continuous
 62
     7
100
AcDbLine
 10
7.750349945552442
 20
20.29824793510397
 30
0.0
 11
7.750349945552442
 21
20.91020434796428
 31
0.0
  0
LINE
  5
CBA
330
BFB
100
AcDbEntity
  8
0
  6
Continuous
 62
     7
100
AcDbLine
 10
7.135012312824982
 20
20.91020354384
 30
0.0
 11
7.134964359593141
 21
21.31817380599295
 31
0.0
  0
SPLINE
  5
CBB
330
BFB
100
AcDbEntity
  8
0
  6
Continuous
 62
     7
100
AcDbSpline
210
0.0
220
0.0
230
1.0
 70
     8
 71
     3
 72
     9
 73
     5
 74
     0
 42
0.000000001
 43
0.0000000001
 40
0.0
 40
0.0
 40
0.0
 40
0.0
 40
0.4946442391
 40
1.0
 40
1.0
 40
1.0
 40
1.0
 10
9.492823700002189
 20
21.29030280276402
 30
0.0
 10
9.511580084090383
 20
21.32114524506233
 30
0.0
 10
9.56362083695785
 20
21.37587270191489
 30
0.0
 10
9.633931809486966
 20
21.4036761917514
 30
0.0
 10
9.670331099903702
 20
21.40960888568861
 30
0.0
  0
SPLINE
  5
CBC
330
BFB
100
AcDbEntity
  8
0
  6
Continuous
 62
     7
100
AcDbSpline
210
0.0
220
0.0
230
1.0
 70
     8
 71
     3
 72
    10
 73
     6
 74
     0
 42
0.000000001
 43
0.0000000001
 40
0.0
 40
0.0
 40
0.0
 40
0.0
 40
0.4651848977000001
 40
0.7339454073999999
 40
1.0
 40
1.0
 40
1.0
 40
1.0
 10
4.624574408477201
 20
20.01852255751055
 30
0.0
 10
4.603191335529118
 20
20.03602598947964
 30
0.0
 10
4.601017933124238
 20
20.09431097695688
 30
0.0
 10
4.635481104520295
 20
20.14140487319583
 30
0.0
 10
4.645286637522076
 20
20.1722568572286
 30
0.0
 10
4.650726091585966
 20
20.18709577327445
 30
0.0
  0
SPLINE
  5
CBD
330
BFB
100
AcDbEntity
  8
0
  6
Continuous
 62
     7
100
AcDbSpline
210
0.0
220
0.0
230
1.0
 70
     8
 71
     3
 72
    17
 73
    13
 74
     0
 42
0.000000001
 43
0.0000000001
 40
0.0
 40
0.0
 40
0.0
 40
0.0
 40
0.0656346674
 40
0.1309529537
 40
0.1936582493
 40
0.2549871263
 40
0.3779922035
 40
0.5015256917000001
 40
0.6250756471
 40
0.7492443337000001
 40
0.8744938528
 40
1.0
 40
1.0
 40
1.0
 40
1.0
 10
4.650726091585966
 20
20.18709577327445
 30
0.0
 10
4.659391498778858
 20
20.21073512331259
 30
0.0
 10
4.683004453578178
 20
20.25650179358399
 30
0.0
 10
4.743934297355735
 20
20.30340739591247
 30
0.0
 10
4.815205756520298
 20
20.32194598215482
 30
0.0
 10
4.909491461661672
 20
20.33075264189301
 30
0.0
 10
5.026975972014041
 20
20.34299664448099
 30
0.0
 10
5.168595625600573
 20
20.35398060289935
 30
0.0
 10
5.311091759580449
 20
20.35427085494939
 30
0.0
 10
5.45413023070796
 20
20.35096822387914
 30
0.0
 10
5.597909214488026
 20
20.35158848245828
 30
0.0
 10
5.694222323483701
 20
20.34834994102039
 30
0.0
 10
5.742085432229941
 20
20.34315413290369
 30
0.0
  0
LINE
  5
CBE
330
BFB
100
AcDbEntity
  8
0
  6
Continuous
 62
     7
100
AcDbLine
 10
6.368530680472757
 20
19.753808182998
 30
0.0
 11
6.452578282744069
 21
19.609087257194
 31
0.0
  0
LINE
  5
CBF
330
BFB
100
AcDbEntity
  8
0
  6
Continuous
 62
     7
100
AcDbLine
 10
9.465197204877767
 20
21.0508143762263
 30
0.0
 11
9.691525244768852
 21
20.34545933730169
 31
0.0
  0
SPLINE
  5
CC0
330
BFB
100
AcDbEntity
  8
0
  6
Continuous
 62
     7
100
AcDbSpline
210
0.0
220
0.0
230
1.0
 70
     8
 71
     3
 72
    12
 73
     8
 74
     0
 42
0.000000001
 43
0.0000000001
 40
0.0
 40
0.0
 40
0.0
 40
0.0
 40
0.2392963315
 40
0.3625860165
 40
0.4881297972
 40
0.7434530697000002
 40
1.0
 40
1.0
 40
1.0
 40
1.0
 10
4.012537798571428
 20
19.59483953515792
 30
0.0
 10
4.197412668105243
 20
19.61375460140607
 30
0.0
 10
4.477986108093318
 20
19.63785493097293
 30
0.0
 10
4.855662710546312
 20
19.67050610884234
 30
0.0
 10
5.245471815669588
 20
19.7071821055133
 30
0.0
 10
5.739324317593855
 20
19.74302510676989
 30
0.0
 10
6.140169541529758
 20
19.696176555909
 30
0.0
 10
6.331077206228655
 20
19.63917099451555
 30
0.0
  0
LINE
  5
CC1
330
BFB
100
AcDbEntity
  8
0
  6
Continuous
 62
     7
100
AcDbLine
 10
4.446982832381762
 20
19.85682069903032
 30
0.0
 11
4.561408166937326
 21
20.0550261314047
 31
0.0
  0
LINE
  5
CC2
330
BFB
100
AcDbEntity
  8
0
  6
Continuous
 62
     7
100
AcDbLine
 10
4.561408166937326
 20
20.0550261314047
 30
0.0
 11
5.23330141957922
 21
21.21887352772956
 31
0.0
  0
SPLINE
  5
CC3
330
BFB
100
AcDbEntity
  8
0
  6
Continuous
 62
     7
100
AcDbSpline
210
0.0
220
0.0
230
1.0
 70
     8
 71
     3
 72
     9
 73
     5
 74
     0
 42
0.000000001
 43
0.0000000001
 40
0.0
 40
0.0
 40
0.0
 40
0.0
 40
0.4999876394
 40
1.0
 40
1.0
 40
1.0
 40
1.0
 10
5.065159182009664
 20
27.90516416534865
 30
0.0
 10
4.825803465213539
 20
27.57906547101356
 30
0.0
 10
4.373459796541283
 20
26.90745546124436
 30
0.0
 10
3.954897156148945
 20
26.21490560514121
 30
0.0
 10
3.751346891254796
 20
25.86531300388652
 30
0.0
  0
SPLINE
  5
CC4
330
BFB
100
AcDbEntity
  8
0
  6
Continuous
 62
     7
100
AcDbSpline
210
0.0
220
0.0
230
1.0
 70
     8
 71
     3
 72
     9
 73
     5
 74
     0
 42
0.000000001
 43
0.0000000001
 40
0.0
 40
0.0
 40
0.0
 40
0.0
 40
0.4999927266
 40
1.0
 40
1.0
 40
1.0
 40
1.0
 10
3.751346891254796
 20
23.41749160927339
 30
0.0
 10
3.334818075312796
 20
22.63223942117384
 30
0.0
 10
2.550244042828126
 20
21.03605559501648
 30
0.0
 10
1.816610615733225
 20
19.41660504817173
 30
0.0
 10
1.457541696308908
 20
18.60344286505915
 30
0.0
  0
SPLINE
  5
CC5
330
BFB
100
AcDbEntity
  8
0
  6
Continuous
 62
     7
100
AcDbSpline
210
0.0
220
0.0
230
1.0
 70
     8
 71
     3
 72
     9
 73
     5
 74
     0
 42
0.000000001
 43
0.0000000001
 40
0.0
 40
0.0
 40
0.0
 40
0.0
 40
0.5000121939
 40
1.0
 40
1.0
 40
1.0
 40
1.0
 10
12.15949362196625
 20
25.86531300388652
 30
0.0
 10
11.95594342339973
 20
26.21490548907514
 30
0.0
 10
11.5373805882009
 20
26.90745522083216
 30
0.0
 10
11.08503712677702
 20
27.57906536324208
 30
0.0
 10
10.84568133121138
 20
27.90516416534865
 30
0.0
  0
LINE
  5
CC6
330
BFB
100
AcDbEntity
  8
0
  6
Continuous
 62
     7
100
AcDbLine
 10
9.977592081562759
 20
19.60908839292732
 30
0.0
 11
10.09523840769907
 21
20.24771348779814
 31
0.0
  0
SPLINE
  5
CC7
330
BFB
100
AcDbEntity
  8
0
  6
Continuous
 62
     7
100
AcDbSpline
210
0.0
220
0.0
230
1.0
 70
     8
 71
     3
 72
     9
 73
     5
 74
     0
 42
0.000000001
 43
0.0000000001
 40
0.0
 40
0.0
 40
0.0
 40
0.0
 40
0.4969796835000002
 40
1.0
 40
1.0
 40
1.0
 40
1.0
 10
9.907681062064511
 20
20.24743300960017
 30
0.0
 10
9.867108185459072
 20
20.24363512832406
 30
0.0
 10
9.781303174870116
 20
20.26045389289993
 30
0.0
 10
9.719938933314551
 20
20.32311732793369
 30
0.0
 10
9.700903588109213
 20
20.35970763963906
 30
0.0
  0
SPLINE
  5
CC8
330
BFB
100
AcDbEntity
  8
0
  6
Continuous
 62
     7
100
AcDbSpline
210
0.0
220
0.0
230
1.0
 70
     8
 71
     3
 72
    13
 73
     9
 74
     0
 42
0.000000001
 43
0.0000000001
 40
0.0
 40
0.0
 40
0.0
 40
0.0
 40
0.4271088286
 40
0.7363442768999999
 40
0.8460071023000001
 40
0.9255931742999999
 40
0.9757225366
 40
1.0
 40
1.0
 40
1.0
 40
1.0
 10
13.91338839373566
 20
16.31881673118823
 30
0.0
 10
13.98703150541769
 20
16.32452459742399
 30
0.0
 10
14.11380355095389
 20
16.3352554510775
 30
0.0
 10
14.25955561868977
 20
16.35195029740771
 30
0.0
 10
14.34422010137132
 20
16.36571663418635
 30
0.0
 10
14.38529403115171
 20
16.37559837261415
 30
0.0
 10
14.40925265223268
 20
16.38300147247992
 30
0.0
 10
14.42174844147302
 20
16.39234552027392
 30
0.0
 10
14.42174844147302
 20
16.39654405094825
 30
0.0
  0
LINE
  5
CC9
330
BFB
100
AcDbEntity
  8
0
  6
Continuous
 62
     7
100
AcDbLine
 10
5.220676211716637
 20
21.72896259068421
 30
0.0
 11
6.215628986556112
 21
20.01705730793674
 31
0.0
  0
SPLINE
  5
CCA
330
BFB
100
AcDbEntity
  8
0
  6
Continuous
 62
     7
100
AcDbSpline
210
0.0
220
0.0
230
1.0
 70
     8
 71
     3
 72
    20
 73
    16
 74
     0
 42
0.000000001
 43
0.0000000001
 40
0.0
 40
0.0
 40
0.0
 40
0.0
 40
0.1267781444
 40
0.2536853997
 40
0.3804094306000001
 40
0.5065867476000001
 40
0.6318250817000001
 40
0.6939726443000001
 40
0.7558676655
 40
0.8176578195999999
 40
0.8794199368000001
 40
0.9102617545000001
 40
0.940997461
 40
0.9715245248999998
 40
1.0
 40
1.0
 40
1.0
 40
1.0
 10
6.215809152145084
 20
20.01677794473562
 30
0.0
 10
6.15038762001859
 20
20.03385906982203
 30
0.0
 10
6.017119946995079
 20
20.05932967094032
 30
0.0
 10
5.814779505719342
 20
20.07693444761299
 30
0.0
 10
5.612120224486715
 20
20.07988856898646
 30
0.0
 10
5.410508913762895
 20
20.07377884717334
 30
0.0
 10
5.243500000102358
 20
20.06506340182296
 30
0.0
 10
5.110725608425126
 20
20.05830865519147
 30
0.0
 10
5.011786183622461
 20
20.05228240495398
 30
0.0
 10
4.913290996777504
 20
20.04330651408145
 30
0.0
 10
4.831536193003556
 20
20.03276570764047
 30
0.0
 10
4.76664222119507
 20
20.02291055096339
 30
0.0
 10
4.717565206043217
 20
20.01603141770374
 30
0.0
 10
4.671832843730953
 20
20.00892090765319
 30
0.0
 10
4.636326165946228
 20
20.00890297647766
 30
0.0
 10
4.624574408477201
 20
20.01852255751055
 30
0.0
  0
LINE
  5
CCB
330
BFB
100
AcDbEntity
  8
0
  6
Continuous
 62
     7
100
AcDbLine
 10
5.221073379307199
 20
21.23940692587257
 30
0.0
 11
4.541414560942937
 21
20.06690002480082
 31
0.0
  0
LINE
  5
CCC
330
BFB
100
AcDbEntity
  8
0
  6
Continuous
 62
     7
100
AcDbLine
 10
4.541414560942937
 20
20.06690002480082
 30
0.0
 11
4.417967761462931
 21
19.85387785200055
 31
0.0
  0
SPLINE
  5
CCD
330
BFB
100
AcDbEntity
  8
0
  6
Continuous
 62
     7
100
AcDbSpline
210
0.0
220
0.0
230
1.0
 70
     8
 71
     3
 72
    12
 73
     8
 74
     0
 42
0.000000001
 43
0.0000000001
 40
0.0
 40
0.0
 40
0.0
 40
0.0
 40
0.255941045
 40
0.5114127663
 40
0.6372061942000001
 40
0.7606984219
 40
1.0
 40
1.0
 40
1.0
 40
1.0
 10
6.452730950568366
 20
19.60880771161373
 30
0.0
 10
6.255617922859526
 20
19.68519580984048
 30
0.0
 10
5.830763496694999
 20
19.75860148893753
 30
0.0
 10
5.304751697218306
 20
19.72799523989579
 30
0.0
 10
4.889708287872053
 20
19.68900471262077
 30
0.0
 10
4.487672340375866
 20
19.65396264952051
 30
0.0
 10
4.189057160157971
 20
19.62882606728726
 30
0.0
 10
3.992420042213779
 20
19.60880771161373
 30
0.0
  0
SPLINE
  5
CCE
330
BFB
100
AcDbEntity
  8
0
  6
Continuous
 62
     7
100
AcDbSpline
210
0.0
220
0.0
230
1.0
 70
     8
 71
     3
 72
    18
 73
    14
 74
     0
 42
0.000000001
 43
0.0000000001
 40
0.0
 40
0.0
 40
0.0
 40
0.0
 40
0.0111079468
 40
0.0295854831
 40
0.0555335548
 40
0.0888955293
 40
0.1295770828
 40
0.1774400473
 40
0.2939774862
 40
0.4368024742000002
 40
0.6037996126
 40
0.7924738206000001
 40
1.0
 40
1.0
 40
1.0
 40
1.0
 10
14.41279987013331
 20
17.32849288084162
 30
0.0
 10
14.4026723345487
 20
17.32268463984565
 30
0.0
 10
14.37231221427282
 20
17.31403734206014
 30
0.0
 10
14.3152998965561
 20
17.30263402796026
 30
0.0
 10
14.23418786689945
 20
17.2912796743467
 30
0.0
 10
14.12978725591165
 20
17.27958714030592
 30
0.0
 10
14.00217191885531
 20
17.26786833540154
 30
0.0
 10
13.78728615997897
 20
17.25102271964624
 30
0.0
 10
13.46500215896594
 20
17.23067867236295
 30
0.0
 10
13.01749022431977
 20
17.20731677886124
 30
0.0
 10
12.49407297770449
 20
17.18384910136137
 30
0.0
 10
11.90259904192135
 20
17.16028855978129
 30
0.0
 10
11.48645051937274
 20
17.14518828218479
 30
0.0
 10
11.26846673380714
 20
17.13754194258854
 30
0.0
  0
LINE
  5
CCF
330
BFB
100
AcDbEntity
  8
0
  6
Continuous
 62
     7
100
AcDbLine
 10
8.262093161294615
 20
17.04200096416662
 30
0.0
 11
7.648695556305026
 21
17.02351585228371
 31
0.0
  0
SPLINE
  5
CD0
330
BFB
100
AcDbEntity
  8
0
  6
Continuous
 62
     7
100
AcDbSpline
210
0.0
220
0.0
230
1.0
 70
     8
 71
     3
 72
    19
 73
    15
 74
     0
 42
0.000000001
 43
0.0000000001
 40
0.0
 40
0.0
 40
0.0
 40
0.0
 40
0.2172381983
 40
0.4134591849
 40
0.5854040222
 40
0.7302246533
 40
0.7917006995999999
 40
0.8455433506
 40
0.8915382253
 40
0.9294949084999998
 40
0.9592897274
 40
0.9808370287
 40
0.9941820669
 40
1.0
 40
1.0
 40
1.0
 40
1.0
 10
4.641939576427829
 20
16.92796141096823
 30
0.0
 10
4.412819852706888
 20
16.91992410880539
 30
0.0
 10
3.976766538577066
 20
16.90407358611901
 30
0.0
 10
3.359458064373028
 20
16.87929809774414
 30
0.0
 10
2.818646315794466
 20
16.85461639775803
 30
0.0
 10
2.420026841169601
 20
16.83320270173044
 30
0.0
 10
2.14606968897351
 20
16.81562729221969
 30
0.0
 10
1.976237117098206
 20
16.80318357632404
 30
0.0
 10
1.831465261962875
 20
16.79087281472948
 30
0.0
 10
1.711691758206143
 20
16.77843282931917
 30
0.0
 10
1.619135880715474
 20
16.76671856730445
 30
0.0
 10
1.54973817937207
 20
16.75399114841912
 30
0.0
 10
1.512089683925295
 20
16.74461307450747
 30
0.0
 10
1.489092071748018
 20
16.73294718853049
 30
0.0
 10
1.489092071748018
 20
16.72680727885654
 30
0.0
  0
SPLINE
  5
CD1
330
BFB
100
AcDbEntity
  8
0
  6
Continuous
 62
     7
100
AcDbSpline
210
0.0
220
0.0
230
1.0
 70
     8
 71
     3
 72
    20
 73
    16
 74
     0
 42
0.000000001
 43
0.0000000001
 40
0.0
 40
0.0
 40
0.0
 40
0.0
 40
0.0284887662
 40
0.0590203017
 40
0.0897588915
 40
0.1206036485
 40
0.1823701486
 40
0.2441629036
 40
0.3060592112
 40
0.3682074725
 40
0.4934464338000001
 40
0.6196222106000002
 40
0.7463410483000002
 40
0.8732381475
 40
1.0
 40
1.0
 40
1.0
 40
1.0
 10
4.641905749263968
 20
20.00450119268407
 30
0.0
 10
4.653582204951816
 20
19.9949027593384
 30
0.0
 10
4.688952927452191
 20
19.99497602596148
 30
0.0
 10
4.734437088514823
 20
20.00207954758571
 30
0.0
 10
4.783265222624321
 20
20.0089578932957
 30
0.0
 10
4.84781933528211
 20
20.01881158264496
 30
0.0
 10
4.929150468469742
 20
20.02934698403897
 30
0.0
 10
5.027135665561218
 20
20.03832015166608
 30
0.0
 10
5.125563202225748
 20
20.04434520815175
 30
0.0
 10
5.257649237482836
 20
20.05109986773368
 30
0.0
 10
5.423790507866214
 20
20.05981332350257
 30
0.0
 10
5.624353412804339
 20
20.06592119664038
 30
0.0
 10
5.825954680232825
 20
20.06296353132257
 30
0.0
 10
6.027224005436437
 20
20.04535462624244
 30
0.0
 10
6.159765412074192
 20
20.0198848209684
 30
0.0
 10
6.22481746919584
 20
20.00280976413251
 30
0.0
  0
SPLINE
  5
CD2
330
BFB
100
AcDbEntity
  8
0
  6
Continuous
 62
     9
100
AcDbSpline
210
0.0
220
0.0
230
1.0
 70
     8
 71
     3
 72
    23
 73
    19
 74
     0
 42
0.000000001
 43
0.0000000001
 40
0.0
 40
0.0
 40
0.0
 40
0.0
 40
0.003827018
 40
0.0063175108
 40
0.0092530771
 40
0.0139370573
 40
0.0297467735
 40
0.0546322163
 40
0.0885977033
 40
0.1315025183
 40
0.1831765128
 40
0.2434378686
 40
0.3120991896
 40
0.3889261761
 40
0.4735539986
 40
0.5655931728
 40
0.7703437698000001
 40
1.0
 40
1.0
 40
1.0
 40
1.0
 10
13.84082903201124
 20
16.73735996479718
 30
0.0
 10
13.8437059821772
 20
16.73568916579734
 30
0.0
 10
13.84862865700052
 20
16.73281427982056
 30
0.0
 10
13.8515421575903
 20
16.7241442924269
 30
0.0
 10
13.84484308629544
 20
16.71693882094314
 30
0.0
 10
13.8270715115832
 20
16.70773230765098
 30
0.0
 10
13.78838654791252
 20
16.69716037658418
 30
0.0
 10
13.72485125413004
 20
16.68533924460553
 30
0.0
 10
13.63707165915184
 20
16.67323132163346
 30
0.0
 10
13.52604363940554
 20
16.6609645216804
 30
0.0
 10
13.39198165605558
 20
16.64861474340341
 30
0.0
 10
13.23547835795398
 20
16.63621255603993
 30
0.0
 10
13.05704369757222
 20
16.62378062846164
 30
0.0
 10
12.85738491999291
 20
16.61133595507908
 30
0.0
 10
12.63736813899959
 20
16.5988713443503
 30
0.0
 10
12.30624114336751
 20
16.58161480796025
 30
0.0
 10
11.84907984602978
 20
16.56035145855185
 30
0.0
 10
11.47176486801254
 20
16.54465473939399
 30
0.0
 10
11.27227833912548
 20
16.53668366568945
 30
0.0
  0
LINE
  5
CD3
330
BFB
100
AcDbEntity
  8
0
  6
Continuous
 62
     9
100
AcDbLine
 10
11.27227833912548
 20
16.53668366568945
 30
0.0
 11
8.262592937815496
 21
16.43043739568293
 31
0.0
  0
LINE
  5
CD4
330
BFB
100
AcDbEntity
  8
0
  6
Continuous
 62
     9
100
AcDbLine
 10
8.262592937815496
 20
16.43043739568293
 30
0.0
 11
7.649094091761071
 21
16.4101559997498
 31
0.0
  0
SPLINE
  5
CD5
330
BFB
100
AcDbEntity
  8
0
  6
Continuous
 62
     9
100
AcDbSpline
210
0.0
220
0.0
230
1.0
 70
     8
 71
     3
 72
    17
 73
    13
 74
     0
 42
0.000000001
 43
0.0000000001
 40
0.0
 40
0.0
 40
0.0
 40
0.0
 40
0.0120555953
 40
0.0312858758
 40
0.0577985278
 40
0.0915179764
 40
0.1801173455
 40
0.2960822266
 40
0.4381564042
 40
0.6043204375000001
 40
0.7923588407
 40
1.0
 40
1.0
 40
1.0
 40
1.0
 10
13.8406777486125
 20
16.99776752937669
 30
0.0
 10
13.83169926710616
 20
16.99260300341029
 30
0.0
 10
13.80575852192487
 20
16.9843655071154
 30
0.0
 10
13.7573815271644
 20
16.97374409744134
 30
0.0
 10
13.68985482724747
 20
16.96305565934653
 30
0.0
 10
13.5630198609615
 20
16.94701583967162
 30
0.0
 10
13.35910153449004
 20
16.92808390749178
 30
0.0
 10
13.06207800908669
 20
16.90640105733382
 30
0.0
 10
12.69824973938012
 20
16.8846314693792
 30
0.0
 10
12.27242583196857
 20
16.86268677269891
 30
0.0
 10
11.79020348216363
 20
16.84066592450745
 30
0.0
 10
11.45053619133614
 20
16.82659460026389
 30
0.0
 10
11.27227832255084
 20
16.81947177962775
 30
0.0
  0
LINE
  5
CD6
330
BFB
100
AcDbEntity
  8
0
  6
Continuous
 62
     9
100
AcDbLine
 10
11.27227832255084
 20
16.81947177962775
 30
0.0
 11
8.262592941962793
 21
16.71322550963578
 31
0.0
  0
LINE
  5
CD7
330
BFB
100
AcDbEntity
  8
0
  6
Continuous
 62
     9
100
AcDbLine
 10
8.262592941962793
 20
16.71322550963578
 30
0.0
 11
7.649094104173856
 21
16.69294411370265
 31
0.0
  0
LINE
  5
CD8
330
BFB
100
AcDbEntity
  8
0
  6
Continuous
 62
     9
100
AcDbLine
 10
7.649094104173856
 20
16.69294411370265
 30
0.0
 11
4.643365179279498
 21
16.586854938344
 31
0.0
  0
SPLINE
  5
CD9
330
BFB
100
AcDbEntity
  8
0
  6
Continuous
 62
     9
100
AcDbSpline
210
0.0
220
0.0
230
1.0
 70
     8
 71
     3
 72
    23
 73
    19
 74
     0
 42
0.000000001
 43
0.0000000001
 40
0.0
 40
0.0
 40
0.0
 40
0.0
 40
0.2295833075
 40
0.4343446211
 40
0.5262926148
 40
0.6108273090000002
 40
0.6876255043000002
 40
0.7563651283000002
 40
0.8167259509
 40
0.8684070042
 40
0.9112428752999999
 40
0.9451424685999999
 40
0.9700434738
 40
0.9859777187
 40
0.9907251526999999
 40
0.9936918179999999
 40
0.9961730325999999
 40
1.0
 40
1.0
 40
1.0
 40
1.0
 10
4.643365179279498
 20
16.586854938344
 30
0.0
 10
4.443563263197574
 20
16.57887367212879
 30
0.0
 10
4.065585532302065
 20
16.56316274400069
 30
0.0
 10
3.607687829939095
 20
16.54190433125677
 30
0.0
 10
3.276083055188791
 20
16.52462396953979
 30
0.0
 10
3.055833865295426
 20
16.51214575498215
 30
0.0
 10
2.85583359544762
 20
16.49968612652356
 30
0.0
 10
2.676928629345638
 20
16.48725121456573
 30
0.0
 10
2.51996470817903
 20
16.47485424157548
 30
0.0
 10
2.385612825095448
 20
16.46249796813845
 30
0.0
 10
2.274487373480951
 20
16.45021319555144
 30
0.0
 10
2.186640128322324
 20
16.43808456427268
 30
0.0
 10
2.12293610081906
 20
16.42622341668084
 30
0.0
 10
2.083962178327054
 20
16.41565601607635
 30
0.0
 10
2.065972602653346
 20
16.40646800596641
 30
0.0
 10
2.059043576304246
 20
16.39932152579331
 30
0.0
 10
2.061873464397649
 20
16.39056104939573
 30
0.0
 10
2.066831910389737
 20
16.38770521790047
 30
0.0
 10
2.069717366048279
 20
16.386036586714
 30
0.0
  0
SPLINE
  5
CDA
330
BFB
100
AcDbEntity
  8
0
  6
Continuous
 62
     7
100
AcDbSpline
210
0.0
220
0.0
230
1.0
 70
     8
 71
     3
 72
     9
 73
     5
 74
     0
 42
0.000000001
 43
0.0000000001
 40
0.0
 40
0.0
 40
0.0
 40
0.0
 40
0.4999928320000002
 40
1.0
 40
1.0
 40
1.0
 40
1.0
 10
12.15949362196625
 20
23.41749160927339
 30
0.0
 10
12.57602251253047
 20
22.63223928025309
 30
0.0
 10
13.3605872934022
 20
21.03605101481571
 30
0.0
 10
14.09422998455193
 20
19.41660485336524
 30
0.0
 10
14.45329881692669
 20
18.60344286505915
 30
0.0
  0
ENDBLK
  0
BLOCK
  5
CDD
330
CDC
100
AcDbEntity
  8
0
100
AcDbBlockBegin
  2
防尘塞长
 70
     0
 10
0.0
 20
0.0
 30
0.0
  3
防尘塞长
  1

  0
INSERT
  5
CDE
330
CDC
100
AcDbEntity
  8
0
100
AcDbBlockReference
  2
防尘塞2
 10
13.56400672095333
 20
-6.932175670321156
 30
0.0
  0
LINE
  5
CDF
330
CDC
100
AcDbEntity
  8
0
100
AcDbLine
 10
32.3941877215766
 20
-8.787603779789606
 30
0.0
 11
32.3941877215766
 21
-9.120051659187991
 31
0.0
  0
ENDBLK
  0
BLOCK
  5
69A
330
699
100
AcDbEntity
  8
0
100
AcDbBlockBegin
  2
防尘塞2
 70
     0
 10
0.0
 20
0.0
 30
0.0
  3
防尘塞2
  1

  0
LINE
  5
69B
330
699
100
AcDbEntity
  8
51
  6
DASH
 62
     7
370
    13
100
AcDbLine
 10
8.738800913966768
 20
-10.48322591124179
 30
0.0
 11
9.318042404065636
 21
-10.48322591124179
 31
0.0
  0
LINE
  5
69C
330
699
100
AcDbEntity
  8
51
  6
DASH
 62
     7
370
    13
100
AcDbLine
 10
14.75339039486425
 20
-10.48322591124179
 30
0.0
 11
15.33263188496494
 21
-10.48322591124179
 31
0.0
  0
LINE
  5
69D
330
699
100
AcDbEntity
  8
51
  6
DASH
 62
     7
370
    18
100
AcDbLine
 10
14.30380952372434
 20
-4.863275988866917
 30
0.0
 11
14.30380952372434
 21
-9.277685988867233
 31
0.0
  0
LINE
  5
69E
330
699
100
AcDbEntity
  8
51
  6
DASH
 62
     7
370
    18
100
AcDbLine
 10
9.532249676123683
 20
-9.277685988867233
 30
0.0
 11
9.532249676123683
 21
-4.863275988866917
 31
0.0
  0
LINE
  5
69F
330
699
100
AcDbEntity
  8
51
  6
DASH
 62
     7
370
    18
100
AcDbLine
 10
14.88304967612384
 20
-9.277685988867233
 30
0.0
 11
14.88304967612384
 21
-4.863275988866917
 31
0.0
  0
LINE
  5
6A0
330
699
100
AcDbEntity
  8
51
  6
DASH
 62
     7
370
    18
100
AcDbLine
 10
15.53553288326657
 20
-10.48322591124179
 30
0.0
 11
15.33516147566479
 21
-10.48322591124179
 31
0.0
  0
LINE
  5
6A1
330
699
100
AcDbEntity
  8
51
  6
DASH
 62
     7
370
    18
100
AcDbLine
 10
8.53589991566514
 20
-10.48322591124179
 30
0.0
 11
8.736271323266919
 21
-10.48322591124179
 31
0.0
  0
LINE
  5
6A2
330
699
100
AcDbEntity
  8
51
  6
DASH
 62
     7
370
    18
100
AcDbLine
 10
8.953009523725993
 20
-4.863275988866917
 30
0.0
 11
8.953009523725993
 21
-9.277685988867233
 31
0.0
  0
LINE
  5
6A3
330
699
100
AcDbEntity
  8
51
  6
Continuous
 62
     7
370
    18
100
AcDbLine
 10
16.46935720802503
 20
-1.855428109468448
 30
0.0
 11
16.12526063702353
 21
-1.855428109468448
 31
0.0
  0
LINE
  5
6A4
330
699
100
AcDbEntity
  8
51
  6
Continuous
 62
     7
370
    18
100
AcDbLine
 10
18.83018100062327
 20
-1.855428109468448
 30
0.0
 11
16.46935720802503
 21
-1.855428109468448
 31
0.0
  0
LINE
  5
6A5
330
699
100
AcDbEntity
  8
51
  6
Continuous
 62
     7
370
    18
100
AcDbLine
 10
16.46935720802503
 20
-2.187875988866835
 30
0.0
 11
16.46935720802503
 21
-1.855428109468448
 31
0.0
  0
LINE
  5
6A6
330
699
100
AcDbEntity
  8
51
  6
Continuous
 62
     7
370
    18
100
AcDbLine
 10
12.84714117422481
 20
-1.855428109468448
 30
0.0
 11
11.80268374202387
 21
-1.855428109468448
 31
0.0
  0
LINE
  5
6A7
330
699
100
AcDbEntity
  8
51
  6
Continuous
 62
     7
370
    18
100
AcDbLine
 10
16.12525796162481
 20
-1.855428109468448
 30
0.0
 11
15.3170289855243
 21
-1.855428109468448
 31
0.0
  0
LINE
  5
6A8
330
699
100
AcDbEntity
  8
51
  6
Continuous
 62
     7
370
    18
100
AcDbLine
 10
16.12525796162481
 20
-2.187875988866835
 30
0.0
 11
16.12525796162481
 21
-1.855428109468448
 31
0.0
  0
LINE
  5
6A9
330
699
100
AcDbEntity
  8
51
  6
Continuous
 62
     7
370
    18
100
AcDbLine
 10
11.80268374202387
 20
-1.855428109468448
 30
0.0
 11
11.80268374202387
 21
-2.187875988866835
 31
0.0
  0
LINE
  5
6AA
330
699
100
AcDbEntity
  8
51
  6
Continuous
 62
     7
370
    18
100
AcDbLine
 10
11.80268374202387
 20
-2.187875988866835
 30
0.0
 11
12.847110407125
 21
-2.187875988866835
 31
0.0
  0
LINE
  5
6AB
330
699
100
AcDbEntity
  8
51
  6
Continuous
 62
     7
370
    18
100
AcDbLine
 10
12.847110407125
 20
-2.187875988866835
 30
0.0
 11
12.847110407125
 21
-1.855428109468448
 31
0.0
  0
LINE
  5
6AC
330
699
100
AcDbEntity
  8
51
  6
Continuous
 62
     7
370
    18
100
AcDbLine
 10
15.31703834942345
 20
-1.855428109468448
 30
0.0
 11
15.31703834942345
 21
-2.187875988866835
 31
0.0
  0
LINE
  5
6AD
330
699
100
AcDbEntity
  8
51
  6
Continuous
 62
     7
370
    18
100
AcDbLine
 10
15.31703834942345
 20
-2.187875988866835
 30
0.0
 11
22.79502489214974
 21
-2.187875988866835
 31
0.0
  0
LINE
  5
6AE
330
699
100
AcDbEntity
  8
51
  6
Continuous
 62
     7
370
    18
100
AcDbLine
 10
18.81233821762271
 20
-37.92105817401353
 30
0.0
 11
18.29407990356503
 21
-37.92105817401353
 31
0.0
  0
LINE
  5
6AF
330
699
100
AcDbEntity
  8
51
  6
Continuous
 62
     7
370
    18
100
AcDbLine
 10
17.74366449660738
 20
-9.946535988868163
 30
0.0
 11
17.33421994290802
 21
-9.946535988868163
 31
0.0
  0
LINE
  5
6B0
330
699
100
AcDbEntity
  8
51
  6
DASH
 62
     7
370
    18
100
AcDbLine
 10
7.117897282727426
 20
-4.863275988866917
 30
0.0
 11
7.117897282727426
 21
-9.277685988867233
 31
0.0
  0
LINE
  5
6B1
330
699
100
AcDbEntity
  8
51
  6
Continuous
 62
     7
370
    18
100
AcDbLine
 10
6.449834819029092
 20
-9.946535988868163
 30
0.0
 11
6.040390265331553
 21
-9.946535988868163
 31
0.0
  0
LINE
  5
6B2
330
699
100
AcDbEntity
  8
51
  6
Continuous
 62
     7
370
    18
100
AcDbLine
 10
5.551763136651061
 20
-37.93468909706462
 30
0.0
 11
5.112500581240965
 21
-37.93468909706462
 31
0.0
  0
LINE
  5
6B3
330
699
100
AcDbEntity
  8
51
  6
DASH
 62
     7
370
    18
100
AcDbLine
 10
3.423634599923389
 20
-2.187875988866835
 30
0.0
 11
3.758059599924308
 21
-3.793115988867612
 31
0.0
  0
LINE
  5
6B4
330
699
100
AcDbEntity
  8
51
  6
DASH
 62
     7
370
    18
100
AcDbLine
 10
3.758059599924308
 20
-3.793115988867612
 30
0.0
 11
7.771159599922611
 21
-3.793115988867612
 31
0.0
  0
LINE
  5
6B5
330
699
100
AcDbEntity
  8
51
  6
DASH
 62
     7
370
    18
100
AcDbLine
 10
7.771159599922611
 20
-3.793115988867612
 30
0.0
 11
8.105584599923531
 21
-2.187875988866835
 31
0.0
  0
LINE
  5
6B6
330
699
100
AcDbEntity
  8
51
  6
Continuous
 62
     7
370
    18
100
AcDbLine
 10
8.105584599923531
 20
-2.187875988866835
 30
0.0
 11
9.911479599924858
 21
-2.187875988866835
 31
0.0
  0
LINE
  5
6B7
330
699
100
AcDbEntity
  8
51
  6
Continuous
 62
     7
370
    18
100
AcDbLine
 10
9.911479599924858
 20
-2.187875988866835
 30
0.0
 11
9.911479599924858
 21
-1.855428109468448
 31
0.0
  0
LINE
  5
6B8
330
699
100
AcDbEntity
  8
51
  6
Continuous
 62
     7
370
    18
100
AcDbLine
 10
9.911479599924858
 20
-1.855428109468448
 30
0.0
 11
11.80268374202387
 21
-1.855428109468448
 31
0.0
  0
LINE
  5
6B9
330
699
100
AcDbEntity
  8
51
  6
DASH
 62
     7
370
    18
100
AcDbLine
 10
17.85310504735753
 20
-37.48109718440537
 30
0.0
 11
17.74366449660738
 21
-9.946535988868163
 31
0.0
  0
LINE
  5
6BA
330
699
100
AcDbEntity
  8
51
  6
DASH
 62
     7
370
    18
100
AcDbLine
 10
16.66471882928272
 20
-4.863275988866917
 30
0.0
 11
7.117897282727426
 21
-4.863275988866917
 31
0.0
  0
LINE
  5
6BB
330
699
100
AcDbEntity
  8
51
  6
Continuous
 62
     7
370
    18
100
AcDbLine
 10
1.732153080924035
 20
-4.217767516166531
 30
0.0
 11
1.684624599922244
 21
-2.856725988867765
 31
0.0
  0
LINE
  5
6BC
330
699
100
AcDbEntity
  8
51
  6
DASH
 62
     7
370
    18
100
AcDbLine
 10
16.66471882928272
 20
-9.277685988867233
 30
0.0
 11
16.66471882928272
 21
-4.863275988866917
 31
0.0
  0
LINE
  5
6BD
330
699
100
AcDbEntity
  8
51
  6
DASH
 62
     7
370
    18
100
AcDbLine
 10
6.040390265331553
 20
-9.946535988868163
 30
0.0
 11
5.930951052278941
 21
-37.56192592923618
 31
0.0
  0
LWPOLYLINE
  5
6BE
330
699
100
AcDbEntity
  8
51
  6
Continuous
 62
     7
370
    18
100
AcDbPolyline
 90
        4
 70
     0
 43
0.0
 10
5.112500581240965
 20
-37.93468909706462
 10
4.978730581240596
 20
-4.863275988866917
 10
2.400596420122383
 20
-4.863275988866917
 42
-0.4040262258351368
 10
1.732153865470535
 20
-4.217768517236436
  0
LINE
  5
6BF
330
699
100
AcDbEntity
  8
51
  6
Continuous
 62
     7
370
    18
100
AcDbLine
 10
2.353474599924084
 20
-2.187875988866835
 30
0.0
 11
3.423634599923389
 21
-2.187875988866835
 31
0.0
  0
LINE
  5
6C0
330
699
100
AcDbEntity
  8
51
  6
Continuous
 62
     7
370
    18
100
AcDbLine
 10
8.105584599923531
 20
-2.187875988866835
 30
0.0
 11
3.423634599923389
 21
-2.187875988866835
 31
0.0
  0
LINE
  5
6C1
330
699
100
AcDbEntity
  8
51
  6
Continuous
 62
     7
370
    18
100
AcDbLine
 10
15.3170289855243
 20
-1.855428109468448
 30
0.0
 11
12.84714117422481
 21
-1.855428109468448
 31
0.0
  0
LWPOLYLINE
  5
6C2
330
699
100
AcDbEntity
  8
51
  6
Continuous
 62
     7
370
    18
100
AcDbPolyline
 90
       10
 70
     0
 43
0.0
 10
18.81233821762271
 20
-37.92105817401353
 10
18.94610821762126
 20
-4.863275988866917
 10
22.77123115358518
 20
-4.863275988866917
 10
25.44663115358344
 20
-4.863275988866917
 10
27.45318115358532
 20
-4.863275988866917
 42
0.4142135623730951
 10
28.12203115358534
 20
-4.194425988866896
 10
28.12203115358534
 20
-2.856725988867765
 42
0.4142135623730951
 10
27.45318115358532
 20
-2.187875988867745
 10
25.44663115358344
 20
-2.187875988867745
 10
22.77123115358518
 20
-2.187875988867745
  0
ARC
  5
6C3
330
699
100
AcDbEntity
  8
51
  6
Continuous
 62
     7
370
    18
100
AcDbCircle
 10
18.29380712098282
 20
-37.48035556080049
 30
0.0
 40
0.4407026976354933
100
AcDbArc
 50
180.0964185670484
 51
270.0354644792863
  0
ARC
  5
6C4
330
699
100
AcDbEntity
  8
51
  6
DASH
 62
     7
370
    18
100
AcDbCircle
 10
17.33468089116286
 20
-9.276573161338092
 30
0.0
 40
0.6699629860998299
100
AcDbArc
 50
180.0951699592297
 51
269.9605793272147
  0
ARC
  5
6C5
330
699
100
AcDbEntity
  8
51
  6
DASH
 62
     7
370
    18
100
AcDbCircle
 10
6.449834819029092
 20
-9.277685988867233
 30
0.0
 40
0.66885
100
AcDbArc
 50
270.0
 51
0.0
  0
ARC
  5
6C6
330
699
100
AcDbEntity
  8
51
  6
Continuous
 62
     7
370
    18
100
AcDbCircle
 10
5.548091525683047
 20
-37.55171092176624
 30
0.0
 40
0.3829957747573389
100
AcDbArc
 50
270.5492776909962
 51
358.4716640053415
  0
ARC
  5
6C7
330
699
100
AcDbEntity
  8
51
  6
Continuous
 62
     7
370
    18
100
AcDbCircle
 10
2.353474599924084
 20
-2.856725988867765
 30
0.0
 40
0.66885
100
AcDbArc
 50
90.0
 51
180.0
  0
ELLIPSE
  5
6C8
330
699
100
AcDbEntity
  8
51
  6
DASH
 62
     7
370
    18
100
AcDbEllipse
 10
9.315511475666424
 20
-9.814375911240857
 30
0.0
 11
0.0
 21
0.66885
 31
0.0
210
0.0
220
0.0
230
1.0
 40
0.5
 41
3.141592653589792
 42
4.71238898038469
  0
ELLIPSE
  5
6C9
330
699
100
AcDbEntity
  8
51
  6
DASH
 62
     7
370
    18
100
AcDbEllipse
 10
14.75592132326528
 20
-9.814375911240857
 30
0.0
 11
0.0
 21
-0.66885
 31
0.0
210
0.0
220
0.0
230
1.0
 40
0.5
 41
4.71238898038469
 42
6.283185307179584
  0
ELLIPSE
  5
6CA
330
699
100
AcDbEntity
  8
51
  6
DASH
 62
     7
370
    18
100
AcDbEllipse
 10
15.33516147566479
 20
-9.814375911240857
 30
0.0
 11
0.0
 21
0.66885
 31
0.0
210
0.0
220
0.0
230
1.0
 40
0.5
 41
1.570796326794897
 42
3.141592653589792
  0
ELLIPSE
  5
6CB
330
699
100
AcDbEntity
  8
51
  6
DASH
 62
     7
370
    18
100
AcDbEllipse
 10
8.736271323266919
 20
-9.814375911240857
 30
0.0
 11
0.0
 21
-0.66885
 31
0.0
210
0.0
220
0.0
230
1.0
 40
0.5
 41
0.0
 42
1.570796326794897
  0
LINE
  5
6CC
330
699
100
AcDbEntity
  8
0
  6
DASH
100
AcDbLine
 10
8.333365535490884
 20
-4.884876002550298
 30
0.0
 11
8.333365535490884
 21
-9.934767010268842
 31
0.0
  0
LINE
  5
6CD
330
699
100
AcDbEntity
  8
0
  6
DASH
100
AcDbLine
 10
15.52005486276175
 20
-4.897958502084292
 30
0.0
 11
15.52005486276175
 21
-9.974014508874461
 31
0.0
  0
LINE
  5
6CE
330
699
100
AcDbEntity
  8
0
  6
DASH
100
AcDbLine
 10
26.01160907080795
 20
-2.187875988866835
 30
0.0
 11
26.01160907080795
 21
-4.863275988866917
 31
0.0
  0
LINE
  5
6CF
330
699
100
AcDbEntity
  8
0
  6
DASH
100
AcDbLine
 10
23.46104290646326
 20
-2.187875988866835
 30
0.0
 11
23.46104290646326
 21
-4.863275988866917
 31
0.0
  0
ENDBLK
0
ENDSEC
0
SECTION
2
ENTITIES
0
INSERT
5
10B9A
330
1F
100
AcDbEntity
8
0
100
AcDbBlockReference
2
ENG
10
0.0
20
0.0
30
0.0
41
1.0
42
1.0
43
1.0
50
0.0
0
ENDSEC
0
EOF
