  0
SECTION
  2
HEADER
  9
$ACADVER
  1
AC1032
  9
$ACADMAINTVER
 90
        4
  9
$DWGCODEPAGE
  3
ANSI_936
  9
$LASTSAVEDBY
  1
szk
  9
$REQUIREDVERSIONS
160
                 0
  9
$INSBASE
 10
0.0
 20
0.0
 30
0.0
  9
$EXTMIN
 10
11482.06718555504
 20
680.869969354474
 30
0.0
  9
$EXTMAX
 10
13133.98941120473
 20
1782.151453120933
 30
0.0
  9
$LIMMIN
 10
0.0
 20
0.0
  9
$LIMMAX
 10
420.0
 20
297.0
  9
$ORTHOMODE
 70
     0
  9
$REGENMODE
 70
     1
  9
$FILLMODE
 70
     1
  9
$QTEXTMODE
 70
     0
  9
$MIRRTEXT
 70
     0
  9
$LTSCALE
 40
1.0
  9
$ATTMODE
 70
     1
  9
$TEXTSIZE
 40
0.2
  9
$TRACEWID
 40
1.0
  9
$TEXTSTYLE
  7
A字体
  9
$CLAYER
  8
CONN
  9
$CELTYPE
  6
ByLayer
  9
$CECOLOR
 62
   256
  9
$CELTSCALE
 40
1.0
  9
$DISPSILH
 70
     0
  9
$DIMSCALE
 40
1.0
  9
$DIMASZ
 40
2.5
  9
$DIMEXO
 40
0.625
  9
$DIMDLI
 40
3.75
  9
$DIMRND
 40
0.0
  9
$DIMDLE
 40
0.0
  9
$DIMEXE
 40
1.25
  9
$DIMTP
 40
0.0
  9
$DIMTM
 40
0.0
  9
$DIMTXT
 40
2.5
  9
$DIMCEN
 40
2.5
  9
$DIMTSZ
 40
0.0
  9
$DIMTOL
 70
     0
  9
$DIMLIM
 70
     0
  9
$DIMTIH
 70
     0
  9
$DIMTOH
 70
     0
  9
$DIMSE1
 70
     0
  9
$DIMSE2
 70
     0
  9
$DIMTAD
 70
     1
  9
$DIMZIN
 70
     8
  9
$DIMBLK
  1

  9
$DIMASO
 70
     1
  9
$DIMSHO
 70
     1
  9
$DIMPOST
  1

  9
$DIMAPOST
  1

  9
$DIMALT
 70
     0
  9
$DIMALTD
 70
     3
  9
$DIMALTF
 40
0.03937007874016
  9
$DIMLFAC
 40
1.0
  9
$DIMTOFL
 70
     1
  9
$DIMTVP
 40
0.0
  9
$DIMTIX
 70
     0
  9
$DIMSOXD
 70
     0
  9
$DIMSAH
 70
     0
  9
$DIMBLK1
  1

  9
$DIMBLK2
  1

  9
$DIMSTYLE
  2
ISO-25
  9
$DIMCLRD
 70
     0
  9
$DIMCLRE
 70
     0
  9
$DIMCLRT
 70
     0
  9
$DIMTFAC
 40
1.0
  9
$DIMGAP
 40
0.625
  9
$DIMJUST
 70
     0
  9
$DIMSD1
 70
     0
  9
$DIMSD2
 70
     0
  9
$DIMTOLJ
 70
     0
  9
$DIMTZIN
 70
     8
  9
$DIMALTZ
 70
     0
  9
$DIMALTTZ
 70
     0
  9
$DIMUPT
 70
     0
  9
$DIMDEC
 70
     2
  9
$DIMTDEC
 70
     2
  9
$DIMALTU
 70
     2
  9
$DIMALTTD
 70
     3
  9
$DIMTXSTY
  7
333
  9
$DIMAUNIT
 70
     0
  9
$DIMADEC
 70
     0
  9
$DIMALTRND
 40
0.0
  9
$DIMAZIN
 70
     0
  9
$DIMDSEP
 70
    44
  9
$DIMATFIT
 70
     3
  9
$DIMFRAC
 70
     0
  9
$DIMLDRBLK
  1

  9
$DIMLUNIT
 70
     2
  9
$DIMLWD
 70
    -2
  9
$DIMLWE
 70
    -2
  9
$DIMTMOVE
 70
     0
  9
$DIMFXL
 40
1.0
  9
$DIMFXLON
 70
     0
  9
$DIMJOGANG
 40
0.7853981633974483
  9
$DIMTFILL
 70
     0
  9
$DIMTFILLCLR
 70
     0
  9
$DIMARCSYM
 70
     0
  9
$DIMLTYPE
  6

  9
$DIMLTEX1
  6

  9
$DIMLTEX2
  6

  9
$DIMTXTDIRECTION
 70
     0
  9
$LUNITS
 70
     2
  9
$LUPREC
 70
     4
  9
$SKETCHINC
 40
1.0
  9
$FILLETRAD
 40
0.0
  9
$AUNITS
 70
     0
  9
$AUPREC
 70
     0
  9
$MENU
  1
.
  9
$ELEVATION
 40
0.0
  9
$PELEVATION
 40
0.0
  9
$THICKNESS
 40
0.0
  9
$LIMCHECK
 70
     0
  9
$CHAMFERA
 40
0.0
  9
$CHAMFERB
 40
0.0
  9
$CHAMFERC
 40
0.0
  9
$CHAMFERD
 40
0.0
  9
$SKPOLY
 70
     0
  9
$TDCREATE
 40
2460558.398885266
  9
$TDUCREATE
 40
2460558.065551933
  9
$TDUPDATE
 40
2461297.677829005
  9
$TDUUPDATE
 40
2461297.344495671
  9
$TDINDWG
 40
0.851596157
  9
$TDUSRTIMER
 40
0.851595694
  9
$USRTIMER
 70
     1
  9
$ANGBASE
 50
0.0
  9
$ANGDIR
 70
     0
  9
$PDMODE
 70
     0
  9
$PDSIZE
 40
0.0
  9
$PLINEWID
 40
0.0
  9
$SPLFRAME
 70
     0
  9
$SPLINETYPE
 70
     6
  9
$SPLINESEGS
 70
     8
  9
$HANDSEED
  5
10B9D
  9
$SURFTAB1
 70
     6
  9
$SURFTAB2
 70
     6
  9
$SURFTYPE
 70
     6
  9
$SURFU
 70
     6
  9
$SURFV
 70
     6
  9
$UCSBASE
  2

  9
$UCSNAME
  2

  9
$UCSORG
 10
0.0
 20
0.0
 30
0.0
  9
$UCSXDIR
 10
1.0
 20
0.0
 30
0.0
  9
$UCSYDIR
 10
0.0
 20
1.0
 30
0.0
  9
$UCSORTHOREF
  2

  9
$UCSORTHOVIEW
 70
     0
  9
$UCSORGTOP
 10
0.0
 20
0.0
 30
0.0
  9
$UCSORGBOTTOM
 10
0.0
 20
0.0
 30
0.0
  9
$UCSORGLEFT
 10
0.0
 20
0.0
 30
0.0
  9
$UCSORGRIGHT
 10
0.0
 20
0.0
 30
0.0
  9
$UCSORGFRONT
 10
0.0
 20
0.0
 30
0.0
  9
$UCSORGBACK
 10
0.0
 20
0.0
 30
0.0
  9
$PUCSBASE
  2

  9
$PUCSNAME
  2

  9
$PUCSORG
 10
0.0
 20
0.0
 30
0.0
  9
$PUCSXDIR
 10
1.0
 20
0.0
 30
0.0
  9
$PUCSYDIR
 10
0.0
 20
1.0
 30
0.0
  9
$PUCSORTHOREF
  2

  9
$PUCSORTHOVIEW
 70
     0
  9
$PUCSORGTOP
 10
0.0
 20
0.0
 30
0.0
  9
$PUCSORGBOTTOM
 10
0.0
 20
0.0
 30
0.0
  9
$PUCSORGLEFT
 10
0.0
 20
0.0
 30
0.0
  9
$PUCSORGRIGHT
 10
0.0
 20
0.0
 30
0.0
  9
$PUCSORGFRONT
 10
0.0
 20
0.0
 30
0.0
  9
$PUCSORGBACK
 10
0.0
 20
0.0
 30
0.0
  9
$USERI1
 70
     0
  9
$USERI2
 70
     0
  9
$USERI3
 70
     0
  9
$USERI4
 70
     0
  9
$USERI5
 70
     0
  9
$USERR1
 40
0.0
  9
$USERR2
 40
0.0
  9
$USERR3
 40
0.0
  9
$USERR4
 40
0.0
  9
$USERR5
 40
0.0
  9
$WORLDVIEW
 70
     1
  9
$SHADEDGE
 70
     3
  9
$SHADEDIF
 70
    70
  9
$TILEMODE
 70
     1
  9
$MAXACTVP
 70
    64
  9
$PINSBASE
 10
0.0
 20
0.0
 30
0.0
  9
$PLIMCHECK
 70
     0
  9
$PEXTMIN
 10
0.0
 20
0.0
 30
0.0
  9
$PEXTMAX
 10
0.0
 20
0.0
 30
0.0
  9
$PLIMMIN
 10
0.0
 20
0.0
  9
$PLIMMAX
 10
12.0
 20
9.0
  9
$UNITMODE
 70
     0
  9
$VISRETAIN
 70
     1
  9
$PLINEGEN
 70
     0
  9
$PSLTSCALE
 70
     1
  9
$TREEDEPTH
 70
  3020
  9
$CMLSTYLE
  2
Standard
  9
$CMLJUST
 70
     0
  9
$CMLSCALE
 40
20.0
  9
$PROXYGRAPHICS
 70
     1
  9
$MEASUREMENT
 70
     1
  9
$CELWEIGHT
370
    -1
  9
$ENDCAPS
280
     0
  9
$JOINSTYLE
280
     0
  9
$LWDISPLAY
290
     0
  9
$INSUNITS
 70
     4
  9
$HYPERLINKBASE
  1

  9
$STYLESHEET
  1

  9
$XEDIT
290
     1
  9
$CEPSNTYPE
380
     0
  9
$PSTYLEMODE
290
     1
  9
$FINGERPRINTGUID
  2
{7A9F8AD9-665E-435F-A8D6-3618E7CCD7FC}
  9
$VERSIONGUID
  2
{2E6E3480-2FD0-43F3-A29E-4D5F9D6661AF}
  9
$EXTNAMES
290
     1
  9
$PSVPSCALE
 40
0.0
  9
$OLESTARTUP
290
     0
  9
$SORTENTS
280
   127
  9
$INDEXCTL
280
     0
  9
$HIDETEXT
280
     1
  9
$XCLIPFRAME
280
     2
  9
$HALOGAP
280
     0
  9
$OBSCOLOR
 70
   257
  9
$OBSLTYPE
280
     0
  9
$INTERSECTIONDISPLAY
280
     0
  9
$INTERSECTIONCOLOR
 70
   257
  9
$DIMASSOC
280
     2
  9
$PROJECTNAME
  1

  9
$CAMERADISPLAY
290
     0
  9
$LENSLENGTH
 40
50.0
  9
$CAMERAHEIGHT
 40
0.0
  9
$STEPSPERSEC
 40
2.0
  9
$STEPSIZE
 40
6.0
  9
$3DDWFPREC
 40
2.0
  9
$PSOLWIDTH
 40
0.25
  9
$PSOLHEIGHT
 40
4.0
  9
$LOFTANG1
 40
1.570796326794896
  9
$LOFTANG2
 40
1.570796326794896
  9
$LOFTMAG1
 40
0.0
  9
$LOFTMAG2
 40
0.0
  9
$LOFTPARAM
 70
     7
  9
$LOFTNORMALS
280
     1
  9
$LATITUDE
 40
37.795
  9
$LONGITUDE
 40
-122.394
  9
$NORTHDIRECTION
 40
0.0
  9
$TIMEZONE
 70
 -8000
  9
$LIGHTGLYPHDISPLAY
280
     1
  9
$TILEMODELIGHTSYNCH
280
     1
  9
$CMATERIAL
347
12D
  9
$SOLIDHIST
280
     0
  9
$SHOWHIST
280
     1
  9
$DWFFRAME
280
     1
  9
$DGNFRAME
280
     1
  9
$REALWORLDSCALE
290
     1
  9
$INTERFERECOLOR
 62
   256
  9
$CSHADOW
280
     0
  9
$SHADOWPLANELOCATION
 40
0.0
  0
ENDSEC
  0
SECTION
  2
CLASSES
  0
CLASS
  1
ACDBDICTIONARYWDFLT
  2
AcDbDictionaryWithDefault
  3
ObjectDBX Classes
 90
        0
 91
        1
280
     0
281
     0
  0
CLASS
  1
ACDBPLACEHOLDER
  2
AcDbPlaceHolder
  3
ObjectDBX Classes
 90
        0
 91
        0
280
     0
281
     0
  0
CLASS
  1
LAYOUT
  2
AcDbLayout
  3
ObjectDBX Classes
 90
        0
 91
        0
280
     0
281
     0
  0
CLASS
  1
DICTIONARYVAR
  2
AcDbDictionaryVar
  3
ObjectDBX Classes
 90
        0
 91
       11
280
     0
281
     0
  0
CLASS
  1
TABLESTYLE
  2
AcDbTableStyle
  3
ObjectDBX Classes
 90
     4095
 91
        1
280
     0
281
     0
  0
CLASS
  1
WIPEOUTVARIABLES
  2
AcDbWipeoutVariables
  3
"WipeOut|Product Desc:     WipeOut Dbx Application|Company:          Autodesk, Inc.|WEB Address:      www.autodesk.com"
 90
        0
 91
        0
280
     0
281
     0
  0
CLASS
  1
SCALE
  2
AcDbScale
  3
ObjectDBX Classes
 90
     1153
 91
       18
280
     0
281
     0
  0
CLASS
  1
MLEADERSTYLE
  2
AcDbMLeaderStyle
  3
ACDB_MLEADERSTYLE_CLASS
 90
     4095
 91
        2
280
     0
281
     0
  0
CLASS
  1
MATERIAL
  2
AcDbMaterial
  3
ObjectDBX Classes
 90
     1153
 91
        3
280
     0
281
     0
  0
CLASS
  1
VISUALSTYLE
  2
AcDbVisualStyle
  3
ObjectDBX Classes
 90
     4095
 91
       24
280
     0
281
     0
  0
CLASS
  1
ACDBSECTIONVIEWSTYLE
  2
AcDbSectionViewStyle
  3
ObjectDBX Classes
 90
     1025
 91
        1
280
     0
281
     0
  0
CLASS
  1
ACDBDETAILVIEWSTYLE
  2
AcDbDetailViewStyle
  3
ObjectDBX Classes
 90
     1025
 91
        1
280
     0
281
     0
  0
CLASS
  1
CELLSTYLEMAP
  2
AcDbCellStyleMap
  3
ObjectDBX Classes
 90
     1152
 91
        2
280
     0
281
     0
  0
CLASS
  1
SORTENTSTABLE
  2
AcDbSortentsTable
  3
ObjectDBX Classes
 90
        0
 91
        5
280
     0
281
     0
  0
CLASS
  1
MULTILEADER
  2
AcDbMLeader
  3
ACDB_MLEADER_CLASS
 90
     1025
 91
        2
280
     0
281
     1
  0
CLASS
  1
ACAD_TABLE
  2
AcDbTable
  3
ObjectDBX Classes
 90
     1025
 91
        0
280
     0
281
     1
  0
CLASS
  1
TABLECONTENT
  2
AcDbTableContent
  3
ObjectDBX Classes
 90
     1152
 91
        0
280
     0
281
     0
  0
CLASS
  1
TABLEGEOMETRY
  2
AcDbTableGeometry
  3
ObjectDBX Classes
 90
     1152
 91
        0
280
     0
281
     0
  0
CLASS
  1
FIELD
  2
AcDbField
  3
ObjectDBX Classes
 90
     1152
 91
        2
280
     0
281
     0
  0
CLASS
  1
FIELDLIST
  2
AcDbFieldList
  3
ObjectDBX Classes
 90
     1152
 91
        1
280
     0
281
     0
  0
CLASS
  1
ZRXEBBLOCKEDITORCUSTOBJ
  2
CZwCbBlockEditorObject
  3
CZwCbBlockEditorObject
 90
     1024
 91
        0
280
     0
281
     0
  0
CLASS
  1
TAGROOTDATA
  2
ZcDbTagRootData
  3
ObjectDBX Classes
 90
        0
 91
        0
280
     0
281
     0
  0
CLASS
  1
TAG_EVALGRAPH
  2
ZcDbTagEvalGraph
  3
ObjectDBX Classes
 90
     1153
 91
        0
280
     0
281
     0
  0
CLASS
  1
RASTERVARIABLES
  2
AcDbRasterVariables
  3
ISM
 90
        0
 91
        1
280
     0
281
     0
  0
CLASS
  1
DIMASSOC
  2
AcDbDimAssoc
  3
ZcDbDimAssoc ObjectDBX Classes
 90
        0
 91
        0
280
     0
281
     0
  0
CLASS
  1
TCH_DBCONFIG
  2
TDbConfig
  3
TCH_KERNAL|缺乏中望建筑解释器, 请下载中望建筑相关产品|网址: www.zwsoft.cn
 90
        1
 91
        1
280
     0
281
     0
  0
CLASS
  1
ACAD_EVALUATION_GRAPH
  2
AcDbEvalGraph
  3
ObjectDBX Classes
 90
     1153
 91
        0
280
     0
281
     0
  0
CLASS
  1
ACDB_DYNAMICBLOCKPURGEPREVENTER_VERSION
  2
AcDbDynamicBlockPurgePreventer
  3
ObjectDBX Classes
 90
     1153
 91
        0
280
     0
281
     0
  0
CLASS
  1
TDBINTERFACERECORD
  2
TDbInterfaceRecord
  3
TCH_PIPEBASE|缺乏中望水暖电解释器, 请下载中望建筑相关产品|网址: www.zwsoft.cn
 90
        0
 91
        1
280
     0
281
     0
  0
ENDSEC
  0
SECTION
  2
TABLES
  0
TABLE
  2
VPORT
  5
8
330
0
100
AcDbSymbolTable
 70
     1
  0
VPORT
  5
1BA
330
8
100
AcDbSymbolTableRecord
100
AcDbViewportTableRecord
  2
*Active
 70
     0
 10
0.0
 20
0.0
 11
1.0
 21
1.0
 12
12041.57035038332
 22
1053.670871398258
 13
0.0
 23
0.0
 14
10.0
 24
10.0
 15
10.0
 25
10.0
 16
0.0
 26
0.0
 36
1.0
 17
0.0
 27
0.0
 37
0.0
 40
179.5489676707348
 41
2.060197663971248
 42
50.0
 43
0.0
 44
0.0
 50
0.0
 51
0.0
 71
    16
 72
  1000
 73
     1
 74
     3
 75
     0
 76
     0
 77
     0
 78
     0
281
     0
 65
     1
110
0.0
120
0.0
130
0.0
111
1.0
121
0.0
131
0.0
112
0.0
122
1.0
132
0.0
 79
     0
146
0.0
348
14B
 60
     3
 61
     5
292
     1
282
     1
141
0.0
142
0.0
 63
   250
1001
ACAD_NAV_VCDISPLAY
1070
     3
  0
ENDTAB
  0
TABLE
  2
LTYPE
  5
5
330
0
100
AcDbSymbolTable
 70
     5
  0
LTYPE
  5
14
330
5
100
AcDbSymbolTableRecord
100
AcDbLinetypeTableRecord
  2
ByBlock
 70
     0
  3

 72
    65
 73
     0
 40
0.0
  0
LTYPE
  5
15
330
5
100
AcDbSymbolTableRecord
100
AcDbLinetypeTableRecord
  2
ByLayer
 70
     0
  3

 72
    65
 73
     0
 40
0.0
  0
LTYPE
  5
16
330
5
100
AcDbSymbolTableRecord
100
AcDbLinetypeTableRecord
  2
Continuous
 70
     0
  3
Solid line
 72
    65
 73
     0
 40
0.0
  0
LTYPE
  5
1D03
330
5
100
AcDbSymbolTableRecord
100
AcDbLinetypeTableRecord
  2
DASH
 70
     0
  3
__ __ __ __ __ __ __ __ __ __ __ __ __ __ __ __
 72
    65
 73
     2
 40
0.35
 49
0.25
 74
     0
 49
-0.1
 74
     0
  0
LTYPE
  5
7924
102
{ACAD_XDICTIONARY
360
7925
102
}
330
5
100
AcDbSymbolTableRecord
100
AcDbLinetypeTableRecord
  2
( Hidden )
 70
     0
  3
Hidden line stroke pattern
 72
    65
 73
     2
 40
0.375
 49
0.25
 74
     0
 49
-0.125
 74
     0
  0
LTYPE
  5
7926
330
5
100
AcDbSymbolTableRecord
100
AcDbLinetypeTableRecord
  2
TRATTO-PUNTO
 70
     0
  3
__ . __ . __ . __ . __ . __ . __ . __ . __ . __
 72
    65
 73
     4
 40
1.0
 49
0.5
 74
     0
 49
-0.25
 74
     0
 49
0.0
 74
     0
 49
-0.25
 74
     0
  0
LTYPE
  5
7927
330
5
100
AcDbSymbolTableRecord
100
AcDbLinetypeTableRecord
  2
HIDDEN2
 70
     0
  3
Hidden (.5x) _ _ _ _ _ _ _ _ _ _ _ _ _ _ _ _ _
 72
    65
 73
     2
 40
4.762499999999998
 49
3.174999999999998
 74
     0
 49
-1.587499999999999
 74
     0
  0
ENDTAB
  0
TABLE
  2
LAYER
  5
2
102
{ACAD_XDICTIONARY
360
FA
102
}
330
0
100
AcDbSymbolTable
 70
    20
  0
LAYER
  5
10
330
2
100
AcDbSymbolTableRecord
100
AcDbLayerTableRecord
  2
0
 70
     0
 62
     7
  6
Continuous
370
    -3
390
F
347
13D
348
0
  0
LAYER
  5
1D04
330
2
100
AcDbSymbolTableRecord
100
AcDbLayerTableRecord
  2
DEFPOINTS
 70
     0
 62
     7
  6
Continuous
290
     0
370
     0
390
F
347
13D
348
0
  0
LAYER
  5
1D05
330
2
100
AcDbSymbolTableRecord
100
AcDbLayerTableRecord
  2
_TCH_MASK
 70
     0
 62
     7
  6
Continuous
370
     0
390
F
347
13D
348
0
  0
LAYER
  5
1D06
330
2
100
AcDbSymbolTableRecord
100
AcDbLayerTableRecord
  2
Make2D___U+9359_U+7EFE__U+93C5_U+20AC_U+6C31_U+568E
 70
     0
 62
     7
  6
Continuous
370
    -3
390
F
347
13D
348
0
  0
LAYER
  5
1D07
330
2
100
AcDbSymbolTableRecord
100
AcDbLayerTableRecord
  2
_U+56FE_U+5C42 1
 70
     0
 62
     7
  6
Continuous
370
    -3
390
F
347
13D
348
0
  0
LAYER
  5
1D08
330
2
100
AcDbSymbolTableRecord
100
AcDbLayerTableRecord
  2
G-ANNO-TEXT
 70
     0
 62
   231
  6
Continuous
370
    30
390
F
347
13D
348
0
  0
LAYER
  5
1D09
330
2
100
AcDbSymbolTableRecord
100
AcDbLayerTableRecord
  2
Make2D___U+9359_U+7EFE__U+59DD_U+FF45_U+578F_U+7EFE
 70
     0
 62
     7
  6
Continuous
370
    -3
390
F
347
13D
348
0
  0
LAYER
  5
1D0A
102
{ACAD_XDICTIONARY
360
1D0B
102
}
330
2
100
AcDbSymbolTableRecord
100
AcDbLayerTableRecord
  2
51
 70
     0
 62
     7
420
 16777215
  6
Continuous
370
    -3
390
F
347
13D
348
0
  0
LAYER
  5
1D0C
102
{ACAD_XDICTIONARY
360
1D0D
102
}
330
2
100
AcDbSymbolTableRecord
100
AcDbLayerTableRecord
  2
02___PRT_ALL_AXES
 70
     0
 62
     7
  6
Continuous
370
     0
390
F
347
13D
348
0
  0
LAYER
  5
1D0E
102
{ACAD_XDICTIONARY
360
1D0F
102
}
330
2
100
AcDbSymbolTableRecord
100
AcDbLayerTableRecord
  2
图框_标题栏属性
 70
     0
 62
     1
  6
Continuous
370
     0
390
F
347
13D
348
0
1001
AcadStringInfo
1000
MIFCodePage
1070
     5
  0
LAYER
  5
1D10
330
2
100
AcDbSymbolTableRecord
100
AcDbLayerTableRecord
  2
xian
 70
     0
 62
   250
  6
Continuous
370
    -3
390
F
347
13D
348
0
1001
AcAecLayerStandard
1000

1000

1001
AcCmTransparency
1071
        0
  0
LAYER
  5
1D11
330
2
100
AcDbSymbolTableRecord
100
AcDbLayerTableRecord
  2
di
 70
     0
 62
     7
  6
Continuous
370
    -3
390
F
347
13D
348
0
1001
AcAecLayerStandard
1000

1000

1001
AcCmTransparency
1071
        0
  0
LAYER
  5
1D12
102
{ACAD_XDICTIONARY
360
1D13
102
}
330
2
100
AcDbSymbolTableRecord
100
AcDbLayerTableRecord
  2
tb-tick-50
 70
     0
 62
     5
  6
Continuous
370
    -3
390
F
347
13D
348
0
  0
LAYER
  5
1D14
330
2
100
AcDbSymbolTableRecord
100
AcDbLayerTableRecord
  2
TB-FRAME
 70
     0
 62
     7
  6
Continuous
370
    -3
390
F
347
13D
348
0
1001
AcAecLayerStandard
1000

1000
HQC_000_Zeichnungsrahmen
  0
LAYER
  5
1D15
330
2
100
AcDbSymbolTableRecord
100
AcDbLayerTableRecord
  2
TB-TEXT
 70
     0
 62
     7
  6
Continuous
370
    -3
390
F
347
13D
348
0
  0
LAYER
  5
7DB0
330
2
100
AcDbSymbolTableRecord
100
AcDbLayerTableRecord
  2
DIRECTION
 70
     0
 62
     7
  6
Continuous
370
     0
390
F
347
13D
348
0
1001
AcAecLayerStandard
1000

1000

1001
AcCmTransparency
1071
        0
  0
LAYER
  5
109F8
330
2
100
AcDbSymbolTableRecord
100
AcDbLayerTableRecord
  2
CONN
 70
     0
 62
     7
  6
Continuous
370
    -3
390
F
347
13D
348
0
1001
AcCmTransparency
1071
 33554687
1001
AcAecLayerStandard
1000

1000

  0
LAYER
  5
10A01
330
2
100
AcDbSymbolTableRecord
100
AcDbLayerTableRecord
  2
CONN-Label
 70
     0
 62
     7
  6
Continuous
370
    -3
390
F
347
13D
348
0
1001
AcCmTransparency
1071
 33554687
1001
AcAecLayerStandard
1000

1000

  0
LAYER
  5
10AAE
330
2
100
AcDbSymbolTableRecord
100
AcDbLayerTableRecord
  2
CONNPOS
 70
     0
 62
     7
  6
Continuous
370
    -3
390
F
347
13D
348
0
1001
AcCmTransparency
1071
 33554687
1001
AcAecLayerStandard
1000

1000

  0
LAYER
  5
10AAF
330
2
100
AcDbSymbolTableRecord
100
AcDbLayerTableRecord
  2
CONNNEG
 70
     0
 62
     7
  6
Continuous
370
    -3
390
F
347
13D
348
0
1001
AcCmTransparency
1071
 33554687
1001
AcAecLayerStandard
1000

1000

  0
ENDTAB
  0
TABLE
  2
STYLE
  5
3
330
0
100
AcDbSymbolTable
 70
    17
  0
STYLE
  5
11
330
3
100
AcDbSymbolTableRecord
100
AcDbTextStyleTableRecord
  2
Standard
 70
     0
 40
0.0
 41
1.0
 50
0.0
 71
     0
 42
2.5
  3

  4

1001
ACAD
1000
SimSun
1071
    34306
  0
STYLE
  5
21D
330
3
100
AcDbSymbolTableRecord
100
AcDbTextStyleTableRecord
  2
Annotative
 70
     0
 40
0.0
 41
1.0
 50
0.0
 71
     0
 42
2.5
  3

  4

1001
AcadAnnotative
1000
AnnotativeData
1002
{
1070
     1
1070
     1
1002
}
1001
ACAD
1000
SimSun
1071
    34306
  0
STYLE
  5
1D16
330
3
100
AcDbSymbolTableRecord
100
AcDbTextStyleTableRecord
  2
333
 70
     0
 40
0.0
 41
1.0
 50
0.0
 71
     0
 42
2.5
  3
arial.ttf
  4

1001
ACAD
1000
Arial
1071
       34
  0
STYLE
  5
1D17
330
3
100
AcDbSymbolTableRecord
100
AcDbTextStyleTableRecord
  2
Bold
 70
     0
 40
18.0
 41
1.0
 50
0.0
 71
     0
 42
18.0
  3
arialbd.ttf
  4

1001
ACAD
1000
Arial
1071
 33554688
  0
STYLE
  5
1D18
330
3
100
AcDbSymbolTableRecord
100
AcDbTextStyleTableRecord
  2
A字体
 70
     0
 40
1.05
 41
1.0
 50
0.0
 71
     0
 42
0.2
  3
arial.ttf
  4

1001
ACAD
1000
Arial
1071
       34
  0
STYLE
  5
1D19
330
3
100
AcDbSymbolTableRecord
100
AcDbTextStyleTableRecord
  2
Arial_3
 70
     0
 40
1.225
 41
1.0
 50
0.0
 71
     0
 42
0.2
  3
arial.ttf
  4

1001
ACAD
1000
Arial
1071
    34338
  0
STYLE
  5
1D1A
330
3
100
AcDbSymbolTableRecord
100
AcDbTextStyleTableRecord
  2
Arial_4
 70
     0
 40
1.25
 41
1.0
 50
0.0
 71
     0
 42
0.2
  3
arial.ttf
  4

1001
ACAD
1000
Arial
1071
    34338
  0
STYLE
  5
1D1B
330
3
100
AcDbSymbolTableRecord
100
AcDbTextStyleTableRecord
  2
B140
 70
     0
 40
5.600000000000001
 41
1.0
 50
0.0
 71
     0
 42
0.2
  3
bold.shx
  4

  0
STYLE
  5
1D1C
330
3
100
AcDbSymbolTableRecord
100
AcDbTextStyleTableRecord
  2
CALIBRI
 70
     0
 40
0.125
 41
1.0
 50
0.0
 71
     0
 42
0.125
  3
calibri.ttf
  4

1001
AcadAnnotative
1000
AnnotativeData
1002
{
1070
     1
1070
     0
1002
}
1001
ACAD
1000
Calibri
1071
       34
  0
STYLE
  5
3AA5
330
3
100
AcDbSymbolTableRecord
100
AcDbTextStyleTableRecord
  2
EVS Regular
 70
     0
 40
0.1
 41
1.0
 50
0.0
 71
     0
 42
0.1
  3
arial.ttf
  4

1001
ACAD
1000
Arial
1071
       34
1001
AcadAnnotative
1000
AnnotativeData
1002
{
1070
     1
1070
     1
1002
}
  0
STYLE
  5
3AA6
330
3
100
AcDbSymbolTableRecord
100
AcDbTextStyleTableRecord
  2
Arial
 70
     0
 40
1.05
 41
1.0
 50
0.0
 71
     0
 42
0.2
  3
arial.ttf
  4

1001
ACAD
1000
Arial
1071
    34338
  0
STYLE
  5
7928
330
3
100
AcDbSymbolTableRecord
100
AcDbTextStyleTableRecord
  2
StyleArial
 70
     0
 40
0.0
 41
1.0
 50
0.0
 71
     0
 42
2.5
  3
arial.ttf
  4

1001
ACAD
1000
Arial
1071
        0
  0
STYLE
  5
7929
330
3
100
AcDbSymbolTableRecord
100
AcDbTextStyleTableRecord
  2
HNCBRJ
 70
     0
 40
2.0
 41
0.8
 50
0.0
 71
     0
 42
0.1
  3
arial.ttf
  4

1001
ACAD
1000
Arial
1071
       34
  0
STYLE
  5
7DB1
330
3
100
AcDbSymbolTableRecord
100
AcDbTextStyleTableRecord
  2
ROMANS
 70
     0
 40
0.0
 41
1.0
 50
0.0
 71
     0
 42
0.1
  3
romans
  4

  0
STYLE
  5
7DB2
330
3
100
AcDbSymbolTableRecord
100
AcDbTextStyleTableRecord
  2
Bemaßung Groß
 70
     0
 40
3.2
 41
1.0
 50
0.0
 71
     0
 42
0.2
  3
arial.ttf
  4

1001
ACAD
1000
Arial
1071
       34
  0
STYLE
  5
7DB3
330
3
100
AcDbSymbolTableRecord
100
AcDbTextStyleTableRecord
  2
SLDTEXTSTYLE2
 70
     0
 40
0.0
 41
1.0
 50
0.0
 71
     0
 42
700.0
  3
gbenor.shx
  4
gbcbig.shx
  0
STYLE
  5
E89F
330
3
100
AcDbSymbolTableRecord
100
AcDbTextStyleTableRecord
  2
MtX_Calibri
 70
     0
 40
0.0
 41
1.0
 50
0.0
 71
     0
 42
0.2
  3

  4

1001
ACAD
1000
Calibri
1071
    34338
  0
ENDTAB
  0
TABLE
  2
VIEW
  5
6
330
0
100
AcDbSymbolTable
 70
     0
  0
ENDTAB
  0
TABLE
  2
UCS
  5
7
330
0
100
AcDbSymbolTable
 70
     0
  0
ENDTAB
  0
TABLE
  2
APPID
  5
9
330
0
100
AcDbSymbolTable
 70
    24
  0
APPID
  5
12
330
9
100
AcDbSymbolTableRecord
100
AcDbRegAppTableRecord
  2
ACAD
 70
     0
  0
APPID
  5
F4
330
9
100
AcDbSymbolTableRecord
100
AcDbRegAppTableRecord
  2
ACAD_PSEXT
 70
     0
  0
APPID
  5
16E
330
9
100
AcDbSymbolTableRecord
100
AcDbRegAppTableRecord
  2
ACAD_NAV_VCDISPLAY
 70
     0
  0
APPID
  5
21E
330
9
100
AcDbSymbolTableRecord
100
AcDbRegAppTableRecord
  2
AcadAnnoPO
 70
     0
  0
APPID
  5
21F
330
9
100
AcDbSymbolTableRecord
100
AcDbRegAppTableRecord
  2
AcadAnnotative
 70
     0
  0
APPID
  5
224
330
9
100
AcDbSymbolTableRecord
100
AcDbRegAppTableRecord
  2
ACAD_DSTYLE_DIMJAG
 70
     0
  0
APPID
  5
225
330
9
100
AcDbSymbolTableRecord
100
AcDbRegAppTableRecord
  2
ACAD_DSTYLE_DIMBREAK
 70
     0
  0
APPID
  5
226
330
9
100
AcDbSymbolTableRecord
100
AcDbRegAppTableRecord
  2
ACAD_DSTYLE_DIMTALN
 70
     0
  0
APPID
  5
1D1D
330
9
100
AcDbSymbolTableRecord
100
AcDbRegAppTableRecord
  2
AcDbDynamicBlockGUID
 70
     0
  0
APPID
  5
1D1E
330
9
100
AcDbSymbolTableRecord
100
AcDbRegAppTableRecord
  2
GradientColor1ACI
 70
     0
  0
APPID
  5
1D1F
330
9
100
AcDbSymbolTableRecord
100
AcDbRegAppTableRecord
  2
GradientColor2ACI
 70
     0
  0
APPID
  5
1D20
330
9
100
AcDbSymbolTableRecord
100
AcDbRegAppTableRecord
  2
REVIT
 70
     0
  0
APPID
  5
1D21
330
9
100
AcDbSymbolTableRecord
100
AcDbRegAppTableRecord
  2
AcadStringInfo
 70
     0
  0
APPID
  5
1D22
330
9
100
AcDbSymbolTableRecord
100
AcDbRegAppTableRecord
  2
AcAecLayerStandard
 70
     0
  0
APPID
  5
1D23
330
9
100
AcDbSymbolTableRecord
100
AcDbRegAppTableRecord
  2
AcCmTransparency
 70
     0
  0
APPID
  5
368E
330
9
100
AcDbSymbolTableRecord
100
AcDbRegAppTableRecord
  2
ZWCAD_MTEXT_RTL_PARAGRAPHS
 70
     0
  0
APPID
  5
3AA8
330
9
100
AcDbSymbolTableRecord
100
AcDbRegAppTableRecord
  2
ADE
 70
     0
  0
APPID
  5
5220
330
9
100
AcDbSymbolTableRecord
100
AcDbRegAppTableRecord
  2
ACAUTHENVIRON
 70
     0
  0
APPID
  5
5235
330
9
100
AcDbSymbolTableRecord
100
AcDbRegAppTableRecord
  2
PLOTTRANSPARENCY
 70
     0
  0
APPID
  5
5243
330
9
100
AcDbSymbolTableRecord
100
AcDbRegAppTableRecord
  2
SectionViewStyle
 70
     0
  0
APPID
  5
5244
330
9
100
AcDbSymbolTableRecord
100
AcDbRegAppTableRecord
  2
DetailViewStyle
 70
     0
  0
APPID
  5
792A
330
9
100
AcDbSymbolTableRecord
100
AcDbRegAppTableRecord
  2
AcDbBlockRepETag
 70
     0
  0
APPID
  5
102DF
330
9
100
AcDbSymbolTableRecord
100
AcDbRegAppTableRecord
  2
AcDbDynamicBlockTrueName
 70
     0
  0
APPID
  5
106C5
330
9
100
AcDbSymbolTableRecord
100
AcDbRegAppTableRecord
  2
Acad_TC
 70
     0
  0
ENDTAB
  0
TABLE
  2
DIMSTYLE
  5
A
330
0
100
AcDbSymbolTable
 70
     8
100
AcDbDimStyleTable
 71
     2
340
9C
340
227
  0
DIMSTYLE
105
27
330
A
100
AcDbSymbolTableRecord
100
AcDbDimStyleTableRecord
  2
Standard
 70
     0
340
11
  0
DIMSTYLE
105
9C
102
{ACAD_REACTORS
330
6A74
330
6A75
330
6A88
330
6A89
330
6A8A
330
6A9D
330
6A9E
330
6AAB
102
}
330
A
100
AcDbSymbolTableRecord
100
AcDbDimStyleTableRecord
  2
ISO-25
 70
     0
 41
2.5
 42
0.625
 43
3.75
 44
1.25
 73
     0
 74
     0
 77
     1
 78
     8
140
2.5
141
2.5
143
0.03937007874016
147
0.625
171
     3
172
     1
271
     2
272
     2
274
     3
278
    44
283
     0
284
     8
340
1D16
1001
AcadAnnotative
1000
AnnotativeData
1002
{
1070
     1
1070
     0
1002
}
  0
DIMSTYLE
105
227
330
A
100
AcDbSymbolTableRecord
100
AcDbDimStyleTableRecord
  2
Annotative
 70
     0
 41
2.5
 42
0.625
 43
3.75
 44
1.25
 73
     0
 74
     0
 77
     1
 78
     8
140
2.5
141
2.5
143
0.03937007874016
147
0.625
171
     3
172
     1
271
     2
272
     2
274
     3
278
    44
283
     0
284
     8
340
11
1001
ACAD_DSTYLE_DIMBREAK
1070
   391
1040
3.75
1001
AcadAnnotative
1000
AnnotativeData
1002
{
1070
     1
1070
     1
1002
}
1001
ACAD_DSTYLE_DIMJAG
1070
   388
1040
1.5
1001
ACAD_DSTYLE_DIMTALN
1070
   392
1070
     0
  0
DIMSTYLE
105
3AA7
330
A
100
AcDbSymbolTableRecord
100
AcDbDimStyleTableRecord
  2
EVS Dimension wExt Line
 70
     0
  3
'
 41
0.12
 44
0.05
 73
     0
 74
     0
 77
     1
 78
     8
140
0.1
141
0.0
147
0.05
176
   256
177
   256
271
     2
178
   256
271
     2
272
     2
340
3AA5
371
    -1
345
15
346
15
347
15
1001
ACAD_DSTYLE_DIMBREAK
1070
   391
1040
0.125
1001
AcadAnnotative
1000
AnnotativeData
1002
{
1070
     1
1070
     1
1002
}
1001
ACAD_DSTYLE_DIMJAG
1070
   388
1040
1.0
1001
ACAD_DSTYLE_DIMTALN
1070
   392
1070
     0
  0
DIMSTYLE
105
7DB4
330
A
100
AcDbSymbolTableRecord
100
AcDbDimStyleTableRecord
  2
AEC Bemassung 1-100
 70
     0
 41
0.15
 42
0.0
 43
0.5
 44
0.125
 45
0.005
 46
0.125
 73
     0
 74
     0
 77
     1
 78
    12
140
0.2
141
0.25
147
0.1
172
     1
174
     1
178
   163
179
     2
279
     2
340
7DB1
342
7DA7
  0
DIMSTYLE
105
7DB5
330
A
100
AcDbSymbolTableRecord
100
AcDbDimStyleTableRecord
  2
Treppen
 70
     0
 41
0.1
 42
0.0
 43
0.5
 44
0.125
 46
0.125
 73
     0
 74
     0
 77
     1
 78
    12
140
0.2
141
0.25
147
0.1
179
     1
279
     2
340
7DB1
342
7DAB
343
7DAB
344
7DAB
  0
DIMSTYLE
105
7DB6
330
A
100
AcDbSymbolTableRecord
100
AcDbDimStyleTableRecord
  2
Copy of in m + Einheit Groß
 70
     0
  3
 m
 41
0.8
 42
0.1
 43
0.2
 44
0.8
 46
0.8
 49
0.16
 50
90.0
 69
     1
 70
     0
 73
     0
 74
     0
 77
     1
 78
     1
140
3.2
141
-0.0004
143
0.0394
147
0.5
171
     0
172
     1
173
     1
176
   256
177
   256
271
     2
178
   256
271
     2
272
     2
273
     8
274
     0
284
     1
340
7DB2
341
7DA7
343
7DA7
344
7DA7
371
     0
1001
ACAD_DSTYLE_DIMBREAK
1070
   391
1040
3.75
1001
ACAD_DSTYLE_DIMJAG
1070
   388
1040
1.5
1001
ACAD_DSTYLE_DIMTALN
1070
   392
1070
     0
  0
DIMSTYLE
105
7DB7
330
A
100
AcDbSymbolTableRecord
100
AcDbDimStyleTableRecord
  2
SLDDIMSTYLE2
 70
     0
 41
660.4
 44
0.0
 45
0.000000001
 73
     0
 74
     0
 77
     1
 78
    12
 79
     3
140
700.0
144
0.25
147
175.0
173
     1
271
     2
272
     2
276
     2
284
    12
340
7DB3
  0
ENDTAB
  0
TABLE
  2
BLOCK_RECORD
  5
1
330
0
100
AcDbSymbolTable
 70
    41
  0
BLOCK_RECORD
  5
1F
102
{ACAD_XDICTIONARY
360
6C23
102
}
330
1
100
AcDbSymbolTableRecord
100
AcDbBlockTableRecord
  2
*Model_Space
340
22
 70
     0
280
     1
281
     0
  0
BLOCK_RECORD
  5
1C7
330
1
100
AcDbSymbolTableRecord
100
AcDbBlockTableRecord
  2
*Paper_Space
340
1C8
 70
     0
280
     1
281
     0
  0
BLOCK_RECORD
  5
1CC
330
1
100
AcDbSymbolTableRecord
100
AcDbBlockTableRecord
  2
*Paper_Space0
340
1CD
 70
     0
280
     1
281
     0
  0
BLOCK_RECORD
  5
234
102
{ACAD_XDICTIONARY
360
235
102
}
330
1
100
AcDbSymbolTableRecord
100
AcDbBlockTableRecord
  2
L1
340
0
310
28000000200000002000000001002000000000000010000001000000010000000000000000000000805ACE5C302821FF302821FF302821FF302821FF302821FF302821FF302821FF302821FF302821FF302821FF302821FF302821FF302821FF302821FF302821FF302821FF302821FF302821FF302821FF302821FF302821
310
FF302821FF302821FF302821FF302821FF302821FF302821FF302821FF302821FF302821FF302821FF302821FF302821FF302821FF302821FF302821FF302821FF302821FF302821FF302821FF302821FF302821FF302821FF302821FF302821FF302821FF302821FF302821FF302821FF302821FF302821FF302821FF3028
310
21FF302821FF302821FF302821FF302821FF302821FF302821FF302821FF302821FF302821FF302821FF302821FF302821FF302821FF302821FF302821FF302821FF302821FF302821FF302821FF302821FF302821FF302821FF302821FF302821FF302821FF302821FF302821FF302821FF302821FF302821FF302821FF30
310
2821FF302821FF302821FF302821FF302821FF302821FF302821FF302821FF302821FF302821FF302821FF302821FF302821FF302821FF302821FF302821FF302821FF302821FF302821FF302821FF302821FF302821FF302821FF302821FF302821FF302821FF302821FF302821FF302821FF302821FF302821FF302821FF
310
302821FF302821FF302821FF302821FF302821FF302821FF302821FF302821FF302821FF302821FF302821FF302821FF302821FF302821FF302821FF302821FF302821FF302821FF302821FF302821FF302821FF302821FF302821FF302821FF302821FF302821FF302821FF302821FF302821FF302821FF302821FF302821
310
FF302821FF302821FF302821FF302821FF302821FF302821FF302821FF302821FF302821FF302821FF302821FF302821FF302821FF302821FF302821FF302821FF302821FF302821FF302821FF302821FF302821FF302821FF302821FF302821FF302821FF302821FF302821FF302821FF302821FF302821FF302821FF3028
310
21FF302821FF302821FF302821FF302821FF302821FF302821FF302821FF302821FF302821FF302821FF302821FF302821FF302821FF302821FF302821FF302821FF302821FF302821FF302821FF302821FF302821FF302821FF302821FF302821FF302821FF302821FF302821FF302821FF302821FF302821FF302821FF30
310
2821FF302821FF302821FF302821FF302821FF302821FF302821FF302821FF302821FF302821FF302821FF302821FF302821FF302821FF302821FF302821FF302821FF302821FF302821FF302821FF302821FF302821FF302821FF302821FF302821FF302821FF302821FF302821FF302821FF302821FF302821FF302821FF
310
302821FF302821FF302821FF302821FF302821FF302821FF302821FF302821FF302821FF302821FF302821FF302821FF302821FF302821FF302821FF302821FF302821FF302821FF302821FF302821FF302821FF302821FF302821FF302821FF302821FF302821FF302821FF302821FF302821FF302821FF302821FF302821
310
FF302821FF302821FF302821FF302821FF302821FF302821FF302821FF302821FF302821FF302821FF302821FF302821FF302821FF302821FF302821FF302821FF302821FF302821FF302821FF302821FF302821FF302821FF302821FF302821FF302821FF302821FF302821FF302821FF302821FF302821FF302821FF3028
310
21FF302821FF302821FF302821FF302821FF302821FF302821FF302821FF302821FF302821FF302821FF302821FF302821FF302821FF302821FF302821FF302821FF302821FF302821FF302821FF302821FF302821FF302821FF302821FF302821FF302821FF302821FF302821FF302821FF302821FF302821FF302821FF30
310
2821FF302821FF302821FF302821FF302821FF302821FF302821FF302821FF302821FF302821FF302821FF302821FF302821FF302821FF302821FFFFFFFFFFFFFFFFFFFFFFFFFFFFFFFFFFFFFFFFFFFFFFFFFFFFFFFFFFFFFFFFFFFFFFFFFFFFFFFFFFFFFFFFFFFFFFFFFFFFFFFFFFFFFFFFFFFFFFFFFFFFFFFFFFFFFFFFFF
310
FFFFFFFFFFFFFFFFFFFFFFFFFFFFFFFFFFFFFFFFFFFFFFFFFFFFFFFFFFFFFFFFFFFFFFFFFFFFFFFFFFFFFFFFFFFFFFFFFFFFFFFF302821FF302821FFFFFFFFFFFFFFFFFFFFFFFFFFFFFFFFFFFFFFFFFFFFFFFFFFFFFFFFFFFFFFFFFFFFFFFFFFFFFFFFFFFFFFFFFFFFFFFFFFFFFFFFFFFFFFFFFFFFFFFFFFFFFFFFFFFFFFFF
310
FFFFFFFFFFFFFFFFFFFFFFFFFFFFFFFFFFFFFFFFFFFFFFFFFFFFFFFFFFFFFFFFFF302821FF302821FF302821FF302821FFFFFFFFFF302821FF302821FFFFFFFFFFFFFFFFFFFFFFFFFFFFFFFFFFFFFFFFFF302821FF302821FF302821FF302821FF302821FF302821FF302821FFFFFFFFFFFFFFFFFF302821FF302821FF3028
310
21FF302821FF302821FF302821FFFFFFFFFFFFFFFFFFFFFFFFFFFFFFFFFFFFFFFFFF302821FF302821FF302821FFFFFFFFFFFFFFFFFF302821FF302821FFFFFFFFFFFFFFFFFFFFFFFFFFFFFFFFFFFFFFFFFF302821FF302821FF302821FF302821FF302821FF302821FF302821FFFFFFFFFFFFFFFFFFFFFFFFFF302821FF30
310
2821FF302821FF302821FF302821FFFFFFFFFFFFFFFFFFFFFFFFFFFFFFFFFFFFFFFFFF302821FF302821FF302821FFFFFFFFFFFFFFFFFF302821FF302821FFFFFFFFFFFFFFFFFFFFFFFFFFFFFFFFFFFFFFFFFFFFFFFFFFFFFFFFFFFFFFFFFFFFFFFFFFFFFFFFFFFFFFFFFFFFFFFFFFFFFFFFFFFFFFFFFFFFFFFFFFFFFFFFFF
310
FFFFFFFFFFFFFFFFFFFFFFFFFFFFFFFFFFFFFFFFFFFFFFFFFFFFFFFFFFFFFFFFFFFFFFFF302821FF302821FF302821FFFFFFFFFFFFFFFFFF302821FF302821FFFFFFFFFFFFFFFFFFFFFFFFFFFFFFFFFFFFFFFFFFFFFFFFFFFFFFFFFFFFFFFFFFFFFFFFFFFFFFFFFFFFFFFFFFFFFFFFFFFFFFFFFFFFFFFFFFFFFFFFFFFFFFFF
310
FFFFFFFFFFFFFFFFFFFFFFFFFFFFFFFFFFFFFFFFFFFFFFFFFFFFFFFFFFFFFFFFFFFFFFFFFFFFFFFFFFFFFFFFFFFFFFFFFFFFFFFFFFFFFFFFFF302821FF302821FFFFFFFFFF302821FF302821FF302821FF302821FF302821FF302821FF302821FF302821FF302821FF302821FF302821FF302821FF302821FF302821FF3028
310
21FF302821FF302821FF302821FF302821FF302821FF302821FF302821FF302821FFFFFFFFFF302821FF302821FF302821FF302821FF302821FF302821FF302821FFFFFFFFFF302821FF302821FF302821FF302821FF302821FF302821FF302821FF302821FF302821FF302821FF302821FF302821FF302821FF302821FF30
310
2821FF302821FF302821FF302821FF302821FF302821FF302821FF302821FF302821FFFFFFFFFF302821FF302821FF302821FF302821FF302821FF302821FF302821FFFFFFFFFF302821FF302821FF302821FF302821FF302821FF302821FF302821FF302821FF302821FF302821FF302821FF302821FF302821FF302821FF
310
302821FF302821FF302821FF302821FF302821FF302821FF302821FF302821FF302821FFFFFFFFFF302821FF302821FF302821FF302821FF302821FF302821FF302821FFFFFFFFFFFFFFFFFFFFFFFFFFFFFFFFFFFFFFFFFFFFFFFFFFFFFFFFFFFFFFFFFFFFFFFFFFFFFFFFFFFFFFFFFFFFFFFFFFFFFFFFFFFFFFFFFFFFFFFF
310
FFFFFFFFFFFFFFFFFFFFFFFFFFFFFFFFFFFFFFFFFFFFFFFFFFFFFFFFFFFFFFFFFFFFFFFFFFFFFFFFFF302821FF302821FF302821FF302821FF302821FF302821FF302821FF302821FF302821FF302821FF302821FF302821FF302821FF302821FF302821FF302821FF302821FF302821FF302821FF302821FF302821FF3028
310
21FF302821FF302821FF302821FF302821FF302821FF302821FF302821FF302821FF302821FF302821FF302821FF302821FF302821FF302821FF302821FF302821FF302821FF302821FF302821FF302821FF302821FF302821FF302821FF302821FF302821FF302821FF302821FF302821FF302821FF302821FF302821FF30
310
2821FF302821FF302821FF302821FF302821FF302821FF302821FF302821FF302821FF302821FF302821FF302821FF302821FF302821FF302821FF302821FF302821FF302821FF302821FF302821FF302821FF302821FF302821FF302821FF302821FF302821FF302821FF302821FF302821FF302821FF302821FF302821FF
310
302821FF302821FF302821FF302821FF302821FF302821FF302821FF302821FF302821FF302821FF302821FF302821FF302821FF302821FF302821FF302821FF302821FF302821FF302821FF302821FF302821FF302821FF302821FF302821FF302821FF302821FF302821FF302821FF302821FF302821FF302821FF302821
310
FF302821FF302821FF302821FF302821FF302821FF302821FF302821FF302821FF302821FF302821FF302821FF302821FF302821FF302821FF302821FF302821FF302821FF302821FF302821FF302821FF302821FF302821FF302821FF302821FF302821FF302821FF302821FF302821FF302821FF302821FF302821FF3028
310
21FF302821FF302821FF302821FF302821FF302821FF302821FF302821FF302821FF302821FF302821FF302821FF302821FF302821FF302821FF302821FF302821FF302821FF302821FF302821FF302821FF302821FF302821FF302821FF302821FF302821FF302821FF302821FF302821FF302821FF302821FF302821FF30
310
2821FF302821FF302821FF302821FF302821FF302821FF302821FF302821FF302821FF302821FF302821FF302821FF302821FF302821FF302821FF302821FF302821FF302821FF302821FF302821FF302821FF302821FF302821FF302821FF302821FF302821FF302821FF302821FF302821FF302821FF302821FF302821FF
310
302821FF302821FF302821FF302821FF302821FF302821FF302821FF302821FF302821FF302821FF302821FF302821FF302821FF302821FF302821FF302821FF302821FF302821FF302821FF302821FF302821FF302821FF302821FF302821FF302821FF302821FF302821FF302821FF302821FF302821FF302821FF302821
310
FF302821FF302821FF302821FF302821FF302821FF302821FF302821FF302821FF302821FF302821FF302821FF302821FF302821FF302821FF302821FF302821FF302821FF302821FF302821FF302821FF302821FF302821FF302821FF302821FF302821FF302821FF302821FF302821FF302821FF302821FF302821FF3028
310
21FF302821FF302821FF302821FF302821FF302821FF302821FF302821FF302821FF302821FF302821FF302821FF302821FF302821FF302821FF302821FF302821FF302821FF302821FF302821FF302821FF302821FF302821FF302821FF302821FF302821FF302821FF302821FF302821FF302821FF302821FF302821FF30
310
2821FF302821FF302821FF302821FF302821FF302821FF302821FF302821FF302821FF302821FF302821FF302821FF302821FF302821FF302821FF302821FF302821FF302821FF302821FF302821FF302821FF302821FF302821FF302821FF302821FF302821FF302821FF302821FF302821FF302821FF302821FF302821FF
310
302821FF302821FF302821FF302821FF302821FF302821FF302821FF302821FF302821FF302821FF302821FF302821FF302821FF302821FF302821FF302821FF302821FF302821FF
102
{BLKREFS
331
10A05
331
10A2D
331
10A3A
331
10A96
331
10B2C
331
6A85
331
6A93
102
}
 70
     1
280
     0
281
     0
1001
AcDbDynamicBlockGUID
1000
{584E22F1-026C-0D40-BC6D-2C59C7D25985}
  0
BLOCK_RECORD
  5
435
102
{ACAD_XDICTIONARY
360
436
102
}
330
1
100
AcDbSymbolTableRecord
100
AcDbBlockTableRecord
  2
T3
340
0
310
2800000020000000200000000100200000000000001000000100000001000000000000000000000001000000302821FF302821FF302821FF302821FF302821FF302821FF302821FF302821FF302821FF302821FF302821FF302821FF302821FF302821FF302821FF302821FF302821FF302821FF302821FF302821FF302821
310
FF302821FF302821FF302821FF302821FF302821FF302821FF302821FF302821FF302821FF302821FF302821FF302821FF302821FF302821FF302821FF302821FF302821FF302821FF302821FF302821FF302821FF302821FF302821FF302821FF302821FF302821FF302821FF302821FF302821FF302821FF302821FF3028
310
21FF302821FF302821FF302821FF302821FF302821FF302821FF302821FF302821FF302821FF302821FF302821FF302821FF302821FF302821FF302821FF302821FF302821FF302821FF302821FF302821FF302821FF302821FF302821FF302821FF302821FF302821FF302821FF302821FF302821FF302821FF302821FF30
310
2821FF302821FF302821FF302821FF302821FF302821FF302821FF302821FF302821FF302821FF302821FF302821FF302821FF302821FF302821FF302821FF302821FF302821FF302821FF302821FF302821FF302821FF302821FF302821FF302821FF302821FF302821FF302821FF302821FF302821FF302821FF302821FF
310
302821FF302821FF302821FF302821FF302821FF302821FF302821FF302821FF302821FF302821FF302821FF302821FF302821FF302821FF302821FF302821FF302821FF302821FF302821FF302821FF302821FF302821FF302821FF302821FF302821FF302821FF302821FF302821FF302821FF302821FF302821FF302821
310
FF302821FF302821FF302821FF302821FF302821FF302821FF302821FF302821FF302821FF302821FF302821FF302821FF302821FF302821FF302821FF302821FF302821FF302821FF302821FF302821FF302821FF302821FF302821FF302821FF302821FF302821FF302821FF302821FF302821FF302821FF302821FF3028
310
21FF302821FF302821FF302821FF302821FF302821FF302821FF302821FF302821FF302821FF302821FF302821FF302821FF302821FF302821FF302821FF302821FF302821FF302821FF302821FF302821FF302821FF302821FFFFFFFFFFFFFFFFFFFFFFFFFFFFFFFFFFFFFFFFFFFFFFFFFFFFFFFFFFFFFFFFFFFFFFFFFFFF
310
FFFFFFFFFFFFFFFFFFFFFFFFFFFFFFFFFFFFFFFFFFFFFFFFFFFFFFFFFFFFFFFFFFFFFFFFFFFFFFFFFFFFFFFFFFFFFF302821FF302821FF302821FF302821FF302821FF302821FF302821FF302821FF302821FF302821FF302821FFFFFFFFFFFFFFFFFFFFFFFFFFFFFFFFFFFFFFFFFFFFFFFFFF302821FF302821FF302821FF
310
302821FF302821FF302821FF302821FF302821FF302821FF302821FF302821FF302821FF302821FFFFFFFFFF302821FF302821FF302821FF302821FF302821FF302821FF302821FF302821FF302821FF302821FF302821FF302821FFFFFFFFFFFFFFFFFFFFFFFFFFFFFFFFFFFFFFFFFFFFFFFFFF302821FF302821FF302821
310
FF302821FF302821FF302821FF302821FF302821FF302821FF302821FF302821FF302821FF302821FFFFFFFFFF302821FF302821FF302821FF302821FF302821FF302821FF302821FF302821FF302821FF302821FF302821FF302821FFFFFFFFFFFFFFFFFFFFFFFFFFFFFFFFFFFFFFFFFFFFFFFFFF302821FF302821FF3028
310
21FF302821FF302821FF302821FF302821FF302821FF302821FF302821FF302821FF302821FF302821FFFFFFFFFF302821FF302821FF302821FF302821FF302821FF302821FF302821FF302821FF302821FF302821FF302821FF302821FFFFFFFFFFFFFFFFFFFFFFFFFFFFFFFFFFFFFFFFFFFFFFFFFF302821FF302821FF30
310
2821FF302821FF302821FF302821FF302821FF302821FF302821FF302821FF302821FF302821FF302821FFFFFFFFFF302821FF302821FF302821FF302821FF302821FF302821FF302821FF302821FF302821FF302821FF302821FF302821FFFFFFFFFF302821FF302821FF302821FF302821FFFFFFFFFF302821FF302821FF
310
302821FF302821FF302821FF302821FF302821FF302821FF302821FF302821FF302821FF302821FF302821FFFFFFFFFF302821FF302821FF302821FF302821FF302821FF302821FF302821FF302821FF302821FF302821FF302821FF302821FFFFFFFFFFFFFFFFFF302821FF302821FFFFFFFFFFFFFFFFFF302821FF302821
310
FF302821FF302821FF302821FF302821FF302821FF302821FF302821FF302821FF302821FF302821FF302821FFFFFFFFFF302821FF302821FF302821FF302821FF302821FF302821FF302821FF302821FF302821FF302821FF302821FF302821FFFFFFFFFFFFFFFFFF302821FF302821FFFFFFFFFFFFFFFFFF302821FF3028
310
21FF302821FF302821FF302821FF302821FF302821FF302821FF302821FF302821FF302821FF302821FF302821FFFFFFFFFF302821FF302821FF302821FF302821FF302821FF302821FF302821FF302821FF302821FF302821FFFFFFFFFF302821FFFFFFFFFFFFFFFFFF302821FF302821FFFFFFFFFFFFFFFFFF302821FFFF
310
FFFFFFFFFFFFFF302821FF302821FF302821FF302821FF302821FF302821FF302821FF302821FF302821FF302821FFFFFFFFFF302821FF302821FF302821FFFFFFFFFFFFFFFFFFFFFFFFFFFFFFFFFFFFFFFFFFFFFFFFFFFFFFFFFFFFFFFFFFFFFFFFFFFFFFFFFFFFFFFFFF302821FF302821FFFFFFFFFFFFFFFFFFFFFFFFFF
310
302821FFFFFFFFFFFFFFFFFFFFFFFFFFFFFFFFFFFFFFFFFFFFFFFFFFFFFFFFFF302821FF302821FF302821FF302821FFFFFFFFFF302821FF302821FF302821FFFFFFFFFFFFFFFFFFFFFFFFFFFFFFFFFFFFFFFFFF302821FF302821FFFFFFFFFFFFFFFFFFFFFFFFFFFFFFFFFFFFFFFFFFFFFFFFFFFFFFFFFFFFFFFFFFFFFFFF
310
FFFFFFFFFFFFFFFFFF302821FFFFFFFFFFFFFFFFFFFFFFFFFFFFFFFFFFFFFFFFFF302821FF302821FF302821FF302821FFFFFFFFFF302821FF302821FF302821FFFFFFFFFFFFFFFFFFFFFFFFFFFFFFFFFFFFFFFFFF302821FF302821FF302821FF302821FF302821FF302821FFFFFFFFFFFFFFFFFFFFFFFFFF302821FF3028
310
21FF302821FF302821FF302821FFFFFFFFFFFFFFFFFFFFFFFFFFFFFFFFFFFFFFFFFF302821FF302821FF302821FF302821FFFFFFFFFF302821FF302821FF302821FFFFFFFFFFFFFFFFFFFFFFFFFFFFFFFFFFFFFFFFFF302821FF302821FF302821FF302821FF302821FFFFFFFFFFFFFFFFFFFFFFFFFFFFFFFFFF302821FF30
310
2821FF302821FF302821FF302821FFFFFFFFFFFFFFFFFFFFFFFFFFFFFFFFFFFFFFFFFF302821FF302821FF302821FF302821FFFFFFFFFF302821FF302821FF302821FFFFFFFFFF302821FF302821FF302821FFFFFFFFFF302821FF302821FFFFFFFFFFFFFFFFFFFFFFFFFFFFFFFFFFFFFFFFFFFFFFFFFFFFFFFFFFFFFFFFFF
310
FFFFFFFFFFFFFFFFFFFFFFFF302821FFFFFFFFFF302821FF302821FF302821FFFFFFFFFF302821FF302821FF302821FF302821FFFFFFFFFF302821FF302821FF302821FFFFFFFFFFFFFFFFFFFFFFFFFFFFFFFFFFFFFFFFFFFFFFFFFFFFFFFFFFFFFFFFFFFFFFFFFFFFFFFFFFFFFFFFFFFFFFFFFFFFFFFFFFFFFFFFFFFFFFFF
310
FFFFFFFFFFFFFFFFFFFFFFFFFFFFFFFFFFFFFFFFFFFFFFFFFFFFFFFFFFFFFFFFFFFFFFFFFFFFFFFFFFFFFFFFFFFFFFFFFFFFFFFFFFFFFFFFFFFFFFFFFF302821FF302821FFFFFFFFFF302821FF302821FF302821FF302821FF302821FF302821FF302821FF302821FF302821FF302821FF302821FF302821FF302821FF3028
310
21FF302821FF302821FF302821FF302821FF302821FF302821FF302821FF302821FFFFFFFFFF302821FF302821FF302821FF302821FF302821FF302821FF302821FF302821FFFFFFFFFF302821FF302821FF302821FF302821FF302821FF302821FF302821FF302821FF302821FF302821FF302821FF302821FF302821FF30
310
2821FF302821FF302821FF302821FF302821FF302821FF302821FF302821FF302821FFFFFFFFFF302821FF302821FF302821FF302821FF302821FF302821FF302821FF302821FFFFFFFFFF302821FF302821FF302821FF302821FF302821FF302821FF302821FF302821FF302821FF302821FF302821FF302821FF302821FF
310
302821FF302821FF302821FF302821FF302821FF302821FF302821FF302821FF302821FFFFFFFFFF302821FF302821FF302821FF302821FF302821FF302821FF302821FF302821FFFFFFFFFFFFFFFFFFFFFFFFFFFFFFFFFFFFFFFFFFFFFFFFFFFFFFFFFFFFFFFFFFFFFFFFFFFFFFFFFFFFFFFFFFFFFFFFFFFFFFFFFFFFFFFF
310
FFFFFFFFFFFFFFFFFFFFFFFFFFFFFFFFFFFFFFFFFFFFFFFFFFFFFFFFFFFFFFFFFFFFFFFFFFFFFFFFFF302821FF302821FF302821FF302821FF302821FF302821FF302821FF302821FF302821FF302821FF302821FF302821FF302821FF302821FF302821FF302821FF302821FF302821FFFFFFFFFFFFFFFFFFFFFFFFFFFFFF
310
FFFF302821FF302821FF302821FF302821FF302821FF302821FF302821FF302821FF302821FF302821FF302821FF302821FF302821FF302821FF302821FF302821FF302821FF302821FF302821FF302821FF302821FF302821FF302821FF302821FF302821FF302821FF302821FF302821FF302821FF302821FF302821FF30
310
2821FF302821FF302821FF302821FF302821FF302821FF302821FF302821FF302821FF302821FF302821FF302821FF302821FF302821FF302821FF302821FF302821FF302821FF302821FF302821FF302821FF302821FF302821FF302821FF302821FF302821FF302821FF302821FF302821FF302821FF302821FF302821FF
310
302821FF302821FF302821FF302821FF302821FF302821FF302821FF302821FF302821FF302821FF302821FF302821FF302821FF302821FF302821FF302821FF302821FF302821FF302821FF302821FF302821FF302821FF302821FF302821FF302821FF302821FF302821FF302821FF302821FF302821FF302821FF302821
310
FF302821FF302821FF302821FF302821FF302821FF302821FF302821FF302821FF302821FF302821FF302821FF302821FF302821FF302821FF302821FF302821FF302821FF302821FF302821FF302821FF302821FF302821FF302821FF302821FF302821FF302821FF302821FF302821FF302821FF302821FF302821FF3028
310
21FF302821FF302821FF302821FF302821FF302821FF302821FF302821FF302821FF302821FF302821FF302821FF302821FF302821FF302821FF302821FF302821FF302821FF302821FF302821FF302821FF302821FF302821FF302821FF302821FF302821FF302821FF302821FF302821FF302821FF302821FF302821FF30
310
2821FF302821FF302821FF302821FF302821FF302821FF302821FF302821FF302821FF302821FF302821FF302821FF302821FF302821FF302821FF302821FF302821FF302821FF302821FF302821FF302821FF302821FF302821FF302821FF302821FF302821FF302821FF302821FF302821FF302821FF302821FF302821FF
310
302821FF302821FF302821FF302821FF302821FF302821FF302821FF302821FF302821FF302821FF302821FF302821FF302821FF302821FF302821FF302821FF302821FF302821FF
102
{BLKREFS
331
10A2C
331
10A39
331
10A5D
331
10A95
331
10B2B
331
6A64
331
6A8B
102
}
 70
     1
280
     0
281
     0
1001
AcDbDynamicBlockGUID
1000
{619DB08F-928F-6240-BE4B-CF284F06CF8C}
  0
BLOCK_RECORD
  5
676
330
1
100
AcDbSymbolTableRecord
100
AcDbBlockTableRecord
  2
防尘塞
340
0
102
{BLKREFS
331
BF9
102
}
 70
     4
280
     1
281
     0
  0
BLOCK_RECORD
  5
699
330
1
100
AcDbSymbolTableRecord
100
AcDbBlockTableRecord
  2
防尘塞2
340
0
102
{BLKREFS
331
CDE
102
}
 70
     4
280
     1
281
     0
  0
BLOCK_RECORD
  5
6D1
330
1
100
AcDbSymbolTableRecord
100
AcDbBlockTableRecord
  2
4
340
0
310
28000000200000002000000001002000000000000010000001000000010000000000000000000000302821FF302821FF302821FF302821FF302821FF302821FF302821FF302821FF302821FF302821FF302821FF302821FF302821FF302821FF302821FF302821FF302821FF302821FF302821FF302821FF302821FF302821
310
FF302821FF302821FF302821FF302821FF302821FF302821FF302821FF302821FF302821FF302821FF302821FF302821FF302821FF302821FF302821FF302821FF302821FF302821FF302821FF302821FF302821FFFFFFFFFFFFFFFFFFFFFFFFFFFFFFFFFFFFFFFFFFFFFFFFFFFFFFFFFFFFFFFFFFFFFFFFFFFFFFFFFF3028
310
21FF302821FF302821FF302821FF302821FF302821FF302821FF302821FF302821FF302821FF302821FF302821FF302821FF302821FF302821FF302821FF302821FF302821FF302821FF302821FF302821FF302821FFFFFFFFFFFFFFFFFFFFFFFFFFFFFFFFFF302821FF302821FFFFFFFFFFFFFFFFFFFFFFFFFFFFFFFFFF30
310
2821FF302821FF302821FF302821FF302821FF302821FF302821FF302821FF302821FF302821FF302821FF302821FF302821FF302821FF302821FF302821FF302821FF302821FF302821FF302821FF302821FF302821FFFFFFFFFFFFFFFFFFFFFFFFFFFFFFFFFF302821FF302821FFFFFFFFFFFFFFFFFFFFFFFFFFFFFFFFFF
310
302821FF302821FF302821FF302821FF302821FF302821FF302821FF302821FF302821FF302821FF302821FF302821FF302821FF302821FF302821FF302821FF302821FF302821FF302821FF302821FF302821FF302821FFFFFFFFFFFFFFFFFFFFFFFFFFFFFFFFFFFFFFFFFFFFFFFFFFFFFFFFFFFFFFFFFFFFFFFFFFFFFFFF
310
FF302821FF302821FF302821FF302821FF302821FF302821FF302821FF302821FF302821FF302821FF302821FF302821FF302821FF302821FF302821FF302821FF302821FF302821FF302821FF302821FF302821FF302821FFFFFFFFFFFFFFFFFFFFFFFFFFFFFFFFFFFFFFFFFFFFFFFFFFFFFFFFFFFFFFFFFFFFFFFFFFFFFF
310
FFFF302821FF302821FF302821FF302821FF302821FF302821FF302821FF302821FF302821FF302821FF302821FF302821FF302821FF302821FF302821FF302821FF302821FF302821FF302821FF302821FF302821FF302821FF302821FF302821FFFFFFFFFFFFFFFFFFFFFFFFFFFFFFFFFFFFFFFFFFFFFFFFFF302821FF30
310
2821FF302821FF302821FF302821FF302821FF302821FF302821FF302821FF302821FF302821FF302821FF302821FF302821FF302821FF302821FF302821FF302821FF302821FF302821FF302821FF302821FF302821FF302821FF302821FF302821FFFFFFFFFFFFFFFFFFFFFFFFFFFFFFFFFFFFFFFFFFFFFFFFFF302821FF
310
302821FF302821FF302821FF302821FF302821FF302821FF302821FF302821FF302821FF302821FF302821FF302821FF302821FF302821FF302821FF302821FF302821FF302821FF302821FF302821FF302821FF302821FF302821FFFFFFFFFFFFFFFFFFFFFFFFFFFFFFFFFFFFFFFFFFFFFFFFFFFFFFFFFFFFFFFFFFFFFFFF
310
FFFFFFFFFF302821FF302821FF302821FF302821FF302821FF302821FF302821FF302821FF302821FF302821FF302821FF302821FF302821FF302821FF302821FF302821FF302821FF302821FF302821FF302821FF302821FF302821FFFFFFFFFFFFFFFFFFFFFFFFFFFFFFFFFFFFFFFFFFFFFFFFFFFFFFFFFFFFFFFFFFFFFF
310
FFFFFFFFFFFF302821FF302821FF302821FF302821FF302821FF302821FF302821FF302821FF302821FF302821FF302821FF302821FF302821FF302821FF302821FF302821FF302821FF302821FF302821FF302821FF302821FF302821FFFFFFFFFFFFFFFFFFFFFFFFFFFFFFFFFFFFFFFFFFFFFFFFFFFFFFFFFFFFFFFFFFFF
310
FFFFFFFFFFFFFF302821FF302821FF302821FF302821FF302821FF302821FF302821FF302821FF302821FF302821FF302821FF302821FF302821FF302821FF302821FF302821FF302821FF302821FF302821FF302821FF302821FF302821FFFFFFFFFFFFFFFFFFFFFFFFFFFFFFFFFF302821FF302821FFFFFFFFFFFFFFFFFF
310
FFFFFFFFFFFFFFFF302821FF302821FF302821FF302821FF302821FF302821FF302821FF302821FF302821FF302821FF302821FF302821FF302821FF302821FF302821FF302821FF302821FF302821FF302821FF302821FF302821FF302821FFFFFFFFFFFFFFFFFFFFFFFFFFFFFFFFFF302821FF302821FFFFFFFFFFFFFFFF
310
FFFFFFFFFFFFFFFFFF302821FF302821FF302821FF302821FF302821FF302821FF302821FF302821FF302821FF302821FF302821FF302821FF302821FF302821FF302821FF302821FF302821FF302821FF302821FF302821FF302821FF302821FFFFFFFFFFFFFFFFFFFFFFFFFFFFFFFFFFFFFFFFFFFFFFFFFFFFFFFFFFFFFF
310
FFFFFFFFFFFFFFFFFFFF302821FF302821FF302821FF302821FF302821FF302821FF302821FF302821FF302821FF302821FF302821FF302821FF302821FF302821FF302821FF302821FF302821FF302821FF302821FF302821FF302821FF302821FFFFFFFFFFFFFFFFFFFFFFFFFFFFFFFFFFFFFFFFFFFFFFFFFFFFFFFFFFFF
310
FFFFFFFFFFFFFFFFFFFFFF302821FF302821FF302821FF302821FF302821FF302821FF302821FF302821FF302821FF302821FF302821FF302821FF302821FF302821FF302821FF302821FF302821FF302821FF302821FF302821FF302821FF302821FFFFFFFFFFFFFFFFFFFFFFFFFF302821FF302821FF302821FF302821FF
310
FFFFFFFFFFFFFFFFFFFFFFFF302821FF302821FF302821FF302821FF302821FF302821FF302821FF302821FF302821FF302821FF302821FF302821FF302821FF302821FF302821FF302821FF302821FF302821FF302821FF302821FF302821FF302821FFFFFFFFFFFFFFFFFFFFFFFFFFFFFFFFFFFFFFFFFFFFFFFFFFFFFFFF
310
FFFFFFFFFFFFFFFFFFFFFFFFFF302821FF302821FF302821FF302821FF302821FF302821FF302821FF302821FF302821FF302821FF302821FF302821FF302821FF302821FF302821FF302821FF302821FF302821FF302821FF302821FF302821FF302821FFFFFFFFFFFFFFFFFFFFFFFFFFFFFFFFFFFFFFFFFFFFFFFFFFFFFF
310
FFFF302821FFFFFFFFFFFFFFFFFF302821FF302821FF302821FF302821FF302821FF302821FF302821FF302821FF302821FF302821FF302821FF302821FF302821FF302821FF302821FF302821FF302821FF302821FF302821FF302821FF302821FF302821FFFFFFFFFFFFFFFFFFFFFFFFFFFFFFFFFFFFFFFFFFFFFFFFFFFF
310
FFFFFFFFFFFFFFFFFFFFFFFFFFFFFF302821FF302821FF302821FF302821FF302821FF302821FF302821FF302821FF302821FF302821FF302821FF302821FF302821FF302821FF302821FF302821FF302821FF302821FF302821FF302821FF302821FF302821FFFFFFFFFFFFFFFFFFFFFFFFFFFFFFFFFFFFFFFFFFFFFFFFFF
310
FFFFFFFFC0C0C0FFC0C0C0FFFFFFFFFF302821FF302821FF302821FF302821FF302821FF302821FF302821FF302821FF302821FF302821FF302821FF302821FF302821FF302821FF302821FF302821FF302821FF302821FF302821FF302821FF302821FF302821FFFFFFFFFFC0C0C0FFC0C0C0FFC0C0C0FFC0C0C0FFC0C0C0
310
FFFFFFFFFFFFFFFFFFFFFFFFFFFFFFFFFF302821FF302821FF302821FF302821FF302821FF302821FF302821FF302821FF302821FF302821FF302821FF302821FF302821FF302821FF302821FF302821FF302821FF302821FF302821FF302821FF302821FF302821FFFFFFFFFF302821FF302821FF302821FF302821FF3028
310
21FF302821FF302821FF302821FFFFFFFFFF302821FF302821FF302821FF302821FF302821FF302821FF302821FF302821FF302821FF302821FF302821FF302821FF302821FF302821FF302821FF302821FF302821FF302821FF302821FF302821FF302821FF302821FFFFFFFFFF302821FF302821FF302821FF302821FF30
310
2821FF302821FF302821FF302821FFFFFFFFFF302821FF302821FF302821FF302821FF302821FF302821FF302821FF302821FF302821FF302821FF302821FF302821FF302821FF302821FF302821FF302821FF302821FF302821FF302821FF302821FF302821FF302821FFFFFFFFFF302821FF302821FF302821FF302821FF
310
302821FF302821FF302821FF302821FFFFFFFFFF302821FF302821FF302821FF302821FF302821FF302821FF302821FF302821FF302821FF302821FF302821FF302821FF302821FF302821FF302821FF302821FF302821FF302821FF302821FF302821FF302821FF302821FFFFFFFFFF302821FF302821FF302821FF302821
310
FF302821FF302821FF302821FF302821FFFFFFFFFF302821FF302821FF302821FF302821FF302821FF302821FF302821FF302821FF302821FF302821FF302821FF302821FF302821FF302821FF302821FF302821FF302821FF302821FF302821FF302821FF302821FF302821FFFFFFFFFF302821FF302821FF302821FF3028
310
21FF302821FF302821FF302821FF302821FFFFFFFFFF302821FF302821FF302821FF302821FF302821FF302821FF302821FF302821FF302821FF302821FF302821FF302821FF302821FF302821FF302821FF302821FF302821FF302821FF302821FF302821FF302821FF302821FFFFFFFFFF302821FF302821FF302821FF30
310
2821FF302821FF302821FF302821FF302821FFFFFFFFFF302821FF302821FF302821FF302821FF302821FF302821FF302821FF302821FF302821FF302821FF302821FF302821FF302821FF302821FF302821FF302821FF302821FF302821FF302821FF302821FF302821FF302821FFFFFFFFFF302821FF302821FF302821FF
310
302821FF302821FF302821FF302821FF302821FFFFFFFFFF302821FF302821FF302821FF302821FF302821FF302821FF302821FF302821FF302821FF302821FF302821FF302821FF302821FF302821FF302821FF302821FF302821FF302821FF302821FF302821FF302821FF302821FFFFFFFFFFC0C0C0FFC0C0C0FFC0C0C0
310
FFC0C0C0FFC0C0C0FFC0C0C0FFC0C0C0FFC0C0C0FFFFFFFFFF302821FF302821FF302821FF302821FF302821FF302821FF302821FF302821FF302821FF302821FF302821FF302821FF302821FF302821FF302821FF302821FF302821FF302821FF302821FF302821FF302821FF302821FFFFFFFFFFFFFFFFFF302821FF3028
310
21FF302821FF302821FF302821FF302821FFFFFFFFFFFFFFFFFF302821FF302821FF302821FF302821FF302821FF302821FF302821FF302821FF302821FF302821FF302821FF302821FF302821FF302821FF302821FF302821FF302821FF302821FF302821FF302821FF302821FF302821FF302821FFFFFFFFFFFFFFFFFFFF
310
FFFFFFFFFFFFFFFFFFFFFFFFFFFFFFFFFFFFFFFFFFFFFF302821FF302821FF302821FF302821FF302821FF302821FF302821FF302821FF302821FF302821FF302821FF302821FF302821FF302821FF302821FF302821FF302821FF302821FF302821FF302821FF302821FF302821FF302821FF302821FF302821FF302821FF
310
302821FF302821FF302821FF302821FF302821FF302821FF302821FF302821FF302821FF302821FF302821FF302821FF302821FF302821FF302821FF302821FF302821FF302821FF
102
{BLKREFS
331
10A22
331
10A32
331
10A3F
331
10A9B
331
10B31
331
6A86
331
6A99
331
6AA5
102
}
 70
     0
280
     1
281
     0
1001
AcDbDynamicBlockGUID
1000
{B1ABD6BF-7709-F846-9383-2ED75E1BC838}
  0
BLOCK_RECORD
  5
BF6
330
1
100
AcDbSymbolTableRecord
100
AcDbBlockTableRecord
  2
防尘塞短
340
0
102
{BLKREFS
331
10A23
331
10A33
331
10A40
331
10A9C
331
10B32
331
6A87
331
6A9A
331
6AA6
102
}
 70
     4
280
     1
281
     0
  0
BLOCK_RECORD
  5
BFB
330
1
100
AcDbSymbolTableRecord
100
AcDbBlockTableRecord
  2
A$C45091238
340
0
102
{BLKREFS
331
10A60
331
10AB9
331
10B8F
331
6A6C
331
6A71
331
6A7F
102
}
 70
     0
280
     1
281
     0
1001
AcDbDynamicBlockGUID
1000
{3411FCF6-0F0C-C748-B7D8-3B30251C3EE0}
  0
BLOCK_RECORD
  5
CDC
330
1
100
AcDbSymbolTableRecord
100
AcDbBlockTableRecord
  2
防尘塞长
340
0
102
{BLKREFS
331
10A61
331
10ABA
331
10B90
331
6A6D
331
6A72
331
6A80
102
}
 70
     4
280
     1
281
     0
  0
BLOCK_RECORD
  5
CE1
330
1
100
AcDbSymbolTableRecord
100
AcDbBlockTableRecord
  2
CU - AL
340
0
310
28000000200000002000000001002000000000000010000001000000010000000000000000000000302821FF302821FF302821FF302821FF302821FF302821FF302821FF302821FF302821FF302821FF302821FF302821FF302821FF302821FF302821FF302821FF302821FF302821FF302821FF302821FF302821FF302821
310
FF302821FF302821FF302821FF302821FF302821FF302821FF302821FF302821FF302821FF302821FF302821FF302821FF302821FF302821FF302821FF302821FF302821FF302821FF302821FF302821FF302821FF302821FF302821FF302821FF302821FF302821FF302821FF302821FF302821FF302821FF302821FF3028
310
21FF302821FF302821FF302821FF302821FF302821FF302821FF302821FF302821FF302821FF302821FF302821FF302821FF302821FF302821FF302821FF302821FF302821FF302821FF302821FF302821FF302821FF302821FF302821FF302821FF302821FF302821FF302821FF302821FF302821FF302821FF302821FF30
310
2821FF302821FF302821FF302821FF302821FF302821FF302821FF302821FF302821FF302821FF302821FF302821FF302821FF302821FF302821FF302821FF302821FF302821FF302821FF302821FF302821FF302821FF302821FF302821FF302821FF302821FF302821FF302821FF302821FF302821FF302821FF302821FF
310
302821FF302821FF302821FF302821FF302821FF302821FF302821FF302821FF302821FF302821FF302821FF302821FF302821FF302821FF302821FF302821FF302821FF302821FF302821FF302821FF302821FF302821FF302821FF302821FF302821FF302821FF302821FF302821FF302821FF302821FF302821FF302821
310
FF302821FF302821FF302821FF302821FF302821FF302821FF302821FF302821FF302821FF302821FF302821FF302821FF302821FF302821FF302821FF302821FF302821FF302821FF302821FF302821FF302821FF302821FF302821FF302821FF302821FF302821FF302821FF302821FF302821FF302821FF302821FF3028
310
21FF302821FF302821FF302821FF302821FF302821FF302821FF302821FF302821FF302821FF302821FF302821FF302821FF302821FF302821FF302821FF302821FF302821FF302821FF302821FF302821FF302821FF302821FF302821FF302821FF302821FF302821FF302821FF302821FF302821FF302821FF302821FF30
310
2821FF302821FF302821FF302821FF302821FF302821FF302821FF302821FF302821FF302821FF302821FF302821FF302821FF302821FF302821FF302821FF302821FF302821FF302821FF302821FF302821FF302821FF302821FF302821FF302821FF302821FF302821FF302821FF302821FF302821FF302821FF302821FF
310
302821FF302821FF302821FF302821FF302821FF302821FF302821FF302821FF302821FF302821FF302821FF302821FF302821FF302821FF302821FF302821FF302821FF302821FF302821FF302821FF302821FF302821FF302821FF302821FF302821FF302821FF302821FF302821FF302821FF302821FF302821FF302821
310
FF302821FF302821FF302821FF302821FF302821FF302821FF302821FF302821FF302821FF302821FF302821FF302821FF302821FF302821FF302821FF302821FF302821FF302821FF302821FF302821FF302821FF302821FF302821FF302821FF302821FF302821FF302821FF302821FF302821FF302821FF302821FF3028
310
21FF302821FF302821FF302821FF302821FF302821FF302821FF302821FF302821FF302821FF302821FF302821FF302821FF302821FF302821FF302821FF302821FF302821FF302821FF302821FF302821FF302821FF302821FF302821FF302821FF302821FF302821FF302821FF302821FF302821FF302821FF302821FF30
310
2821FF302821FF302821FF302821FF302821FF302821FF302821FF302821FF302821FF302821FF302821FF302821FF302821FF302821FF302821FF302821FF302821FF000000FF000000FF000000FF000000FF000000FF000000FF000000FF000000FF000000FF000000FF000000FF000000FF000000FF000000FF000000FF
310
000000FF000000FF000000FF000000FF000000FF000000FF000000FF000000FF000000FF302821FF302821FF302821FF302821FF302821FF000000FF000000FF000000FF000000FF000000FF000000FF000000FF000000FF000000FF000000FF000000FF000000FF000000FF000000FF000000FF000000FF000000FF000000
310
FF000000FF000000FF000000FF000000FF000000FF000000FF000000FF000000FF000000FF000000FFFFFFFFFFFFFFFFFF302821FF302821FF000000FF000000FF000000FF000000FFFFFFFFFF000000FFFFFFFFFFFFFFFFFFFFFFFFFF000000FF000000FF000000FF000000FF000000FF000000FF000000FF000000FF0000
310
00FF000000FF000000FF000000FFFFFFFFFFFFFFFFFFFFFFFFFF000000FFFFFFFFFF000000FF000000FF000000FFFFFFFFFF302821FF302821FF000000FF000000FF000000FF000000FFFFFFFFFF000000FFFFFFFFFFFFFFFFFFFFFFFFFFFFFFFFFF000000FF000000FF000000FF000000FF000000FF000000FF000000FF00
310
0000FF000000FF000000FFFFFFFFFFFFFFFFFFFFFFFFFFFFFFFFFF000000FFFFFFFFFF000000FF000000FF000000FFFFFFFFFF302821FF302821FF000000FF000000FF000000FF000000FF000000FF000000FF000000FF000000FF000000FF000000FF000000FF000000FF000000FF000000FF000000FF000000FF000000FF
310
000000FF000000FF000000FF000000FF000000FF000000FF000000FF000000FF000000FF000000FF000000FF000000FF000000FF302821FF302821FF302821FF302821FF302821FF000000FF000000FF000000FF000000FF000000FF000000FF000000FF000000FF000000FF000000FF000000FF000000FF000000FF000000
310
FF000000FF000000FF000000FF000000FF000000FF000000FF000000FF000000FF000000FF000000FF302821FF302821FF302821FF302821FF302821FF302821FF302821FF302821FF302821FF302821FF302821FF302821FF302821FF302821FF302821FF302821FF302821FF302821FF302821FF302821FF302821FF3028
310
21FF302821FF302821FF302821FF302821FF302821FF302821FF302821FF302821FF302821FF302821FF302821FF302821FF302821FF302821FF302821FF302821FF302821FF302821FF302821FF302821FF302821FF302821FF302821FF302821FF302821FF302821FF302821FF302821FF302821FF302821FF302821FF30
310
2821FF302821FF302821FF302821FF302821FF302821FF302821FF302821FFFFFFFFFF302821FF302821FF302821FF302821FF302821FF302821FF302821FF302821FF302821FF302821FF302821FF302821FF302821FF302821FF302821FF302821FF302821FF302821FF302821FF302821FF302821FF302821FF302821FF
310
302821FF302821FF302821FF302821FF302821FF302821FF302821FF302821FFFFFFFFFF302821FF302821FF302821FF302821FF302821FF302821FF302821FF302821FF302821FF302821FF302821FF302821FF302821FF302821FF302821FF302821FF302821FF302821FF302821FF302821FF302821FF302821FF302821
310
FF302821FF302821FF302821FF302821FF302821FF302821FF302821FF302821FFFFFFFFFF302821FF302821FF302821FF302821FF302821FF302821FF302821FF302821FF302821FF302821FF302821FF302821FF302821FF302821FF302821FF302821FF302821FF302821FF302821FF302821FF302821FF302821FF3028
310
21FF302821FF302821FF302821FF302821FF302821FF302821FF302821FF302821FF302821FF302821FF302821FF302821FF302821FF302821FF302821FF302821FF302821FF302821FF302821FF302821FF302821FF302821FF302821FF302821FF302821FF302821FF302821FF302821FF302821FF302821FF302821FF30
310
2821FF302821FF302821FF302821FF302821FF302821FF302821FF302821FF302821FF302821FF302821FF302821FF302821FF302821FF302821FF302821FF302821FF302821FF302821FF302821FF302821FF302821FF302821FF302821FF302821FF302821FF302821FF302821FF302821FF302821FF302821FF302821FF
310
302821FF302821FF302821FF302821FF302821FF302821FF302821FF302821FF302821FF302821FF302821FF302821FF302821FF302821FF302821FF302821FF302821FF302821FF302821FF302821FF302821FF302821FF302821FF302821FF302821FF302821FF302821FF302821FF302821FF302821FF302821FF302821
310
FF302821FF302821FF302821FF302821FF302821FF302821FF302821FF302821FF302821FF302821FF302821FF302821FF302821FF302821FF302821FF302821FF302821FF302821FF302821FF302821FF302821FF302821FF302821FF302821FF302821FF302821FF302821FF302821FF302821FF302821FF302821FF3028
310
21FF302821FF302821FF302821FF302821FF302821FF302821FF302821FF302821FF302821FF302821FF302821FF302821FF302821FF302821FF302821FF302821FF302821FF302821FF302821FF302821FF302821FF302821FF302821FF302821FF302821FF302821FF302821FF302821FF302821FF302821FF302821FF30
310
2821FF302821FF302821FF302821FF302821FF302821FF302821FF302821FF302821FF302821FF302821FF302821FF302821FF302821FF302821FF302821FF302821FF302821FF302821FF302821FF302821FF302821FF302821FF302821FF302821FF302821FF302821FF302821FF302821FF302821FF302821FF302821FF
310
302821FF302821FF302821FF302821FF302821FF302821FF302821FF302821FF302821FF302821FF302821FF302821FF302821FF302821FF302821FF302821FF302821FF302821FF302821FF302821FF302821FF302821FF302821FF302821FF302821FF302821FF302821FF302821FF302821FF302821FF302821FF302821
310
FF302821FF302821FF302821FF302821FF302821FF302821FF302821FF302821FF302821FF302821FF302821FF302821FF302821FF302821FF302821FF302821FF302821FF302821FF302821FF302821FF302821FF302821FF302821FF302821FF302821FF302821FF302821FF302821FF302821FF302821FF302821FF3028
310
21FF302821FF302821FF302821FF302821FF302821FF302821FF302821FF302821FF302821FF302821FF302821FF302821FF302821FF302821FF302821FF302821FF302821FF302821FF302821FF302821FF302821FF302821FF302821FF302821FF302821FF302821FF302821FF302821FF302821FF302821FF302821FF30
310
2821FF302821FF302821FF302821FF302821FF302821FF302821FF302821FF302821FF302821FF302821FF302821FF302821FF302821FF302821FF302821FF302821FF302821FF302821FF302821FF302821FF302821FF302821FF302821FF302821FF302821FF302821FF302821FF302821FF302821FF302821FF302821FF
310
302821FF302821FF302821FF302821FF302821FF302821FF302821FF302821FF302821FF302821FF302821FF302821FF302821FF302821FF302821FF302821FF302821FF302821FF
102
{BLKREFS
331
10A0C
331
6AA7
331
6AA9
102
}
 70
     4
280
     1
281
     0
1001
AcDbDynamicBlockGUID
1000
{76CF017D-9152-2247-B461-851875671D31}
  0
BLOCK_RECORD
  5
1307
330
1
100
AcDbSymbolTableRecord
100
AcDbBlockTableRecord
  2
旧框
340
0
310
2800000020000000200000000100200000000000001000000100000001000000000000000000000001000000302821FF302821FF302821FF302821FF302821FF302821FF302821FF302821FF302821FF302821FF302821FF302821FF302821FF302821FF302821FF302821FF302821FF302821FF302821FF302821FF302821
310
FF302821FF302821FF302821FF302821FF302821FF302821FF302821FF302821FF302821FF302821FF302821FF302821FF302821FF302821FF302821FF302821FF302821FF302821FF302821FF302821FF302821FF302821FF302821FF302821FF302821FF302821FF302821FF302821FF302821FF302821FF302821FF3028
310
21FF302821FF302821FF302821FF302821FF302821FF302821FF302821FF302821FF302821FF302821FF302821FF302821FF302821FF302821FF302821FF302821FF302821FF302821FF302821FF302821FF302821FF302821FF302821FF302821FF302821FF302821FF302821FF302821FF302821FF302821FF302821FF30
310
2821FF302821FF302821FF302821FF302821FF302821FF302821FF302821FF302821FF302821FF302821FF302821FF302821FF302821FF302821FF302821FF302821FF302821FF302821FF302821FF302821FF302821FF302821FF302821FF302821FF302821FF302821FF302821FF302821FF302821FF302821FF302821FF
310
302821FF302821FF302821FF302821FF302821FF302821FF302821FF302821FF302821FF302821FF302821FF302821FF302821FF302821FF302821FF302821FF302821FF302821FF302821FF302821FF302821FF302821FF302821FF302821FF302821FF302821FF302821FF302821FF302821FF302821FF302821FF302821
310
FF302821FF302821FF302821FF302821FF302821FF302821FF302821FF302821FF302821FF302821FF302821FF302821FF302821FF302821FF302821FF302821FF302821FF302821FF302821FF302821FF302821FF302821FF302821FF302821FF302821FF302821FF302821FF302821FF302821FF302821FF302821FF3028
310
21FF302821FF302821FF302821FF302821FF302821FF302821FF302821FF302821FF302821FF302821FF302821FF302821FF302821FFFFFF00FFFFFF00FFFFFF00FFFFFF00FFFFFF00FFFFFF00FFFFFF00FFFFFF00FFFFFF00FFFFFF00FFFFFF00FFFFFF00FFFFFF00FFFFFF00FFFFFF00FFFFFF00FFFFFF00FFFFFF00FFFF
310
FF00FFFFFF00FFFFFF00FFFFFF00FFFFFF00FFFFFF00FFFFFF00FFFFFF00FFFFFF00FFFFFF00FFFFFF00FFFFFF00FF302821FF302821FFFFFF00FFFFFFFFFFFFFFFFFFFFFFFFFFFFFFFFFFFFFFFFFFFFFFFFFFFFFFFFFFFFFFFFFFFFFFFFFFFFFFFFFFFFFFFFFFFFFFFFFFFFFFFFFFFFFFFFFFFFFFFFFFFFFFFFFFFFFFFFFF
310
FFFFFFFFFFFFFFFFFFFFFFFFFFFFFFFFFFFFFFFFFFFFFFFFFFFFFFFFFFFFFFFFFFFFFFFFFFFFFFFFFFFFFFFFFFFF00FF302821FF302821FFFFFF00FFFFFFFFFFFFFFFFFF302821FF302821FF302821FF302821FF302821FF302821FF302821FF302821FF302821FF302821FF302821FF302821FF302821FF302821FF302821
310
FF302821FF302821FF302821FF302821FF302821FF302821FF302821FFFFFFFFFFFFFFFFFFFFFFFFFFFFFFFFFFFFFF00FF302821FF302821FFFFFF00FFFFFFFFFFFF0000FF302821FF302821FF302821FF302821FF302821FF302821FF302821FF302821FF302821FF302821FF302821FF302821FF302821FF302821FF3028
310
21FF302821FF302821FF302821FF302821FF302821FF302821FF302821FFFFFFFFFFFFFFFFFFFFFFFFFFFFFFFFFFFFFF00FF302821FF302821FFFFFF00FFFFFFFFFFFF0000FF302821FF302821FF302821FF302821FF302821FF302821FF302821FF302821FF302821FF302821FF302821FF302821FF302821FF302821FF30
310
2821FF302821FF302821FF302821FF302821FF302821FF302821FF302821FFFFFFFFFFFFFFFFFFFFFFFFFFFFFFFFFFFFFF00FF302821FF302821FFFFFF00FFFFFFFFFFFFFFFFFF302821FF302821FF302821FF302821FF302821FF302821FF302821FF302821FF302821FF302821FF302821FF302821FF302821FF302821FF
310
302821FF302821FF302821FF302821FF302821FF302821FF302821FF302821FFFFFFFFFFFFFFFFFFFFFFFFFFFFFFFFFFFFFF00FF302821FF302821FFFFFF00FFFFFFFFFFFF0000FF302821FF302821FF302821FF302821FF302821FF302821FF302821FF302821FF302821FF302821FF302821FF302821FF302821FF302821
310
FF302821FF302821FF302821FF302821FF302821FF302821FF302821FF302821FFFFFFFFFFFFFFFFFFFFFFFFFFFFFFFFFFFFFF00FF302821FF302821FFFFFF00FFFF0000FFFFFFFFFF302821FF302821FF302821FF302821FF302821FF302821FF302821FF302821FF302821FF302821FF302821FF302821FF302821FF3028
310
21FF302821FF302821FF302821FF302821FF302821FF302821FF302821FF302821FFFFFFFFFFFFFFFFFFFFFFFFFFFFFFFFFFFFFF00FF302821FF302821FFFFFF00FFFF0000FFFF0000FF302821FF302821FF302821FF302821FF302821FF302821FF302821FF302821FF302821FF302821FF302821FF302821FF302821FF30
310
2821FF302821FF302821FF302821FF302821FF302821FF302821FF302821FF302821FFFFFFFFFFFFFFFFFFFFFFFFFFFFFFFFFFFFFF00FF302821FF302821FFFFFF00FFFF0000FFFF0000FF302821FF302821FF302821FF302821FF302821FF302821FF302821FF302821FF302821FF302821FF302821FF302821FF302821FF
310
302821FF302821FF302821FF302821FF302821FF302821FF302821FF302821FF302821FFFFFFFFFFFFFFFFFFFFFFFFFFFFFFFFFFFFFF00FF302821FF302821FFFFFF00FFFF0000FFFFFFFFFF302821FF302821FF302821FF302821FF302821FF302821FF302821FF302821FF302821FF302821FF302821FF302821FF302821
310
FF302821FF302821FF302821FF302821FF302821FF302821FF302821FF302821FF302821FFFFFFFFFFFFFFFFFF302821FFFFFFFFFFFFFF00FF302821FF302821FFFFFF00FFFF0000FFFF0000FF302821FF302821FF302821FF302821FF302821FF302821FF302821FF302821FF302821FF302821FF302821FF302821FF3028
310
21FF302821FF302821FF302821FF302821FF302821FF302821FF302821FF302821FF302821FFFFFFFFFFFFFFFFFF302821FFFFFFFFFFFFFF00FF302821FF302821FFFFFF00FFFF0000FFFF0000FF302821FF302821FF302821FF302821FF302821FF302821FF302821FF302821FF302821FF302821FF302821FF302821FF30
310
2821FF302821FF302821FF302821FF302821FF302821FF302821FF302821FF302821FF302821FFFFFFFFFF302821FF302821FFFFFFFFFFFFFF00FF302821FF302821FFFFFF00FFFF0000FFFFFFFFFF302821FF302821FF302821FF302821FF302821FF302821FF302821FF302821FF302821FF302821FF302821FF302821FF
310
302821FF302821FF302821FF302821FF302821FF302821FF302821FF302821FF302821FF302821FFFFFFFFFFFFFFFFFFFFFFFFFFFFFFFFFFFFFF00FF302821FF302821FFFFFF00FFFF0000FFFF0000FF302821FF302821FF302821FF302821FF302821FF302821FF302821FF302821FF302821FF302821FF302821FF302821
310
FF302821FF302821FF302821FF302821FF302821FF302821FF302821FF302821FF302821FF302821FFFFFFFFFFFFFFFFFFFFFFFFFFFFFFFFFFFFFF00FF302821FF302821FFFFFF00FFFF0000FFFF0000FF302821FF302821FF302821FF302821FF302821FF302821FF302821FF302821FF302821FF302821FF302821FF3028
310
21FF302821FF302821FF302821FF302821FF302821FF302821FF302821FF302821FF302821FF302821FFFFFFFFFFFFFFFFFFFFFFFFFFFFFFFFFFFFFF00FF302821FF302821FFFFFF00FFFF0000FFFFFFFFFFFFFFFFFFFFFFFFFFFFFFFFFFFFFFFFFFFFFFFFFF302821FF302821FF302821FF302821FF302821FF302821FF30
310
2821FF302821FF302821FF302821FF302821FF302821FF302821FF302821FF302821FF302821FF302821FFFFFFFFFFFFFFFFFFFFFFFFFFFFFFFFFFFFFF00FF302821FF302821FFFFFF00FFFF0000FFFFFFFFFFFFFFFFFFFFFFFFFFFFFFFFFFFFFFFFFFFFFFFFFF302821FF302821FF302821FF302821FF302821FF302821FF
310
302821FF302821FF302821FF302821FF302821FF302821FF302821FF302821FF302821FF302821FF302821FFFFFFFFFF703C00FF703C00FFFFFFFFFFFFFF00FF302821FF302821FFFFFF00FFFF0000FFFFFFFFFFFFFFFFFFFFFFFFFFFFFFFFFFFFFFFFFFFFFFFFFFFFFFFFFFFFFFFFFFFFFFFFFFFFFFFFFFFFFFFFFFFFFFFF
310
FFFFFFFFFFFFFFFFFFFFFFFFFFFFFFFFFFFFFFFFFFFFFFFFFFFFFFFFFFFFFFFFFFFFFFFFFFFFFFFFFFFFFFFFFFFFFFFFFFFFFFFFFFFFFFFFFFFFFFFFFFFFFF00FF302821FF302821FFFFFF00FFFFFF00FFFFFF00FFFFFF00FFFFFF00FFFFFF00FFFFFF00FFFFFF00FFFFFF00FFFFFF00FFFFFF00FFFFFF00FFFFFF00FFFFFF
310
00FFFFFF00FFFFFF00FFFFFF00FFFFFF00FFFFFF00FFFFFF00FFFFFF00FFFFFF00FFFFFF00FFFFFF00FFFFFF00FFFFFF00FFFFFF00FFFF0000FFFF0000FFFFFF00FF302821FF302821FF302821FF302821FF302821FF302821FF302821FF302821FF302821FF302821FF302821FF302821FF302821FF302821FF302821FF30
310
2821FF302821FF302821FF302821FF302821FF302821FF302821FF302821FF302821FF302821FF302821FF302821FF302821FF302821FF302821FF302821FF302821FF302821FF302821FF302821FF302821FF302821FF302821FF302821FF302821FF302821FF302821FF302821FF302821FF302821FF302821FF302821FF
310
302821FF302821FF302821FF302821FF302821FF302821FF302821FF302821FF302821FF302821FF302821FF302821FF302821FF302821FF302821FF302821FF302821FF302821FF302821FF302821FF302821FF302821FF302821FF302821FF302821FF302821FF302821FF302821FF302821FF302821FF302821FF302821
310
FF302821FF302821FF302821FF302821FF302821FF302821FF302821FF302821FF302821FF302821FF302821FF302821FF302821FF302821FF302821FF302821FF302821FF302821FF302821FF302821FF302821FF302821FF302821FF302821FF302821FF302821FF302821FF302821FF302821FF302821FF302821FF3028
310
21FF302821FF302821FF302821FF302821FF302821FF302821FF302821FF302821FF302821FF302821FF302821FF302821FF302821FF302821FF302821FF302821FF302821FF302821FF302821FF302821FF302821FF302821FF302821FF302821FF302821FF302821FF302821FF302821FF302821FF302821FF302821FF30
310
2821FF302821FF302821FF302821FF302821FF302821FF302821FF302821FF302821FF302821FF302821FF302821FF302821FF302821FF302821FF302821FF302821FF302821FF302821FF302821FF302821FF302821FF302821FF302821FF302821FF302821FF302821FF302821FF302821FF302821FF302821FF302821FF
310
302821FF302821FF302821FF302821FF302821FF302821FF302821FF302821FF302821FF302821FF302821FF302821FF302821FF302821FF302821FF302821FF302821FF302821FF
 70
     4
280
     1
281
     0
1001
AcDbDynamicBlockGUID
1000
{FB5125F9-ADC2-0745-ADDC-746F805851E8}
  0
BLOCK_RECORD
  5
13E8
330
1
100
AcDbSymbolTableRecord
100
AcDbBlockTableRecord
  2
HANWHA-3STR
340
0
310
2800000020000000200000000100200000000000001000000100000001000000000000000000000048010000302821FF302821FF302821FF302821FF302821FF302821FF302821FF302821FF302821FF302821FF302821FF302821FF302821FF302821FF302821FF302821FF302821FF302821FF302821FF302821FF302821
310
FF302821FF302821FF302821FF302821FF302821FF302821FF302821FF302821FF302821FF302821FF302821FF302821FF302821FF302821FF302821FF302821FF302821FF302821FF302821FF302821FF302821FF302821FF302821FF302821FF302821FF302821FF302821FF302821FF302821FF302821FF302821FF3028
310
21FF302821FF302821FF302821FF302821FF302821FF302821FF302821FF302821FF302821FF302821FF302821FF302821FF302821FF302821FF302821FF302821FF302821FF302821FF302821FF302821FF302821FF302821FF302821FF302821FF302821FF302821FF302821FF302821FF302821FF302821FF302821FF30
310
2821FF302821FF302821FF302821FF302821FF302821FF302821FF302821FF302821FF302821FF302821FF302821FF302821FF302821FF302821FF302821FF302821FF302821FF302821FF302821FF302821FF302821FF302821FF302821FF302821FF302821FF302821FF302821FF302821FF302821FF302821FF302821FF
310
302821FF302821FF302821FF302821FF302821FF302821FF302821FF302821FF302821FF302821FF302821FF302821FF302821FF302821FF302821FF302821FF302821FF302821FF302821FF302821FF302821FF302821FF302821FF302821FF302821FF302821FF302821FF302821FF302821FF302821FF302821FF302821
310
FF302821FF302821FF302821FF302821FF302821FF302821FF302821FF302821FF302821FF302821FF302821FF302821FF302821FF302821FF302821FF302821FF302821FF302821FF302821FF302821FF302821FF302821FF302821FF302821FF302821FF302821FF302821FF302821FF302821FF302821FF302821FF3028
310
21FF302821FF302821FF302821FF302821FF302821FF302821FF302821FF302821FF302821FF302821FF302821FF302821FF302821FF302821FF302821FF302821FF302821FF302821FF302821FF302821FF302821FF302821FF302821FF302821FF302821FF302821FF302821FF302821FF302821FF302821FF302821FF30
310
2821FF302821FF302821FF302821FF302821FF302821FF302821FF302821FF302821FF302821FF302821FF302821FF302821FF302821FF302821FF302821FF302821FF302821FF302821FF302821FF302821FF302821FF302821FF302821FF302821FF302821FF302821FF302821FF302821FF302821FF302821FF302821FF
310
302821FF302821FF302821FF302821FF302821FF302821FF302821FF302821FF302821FF302821FF302821FF302821FF302821FF302821FF302821FF302821FF302821FF302821FF302821FF302821FF302821FF302821FF302821FF302821FF302821FF302821FF302821FF302821FF302821FF302821FF302821FF302821
310
FF302821FF302821FF302821FF302821FF302821FF302821FF302821FF302821FF302821FF302821FF302821FF302821FF302821FF302821FF302821FF302821FF302821FF302821FF302821FF302821FF302821FF302821FF302821FF302821FF302821FF302821FF302821FF302821FF302821FF302821FF302821FF3028
310
21FF302821FF302821FF302821FF302821FF302821FF302821FF302821FF302821FF302821FF302821FF302821FF302821FF302821FF302821FF302821FF302821FF302821FF302821FF302821FF302821FF302821FF302821FF302821FF302821FF302821FF302821FF302821FF302821FF302821FF302821FF302821FF30
310
2821FF302821FF302821FF302821FF302821FF302821FF302821FF302821FF302821FF302821FF302821FF302821FF302821FF302821FF302821FF302821FF302821FF302821FF302821FF302821FF302821FF302821FF302821FF302821FF302821FF302821FF302821FF302821FF302821FF302821FF302821FF302821FF
310
302821FF302821FF302821FF302821FF302821FF302821FF302821FF302821FF302821FF302821FF302821FF302821FF302821FF302821FF302821FF302821FF302821FF302821FF302821FF302821FF302821FF302821FF302821FF302821FF302821FF302821FF302821FF302821FF302821FF302821FF302821FF302821
310
FF302821FF302821FF302821FF302821FF302821FF302821FF302821FF302821FF302821FF302821FF302821FF302821FF302821FF302821FF302821FF302821FF302821FF302821FF302821FF302821FF302821FF302821FF302821FF302821FF302821FF302821FF302821FF302821FF302821FF302821FF302821FF3028
310
21FF302821FF302821FF302821FF302821FF302821FF302821FF302821FF302821FF302821FF302821FF302821FF302821FF302821FF302821FF302821FF302821FF302821FF302821FF302821FF302821FF302821FF302821FF302821FF302821FF302821FF302821FF302821FF302821FF302821FF302821FF302821FF30
310
2821FF302821FF302821FF302821FF302821FF302821FF302821FF302821FF302821FF302821FF302821FF302821FF302821FF302821FF302821FF302821FFFFFFFFFFFFFFFFFFFFFFFFFFFFFFFFFFFFFFFFFFFFFFFFFFFFFFFFFFFFFFFFFFFFFFFFFFFFFFFFFFFFFFFFFFFFFFFFFFFFFFFFFFFFFFFFFFFFFFFFFFFFFFFFFF
310
FFFFFFFFFFFFFFFFFFFFFFFFFFFFFFFFFFFFFFFFFFFFFFFFFFFFFFFFFFFFFFFFFFFFFFFFFFFFFFFFFFFFFFFFFFFFFFFFFFFFFFFFFFFFFFFF302821FF302821FFFFFFFFFFFFFFFFFFFFFFFFFFFFFFFFFFFFFFFFFFFFFFFFFFFFFFFFFFFFFFFFFFFFFFFFFFFFFFFFFFFFFFFFFFFFFFFFFFFFFFFFFFFFFFFFFFFFFFFFFFFFFFFF
310
FFFFFFFFFFFFFFFFFFFFFFFFFFFFFFFFFFFFFFFFFFFFFFFFFFFFFFFFFFFFFFFFFFFFFFFFFFFFFFFFFFFFFFFFFFFFFFFFFFFFFFFFFFFFFFFFFF302821FF302821FF302821FF302821FF302821FF302821FF302821FF302821FF302821FF302821FF302821FF302821FF302821FF302821FF302821FF302821FF302821FF3028
310
21FF302821FF302821FF302821FF302821FF302821FF302821FF302821FF302821FF302821FF302821FF302821FF302821FF302821FF302821FF302821FF302821FF302821FF302821FF302821FF302821FF302821FF302821FF302821FF302821FF302821FF302821FF302821FF302821FF302821FF302821FF302821FF30
310
2821FF302821FF302821FF302821FF302821FF302821FF302821FF302821FF302821FF302821FF302821FF302821FF302821FF302821FF302821FF302821FF302821FF302821FF302821FF302821FF302821FF302821FF302821FF302821FF302821FF302821FF302821FF302821FF302821FF302821FF302821FF302821FF
310
302821FF302821FF302821FF302821FF302821FF302821FF302821FF302821FF302821FF302821FF302821FF302821FF302821FF302821FF302821FF302821FF302821FF302821FF302821FF302821FF302821FF302821FF302821FF302821FF302821FF302821FF302821FF302821FF302821FF302821FF302821FF302821
310
FF302821FF302821FF302821FF302821FF302821FF302821FF302821FF302821FF302821FF302821FF302821FF302821FF302821FF302821FF302821FF302821FF302821FF302821FF302821FF302821FF302821FF302821FF302821FF302821FF302821FF302821FF302821FF302821FF302821FF302821FF302821FF3028
310
21FF302821FF302821FF302821FF302821FF302821FF302821FF302821FF302821FF302821FF302821FF302821FF302821FF302821FF302821FF302821FF302821FF302821FF302821FF302821FF302821FF302821FF302821FF302821FF302821FF302821FF302821FF302821FF302821FF302821FF302821FF302821FF30
310
2821FF302821FF302821FF302821FF302821FF302821FF302821FF302821FF302821FF302821FF302821FF302821FF302821FF302821FF302821FF302821FF302821FF302821FF302821FF302821FF302821FF302821FF302821FF302821FF302821FF302821FF302821FF302821FF302821FF302821FF302821FF302821FF
310
302821FF302821FF302821FF302821FF302821FF302821FF302821FF302821FF302821FF302821FF302821FF302821FF302821FF302821FF302821FF302821FF302821FF302821FF302821FF302821FF302821FF302821FF302821FF302821FF302821FF302821FF302821FF302821FF302821FF302821FF302821FF302821
310
FF302821FF302821FF302821FF302821FF302821FF302821FF302821FF302821FF302821FF302821FF302821FF302821FF302821FF302821FF302821FF302821FF302821FF302821FF302821FF302821FF302821FF302821FF302821FF302821FF302821FF302821FF302821FF302821FF302821FF302821FF302821FF3028
310
21FF302821FF302821FF302821FF302821FF302821FF302821FF302821FF302821FF302821FF302821FF302821FF302821FF302821FF302821FF302821FF302821FF302821FF302821FF302821FF302821FF302821FF302821FF302821FF302821FF302821FF302821FF302821FF302821FF302821FF302821FF302821FF30
310
2821FF302821FF302821FF302821FF302821FF302821FF302821FF302821FF302821FF302821FF302821FF302821FF302821FF302821FF302821FF302821FF302821FF302821FF302821FF302821FF302821FF302821FF302821FF302821FF302821FF302821FF302821FF302821FF302821FF302821FF302821FF302821FF
310
302821FF302821FF302821FF302821FF302821FF302821FF302821FF302821FF302821FF302821FF302821FF302821FF302821FF302821FF302821FF302821FF302821FF302821FF302821FF302821FF302821FF302821FF302821FF302821FF302821FF302821FF302821FF302821FF302821FF302821FF302821FF302821
310
FF302821FF302821FF302821FF302821FF302821FF302821FF302821FF302821FF302821FF302821FF302821FF302821FF302821FF302821FF302821FF302821FF302821FF302821FF302821FF302821FF302821FF302821FF302821FF302821FF302821FF302821FF302821FF302821FF302821FF302821FF302821FF3028
310
21FF302821FF302821FF302821FF302821FF302821FF302821FF302821FF302821FF302821FF302821FF302821FF302821FF302821FF302821FF302821FF302821FF302821FF302821FF302821FF302821FF302821FF302821FF302821FF302821FF302821FF302821FF302821FF302821FF302821FF302821FF302821FF30
310
2821FF302821FF302821FF302821FF302821FF302821FF302821FF302821FF302821FF302821FF302821FF302821FF302821FF302821FF302821FF302821FF302821FF302821FF302821FF302821FF302821FF302821FF302821FF302821FF302821FF302821FF302821FF302821FF302821FF302821FF302821FF302821FF
310
302821FF302821FF302821FF302821FF302821FF302821FF302821FF302821FF302821FF302821FF302821FF302821FF302821FF302821FF302821FF302821FF302821FF302821FF
 70
     4
280
     1
281
     0
  0
BLOCK_RECORD
  5
1856
330
1
100
AcDbSymbolTableRecord
100
AcDbBlockTableRecord
  2
HANWHA-2STR
340
0
310
280000002000000020000000010020000000000000100000010000000100000000000000000000002C000000302821FF302821FF302821FF302821FF302821FF302821FF302821FF302821FF302821FF302821FF302821FF302821FF302821FF302821FF302821FF302821FF302821FF302821FF302821FF302821FF302821
310
FF302821FF302821FF302821FF302821FF302821FF302821FF302821FF302821FF302821FF302821FF302821FF302821FF302821FF302821FF302821FF302821FF302821FF302821FF302821FF302821FF302821FF302821FF302821FF302821FF302821FF302821FF302821FF302821FF302821FF302821FF302821FF3028
310
21FF302821FF302821FF302821FF302821FF302821FF302821FF302821FF302821FF302821FF302821FF302821FF302821FF302821FF302821FF302821FF302821FF302821FF302821FF302821FF302821FF302821FF302821FF302821FF302821FF302821FF302821FF302821FF302821FF302821FF302821FF302821FF30
310
2821FF302821FF302821FF302821FF302821FF302821FF302821FF302821FF302821FF302821FF302821FF302821FF302821FF302821FF302821FF302821FF302821FF302821FF302821FF302821FF302821FF302821FF302821FF302821FF302821FF302821FF302821FF302821FF302821FF302821FF302821FF302821FF
310
302821FF302821FF302821FF302821FF302821FF302821FF302821FF302821FF302821FF302821FF302821FF302821FF302821FF302821FF302821FF302821FF302821FF302821FF302821FF302821FF302821FF302821FF302821FF302821FF302821FF302821FF302821FF302821FF302821FF302821FF302821FF302821
310
FF302821FF302821FF302821FF302821FF302821FF302821FF302821FF302821FF302821FF302821FF302821FF302821FF302821FF302821FF302821FF302821FF302821FF302821FF302821FF302821FF302821FF302821FF302821FF302821FF302821FF302821FF302821FF302821FF302821FF302821FF302821FF3028
310
21FF302821FF302821FF302821FF302821FF302821FF302821FF302821FF302821FF302821FF302821FF302821FF302821FF302821FF302821FF302821FF302821FF302821FF302821FF302821FF302821FF302821FF302821FF302821FF302821FF302821FF302821FF302821FF302821FF302821FF302821FF302821FF30
310
2821FF302821FF302821FF302821FF302821FF302821FF302821FF302821FF302821FF302821FF302821FF302821FF302821FF302821FF302821FF302821FF302821FF302821FF302821FF302821FF302821FF302821FF302821FF302821FF302821FF302821FF302821FF302821FF302821FF302821FF302821FF302821FF
310
302821FF302821FF302821FF302821FF302821FF302821FF302821FF302821FF302821FF302821FF302821FF302821FF302821FF302821FF302821FF302821FF302821FF302821FF302821FF302821FF302821FF302821FF302821FF302821FF302821FF302821FF302821FF302821FF302821FF302821FF302821FF302821
310
FF302821FF302821FF302821FF302821FF302821FF302821FF302821FF302821FF302821FF302821FF302821FF302821FF302821FF302821FF302821FF302821FF302821FF302821FF302821FF302821FF302821FF302821FF302821FF302821FF302821FF302821FF302821FF302821FF302821FF302821FF302821FF3028
310
21FF302821FF302821FF302821FF302821FF302821FF302821FF302821FF302821FF302821FF302821FF302821FF302821FF302821FF302821FF302821FF302821FF302821FF302821FF302821FF302821FF302821FF302821FF302821FF302821FF302821FF302821FF302821FF302821FF302821FF302821FF302821FF30
310
2821FF302821FF302821FF302821FF302821FF302821FF302821FF302821FF302821FF302821FF302821FF302821FF302821FF302821FF302821FF302821FF302821FF302821FF302821FF302821FF302821FF302821FF302821FF302821FF302821FF302821FF302821FF302821FF302821FF302821FF302821FF302821FF
310
302821FF302821FF302821FF302821FF302821FF302821FF302821FF302821FF302821FF302821FF302821FF302821FF302821FF302821FF302821FF302821FF302821FF302821FF302821FF302821FF302821FF302821FF302821FF302821FF302821FF302821FF302821FF302821FF302821FF302821FF302821FF302821
310
FF302821FF302821FF302821FF302821FF302821FF302821FF302821FF302821FF302821FF302821FF302821FF302821FF302821FF302821FF302821FF302821FF302821FF302821FF302821FF302821FF302821FF302821FF302821FF302821FF302821FF302821FF302821FF302821FF302821FF302821FF302821FF3028
310
21FF302821FF302821FF302821FF302821FF302821FF302821FF302821FF302821FF302821FF302821FF302821FF302821FF302821FF302821FF302821FF302821FF302821FF302821FF302821FF302821FF302821FF302821FF302821FF302821FF302821FF302821FF302821FF302821FF302821FF302821FF302821FF30
310
2821FF302821FF302821FF302821FF302821FF302821FF302821FF302821FF302821FF302821FF302821FF302821FF302821FF302821FF302821FF302821FFFFFFFFFFFFFFFFFFFFFFFFFFFFFFFFFFFFFFFFFFFFFFFFFFFFFFFFFFFFFFFFFFFFFFFFFFFFFFFFFFFFFFFFFFFFFFFFFFFFFFFFFFFFFFFFFFFFFFFFFFFFFFFFFF
310
FFFFFFFFFFFFFFFFFFFFFFFFFFFFFFFFFFFFFFFFFFFFFFFFFFFFFFFFFFFFFFFFFFFFFFFFFFFFFFFFFFFFFFFFFFFFFFFFFFFFFFFFFFFFFFFF302821FF302821FFFFFFFFFFFFFFFFFFFFFFFFFFFFFFFFFFFFFFFFFFFFFFFFFFFFFFFFFFFFFFFFFFFFFFFFFFFFFFFFFFFFFFFFFFFFFFFFFFFFFFFFFFFFFFFFFFFFFFFFFFFFFFFF
310
FFFFFFFFFFFFFFFFFFFFFFFFFFFFFFFFFFFFFFFFFFFFFFFFFFFFFFFFFFFFFFFFFFFFFFFFFFFFFFFFFFFFFFFFFFFFFFFFFFFFFFFFFFFFFFFFFF302821FF302821FF302821FF302821FF302821FF302821FF302821FF302821FF302821FF302821FF302821FF302821FF302821FF302821FF302821FF302821FF302821FF3028
310
21FF302821FF302821FF302821FF302821FF302821FF302821FF302821FF302821FF302821FF302821FF302821FF302821FF302821FF302821FF302821FF302821FF302821FF302821FF302821FF302821FF302821FF302821FF302821FF302821FF302821FF302821FF302821FF302821FF302821FF302821FF302821FF30
310
2821FF302821FF302821FF302821FF302821FF302821FF302821FF302821FF302821FF302821FF302821FF302821FF302821FF302821FF302821FF302821FF302821FF302821FF302821FF302821FF302821FF302821FF302821FF302821FF302821FF302821FF302821FF302821FF302821FF302821FF302821FF302821FF
310
302821FF302821FF302821FF302821FF302821FF302821FF302821FF302821FF302821FF302821FF302821FF302821FF302821FF302821FF302821FF302821FF302821FF302821FF302821FF302821FF302821FF302821FF302821FF302821FF302821FF302821FF302821FF302821FF302821FF302821FF302821FF302821
310
FF302821FF302821FF302821FF302821FF302821FF302821FF302821FF302821FF302821FF302821FF302821FF302821FF302821FF302821FF302821FF302821FF302821FF302821FF302821FF302821FF302821FF302821FF302821FF302821FF302821FF302821FF302821FF302821FF302821FF302821FF302821FF3028
310
21FF302821FF302821FF302821FF302821FF302821FF302821FF302821FF302821FF302821FF302821FF302821FF302821FF302821FF302821FF302821FF302821FF302821FF302821FF302821FF302821FF302821FF302821FF302821FF302821FF302821FF302821FF302821FF302821FF302821FF302821FF302821FF30
310
2821FF302821FF302821FF302821FF302821FF302821FF302821FF302821FF302821FF302821FF302821FF302821FF302821FF302821FF302821FF302821FF302821FF302821FF302821FF302821FF302821FF302821FF302821FF302821FF302821FF302821FF302821FF302821FF302821FF302821FF302821FF302821FF
310
302821FF302821FF302821FF302821FF302821FF302821FF302821FF302821FF302821FF302821FF302821FF302821FF302821FF302821FF302821FF302821FF302821FF302821FF302821FF302821FF302821FF302821FF302821FF302821FF302821FF302821FF302821FF302821FF302821FF302821FF302821FF302821
310
FF302821FF302821FF302821FF302821FF302821FF302821FF302821FF302821FF302821FF302821FF302821FF302821FF302821FF302821FF302821FF302821FF302821FF302821FF302821FF302821FF302821FF302821FF302821FF302821FF302821FF302821FF302821FF302821FF302821FF302821FF302821FF3028
310
21FF302821FF302821FF302821FF302821FF302821FF302821FF302821FF302821FF302821FF302821FF302821FF302821FF302821FF302821FF302821FF302821FF302821FF302821FF302821FF302821FF302821FF302821FF302821FF302821FF302821FF302821FF302821FF302821FF302821FF302821FF302821FF30
310
2821FF302821FF302821FF302821FF302821FF302821FF302821FF302821FF302821FF302821FF302821FF302821FF302821FF302821FF302821FF302821FF302821FF302821FF302821FF302821FF302821FF302821FF302821FF302821FF302821FF302821FF302821FF302821FF302821FF302821FF302821FF302821FF
310
302821FF302821FF302821FF302821FF302821FF302821FF302821FF302821FF302821FF302821FF302821FF302821FF302821FF302821FF302821FF302821FF302821FF302821FF302821FF302821FF302821FF302821FF302821FF302821FF302821FF302821FF302821FF302821FF302821FF302821FF302821FF302821
310
FF302821FF302821FF302821FF302821FF302821FF302821FF302821FF302821FF302821FF302821FF302821FF302821FF302821FF302821FF302821FF302821FF302821FF302821FF302821FF302821FF302821FF302821FF302821FF302821FF302821FF302821FF302821FF302821FF302821FF302821FF302821FF3028
310
21FF302821FF302821FF302821FF302821FF302821FF302821FF302821FF302821FF302821FF302821FF302821FF302821FF302821FF302821FF302821FF302821FF302821FF302821FF302821FF302821FF302821FF302821FF302821FF302821FF302821FF302821FF302821FF302821FF302821FF302821FF302821FF30
310
2821FF302821FF302821FF302821FF302821FF302821FF302821FF302821FF302821FF302821FF302821FF302821FF302821FF302821FF302821FF302821FF302821FF302821FF302821FF302821FF302821FF302821FF302821FF302821FF302821FF302821FF302821FF302821FF302821FF302821FF302821FF302821FF
310
302821FF302821FF302821FF302821FF302821FF302821FF302821FF302821FF302821FF302821FF302821FF302821FF302821FF302821FF302821FF302821FF302821FF302821FF
 70
     4
280
     1
281
     0
  0
BLOCK_RECORD
  5
5038
330
1
100
AcDbSymbolTableRecord
100
AcDbBlockTableRecord
  2
Frame1
340
0
310
2800000020000000200000000100200000000000001000000100000001000000000000000000000001000000302821FF302821FF302821FF302821FF302821FF302821FF302821FF302821FF302821FF302821FF302821FF302821FF302821FF302821FF302821FF302821FF302821FF302821FF302821FF302821FF302821
310
FF302821FF302821FF302821FF302821FF302821FF302821FF302821FF302821FF302821FF302821FF302821FF302821FF302821FF302821FF302821FF302821FF302821FF302821FF302821FF302821FF302821FF302821FF302821FF302821FF302821FF302821FF302821FF302821FF302821FF302821FF302821FF3028
310
21FF302821FF302821FF302821FF302821FF302821FF302821FF302821FF302821FF302821FF302821FF302821FF302821FF302821FF302821FF302821FF302821FF302821FF302821FF302821FF302821FF302821FF302821FF302821FF302821FF302821FF302821FF302821FF302821FF302821FF302821FF302821FF30
310
2821FF302821FF302821FF302821FF302821FF302821FF302821FF302821FF302821FF302821FF302821FF302821FF302821FF302821FF302821FF302821FF302821FF302821FF302821FF302821FF302821FF302821FF302821FF302821FF302821FF302821FF302821FF302821FF302821FF302821FF302821FF302821FF
310
302821FF302821FF302821FF302821FF302821FF302821FF302821FF302821FF302821FF302821FF302821FF302821FF302821FF302821FF302821FF302821FF302821FF302821FF302821FF302821FF302821FF302821FF302821FF302821FF302821FF302821FF302821FF302821FF302821FF302821FF302821FF302821
310
FF302821FF302821FF302821FF302821FF302821FF302821FF302821FF302821FF302821FF302821FF302821FF302821FF302821FF302821FF302821FF302821FF302821FF302821FF302821FF302821FF302821FF302821FF302821FF302821FF302821FF302821FF302821FF302821FF302821FF302821FF302821FF3028
310
21FF302821FF302821FF302821FF302821FF302821FF302821FF302821FF302821FF302821FF302821FF302821FF302821FF302821FFFFFF00FFFFFF00FFFFFF00FFFFFF00FFFFFF00FFFFFF00FFFFFF00FFFFFF00FFFFFF00FFFFFF00FFFFFF00FFFFFF00FFFFFF00FFFFFF00FFFFFF00FFFFFF00FFFFFF00FFFFFF00FFFF
310
FF00FFFFFF00FFFFFF00FFFFFF00FFFFFF00FFFFFF00FFFFFF00FFFFFF00FFFFFF00FFFFFF00FFFFFF00FFFFFF00FF302821FF302821FFFFFF00FFFFFFFFFFFFFFFFFFFFFFFFFFFFFFFFFFFFFFFFFFFFFFFFFFFFFFFFFFFFFFFFFFFFFFFFFFFFFFFFFFFFFFFFFFFFFFFFFFFFFFFFFFFFFFFFFFFFFFFFFFFFFFFFFFFFFFFFFF
310
FFFFFFFFFFFFFFFFFFFFFFFFFFFFFFFFFFFFFFFFFFFFFFFFFFFFFFFFFFFFFFFFFFFFFFFFFFFFFFFFFFFFFFFFFFFF00FF302821FF302821FFFFFF00FFFFFFFFFFFFFFFFFF302821FF302821FF302821FF302821FF302821FF302821FF302821FF302821FF302821FF302821FF302821FF302821FF302821FF302821FF302821
310
FF302821FF302821FF302821FF302821FF302821FF302821FF302821FFFFFFFFFFFFFFFFFFFFFFFFFFFFFFFFFFFFFF00FF302821FF302821FFFFFF00FFFFFFFFFFFF0000FF302821FF302821FF302821FF302821FF302821FF302821FF302821FF302821FF302821FF302821FF302821FF302821FF302821FF302821FF3028
310
21FF302821FF302821FF302821FF302821FF302821FF302821FF302821FFFFFFFFFFFFFFFFFFFFFFFFFFFFFFFFFFFFFF00FF302821FF302821FFFFFF00FFFFFFFFFFFF0000FF302821FF302821FF302821FF302821FF302821FF302821FF302821FF302821FF302821FF302821FF302821FF302821FF302821FF302821FF30
310
2821FF302821FF302821FF302821FF302821FF302821FF302821FF302821FFFFFFFFFFFFFFFFFFFFFFFFFFFFFFFFFFFFFF00FF302821FF302821FFFFFF00FFFFFFFFFFFFFFFFFF302821FF302821FF302821FF302821FF302821FF302821FF302821FF302821FF302821FF302821FF302821FF302821FF302821FF302821FF
310
302821FF302821FF302821FF302821FF302821FF302821FF302821FF302821FFFFFFFFFFFFFFFFFFFFFFFFFFFFFFFFFFFFFF00FF302821FF302821FFFFFF00FFFFFFFFFFFF0000FF302821FF302821FF302821FF302821FF302821FF302821FF302821FF302821FF302821FF302821FF302821FF302821FF302821FF302821
310
FF302821FF302821FF302821FF302821FF302821FF302821FF302821FF302821FFFFFFFFFFFFFFFFFFFFFFFFFFFFFFFFFFFFFF00FF302821FF302821FFFFFF00FFFF0000FFFFFFFFFF302821FF302821FF302821FF302821FF302821FF302821FF302821FF302821FF302821FF302821FF302821FF302821FF302821FF3028
310
21FF302821FF302821FF302821FF302821FF302821FF302821FF302821FF302821FFFFFFFFFFFFFFFFFFFFFFFFFFFFFFFFFFFFFF00FF302821FF302821FFFFFF00FFFF0000FFFF0000FF302821FF302821FF302821FF302821FF302821FF302821FF302821FF302821FF302821FF302821FF302821FF302821FF302821FF30
310
2821FF302821FF302821FF302821FF302821FF302821FF302821FF302821FF302821FFFFFFFFFFFFFFFFFFFFFFFFFFFFFFFFFFFFFF00FF302821FF302821FFFFFF00FFFF0000FFFF0000FF302821FF302821FF302821FF302821FF302821FF302821FF302821FF302821FF302821FF302821FF302821FF302821FF302821FF
310
302821FF302821FF302821FF302821FF302821FF302821FF302821FF302821FF302821FFFFFFFFFFFFFFFFFFFFFFFFFFFFFFFFFFFFFF00FF302821FF302821FFFFFF00FFFF0000FFFFFFFFFF302821FF302821FF302821FF302821FF302821FF302821FF302821FF302821FF302821FF302821FF302821FF302821FF302821
310
FF302821FF302821FF302821FF302821FF302821FF302821FF302821FF302821FF302821FFFFFFFFFFFFFFFFFF302821FFFFFFFFFFFFFF00FF302821FF302821FFFFFF00FFFF0000FFFF0000FF302821FF302821FF302821FF302821FF302821FF302821FF302821FF302821FF302821FF302821FF302821FF302821FF3028
310
21FF302821FF302821FF302821FF302821FF302821FF302821FF302821FF302821FF302821FFFFFFFFFFFFFFFFFF302821FFFFFFFFFFFFFF00FF302821FF302821FFFFFF00FFFF0000FFFF0000FF302821FF302821FF302821FF302821FF302821FF302821FF302821FF302821FF302821FF302821FF302821FF302821FF30
310
2821FF302821FF302821FF302821FF302821FF302821FF302821FF302821FF302821FF302821FFFFFFFFFF302821FF302821FFFFFFFFFFFFFF00FF302821FF302821FFFFFF00FFFF0000FFFFFFFFFF302821FF302821FF302821FF302821FF302821FF302821FF302821FF302821FF302821FF302821FF302821FF302821FF
310
302821FF302821FF302821FF302821FF302821FF302821FF302821FF302821FF302821FF302821FFFFFFFFFFFFFFFFFFFFFFFFFFFFFFFFFFFFFF00FF302821FF302821FFFFFF00FFFF0000FFFF0000FF302821FF302821FF302821FF302821FF302821FF302821FF302821FF302821FF302821FF302821FF302821FF302821
310
FF302821FF302821FF302821FF302821FF302821FF302821FF302821FF302821FF302821FF302821FFFFFFFFFFFFFFFFFFFFFFFFFFFFFFFFFFFFFF00FF302821FF302821FFFFFF00FFFF0000FFFF0000FF302821FF302821FF302821FF302821FF302821FF302821FF302821FF302821FF302821FF302821FF302821FF3028
310
21FF302821FF302821FF302821FF302821FF302821FF302821FF302821FF302821FF302821FF302821FFFFFFFFFFFFFFFFFFFFFFFFFFFFFFFFFFFFFF00FF302821FF302821FFFFFF00FFFF0000FFFFFFFFFFFFFFFFFFFFFFFFFFFFFFFFFFFFFFFFFFFFFFFFFF302821FF302821FF302821FF302821FF302821FF302821FF30
310
2821FF302821FF302821FF302821FF302821FF302821FF302821FF302821FF302821FF302821FF302821FFFFFFFFFFFFFFFFFFFFFFFFFFFFFFFFFFFFFF00FF302821FF302821FFFFFF00FFFF0000FFFFFFFFFFFFFFFFFFFFFFFFFFFFFFFFFFFFFFFFFFFFFFFFFF302821FF302821FF302821FF302821FF302821FF302821FF
310
302821FF302821FF302821FF302821FF302821FF302821FF302821FF302821FF302821FF302821FF302821FFFFFFFFFF703C00FF703C00FFFFFFFFFFFFFF00FF302821FF302821FFFFFF00FFFF0000FFFFFFFFFFFFFFFFFFFFFFFFFFFFFFFFFFFFFFFFFFFFFFFFFFFFFFFFFFFFFFFFFFFFFFFFFFFFFFFFFFFFFFFFFFFFFFFF
310
FFFFFFFFFFFFFFFFFFFFFFFFFFFFFFFFFFFFFFFFFFFFFFFFFFFFFFFFFFFFFFFFFFFFFFFFFFFFFFFFFFFFFFFFFFFFFFFFFFFFFFFFFFFFFFFFFFFFFFFFFFFFFF00FF302821FF302821FFFFFF00FFFFFF00FFFFFF00FFFFFF00FFFFFF00FFFFFF00FFFFFF00FFFFFF00FFFFFF00FFFFFF00FFFFFF00FFFFFF00FFFFFF00FFFFFF
310
00FFFFFF00FFFFFF00FFFFFF00FFFFFF00FFFFFF00FFFFFF00FFFFFF00FFFFFF00FFFFFF00FFFFFF00FFFFFF00FFFFFF00FFFFFF00FFFF0000FFFF0000FFFFFF00FF302821FF302821FF302821FF302821FF302821FF302821FF302821FF302821FF302821FF302821FF302821FF302821FF302821FF302821FF302821FF30
310
2821FF302821FF302821FF302821FF302821FF302821FF302821FF302821FF302821FF302821FF302821FF302821FF302821FF302821FF302821FF302821FF302821FF302821FF302821FF302821FF302821FF302821FF302821FF302821FF302821FF302821FF302821FF302821FF302821FF302821FF302821FF302821FF
310
302821FF302821FF302821FF302821FF302821FF302821FF302821FF302821FF302821FF302821FF302821FF302821FF302821FF302821FF302821FF302821FF302821FF302821FF302821FF302821FF302821FF302821FF302821FF302821FF302821FF302821FF302821FF302821FF302821FF302821FF302821FF302821
310
FF302821FF302821FF302821FF302821FF302821FF302821FF302821FF302821FF302821FF302821FF302821FF302821FF302821FF302821FF302821FF302821FF302821FF302821FF302821FF302821FF302821FF302821FF302821FF302821FF302821FF302821FF302821FF302821FF302821FF302821FF302821FF3028
310
21FF302821FF302821FF302821FF302821FF302821FF302821FF302821FF302821FF302821FF302821FF302821FF302821FF302821FF302821FF302821FF302821FF302821FF302821FF302821FF302821FF302821FF302821FF302821FF302821FF302821FF302821FF302821FF302821FF302821FF302821FF302821FF30
310
2821FF302821FF302821FF302821FF302821FF302821FF302821FF302821FF302821FF302821FF302821FF302821FF302821FF302821FF302821FF302821FF302821FF302821FF302821FF302821FF302821FF302821FF302821FF302821FF302821FF302821FF302821FF302821FF302821FF302821FF302821FF302821FF
310
302821FF302821FF302821FF302821FF302821FF302821FF302821FF302821FF302821FF302821FF302821FF302821FF302821FF302821FF302821FF302821FF302821FF302821FF
102
{BLKREFS
331
D3C8
102
}
 70
     4
280
     1
281
     0
1001
AcDbDynamicBlockGUID
1000
{42ACC49F-CC68-4F68-B8A4-F1C636378D63}
  0
BLOCK_RECORD
  5
6A01
330
1
100
AcDbSymbolTableRecord
100
AcDbBlockTableRecord
  2
*D14
340
0
 70
     0
280
     1
281
     0
  0
BLOCK_RECORD
  5
6A0D
330
1
100
AcDbSymbolTableRecord
100
AcDbBlockTableRecord
  2
*D15
340
0
 70
     0
280
     1
281
     0
  0
BLOCK_RECORD
  5
6A19
330
1
100
AcDbSymbolTableRecord
100
AcDbBlockTableRecord
  2
*D16
340
0
 70
     0
280
     1
281
     0
  0
BLOCK_RECORD
  5
6A25
330
1
100
AcDbSymbolTableRecord
100
AcDbBlockTableRecord
  2
*D17
340
0
 70
     0
280
     1
281
     0
  0
BLOCK_RECORD
  5
6A31
330
1
100
AcDbSymbolTableRecord
100
AcDbBlockTableRecord
  2
*D18
340
0
 70
     0
280
     1
281
     0
  0
BLOCK_RECORD
  5
6A3D
330
1
100
AcDbSymbolTableRecord
100
AcDbBlockTableRecord
  2
*D19
340
0
 70
     0
280
     1
281
     0
  0
BLOCK_RECORD
  5
6A49
330
1
100
AcDbSymbolTableRecord
100
AcDbBlockTableRecord
  2
*D20
340
0
 70
     0
280
     1
281
     0
  0
BLOCK_RECORD
  5
6A55
330
1
100
AcDbSymbolTableRecord
100
AcDbBlockTableRecord
  2
*D21
340
0
 70
     0
280
     1
281
     0
  0
BLOCK_RECORD
  5
6A61
330
1
100
AcDbSymbolTableRecord
100
AcDbBlockTableRecord
  2
zw$76FF
340
0
 70
     4
280
     1
281
     0
  0
BLOCK_RECORD
  5
78D7
330
1
100
AcDbSymbolTableRecord
100
AcDbBlockTableRecord
  2
pannello 1
340
0
310
2800000020000000200000000100080000000000000400000000000000000000000000000000000000000000000080000080000000808000800000008000800080800000C0C0C000C0DCC000F0CAA6000020400000206000002080000020A0000020C0000020E00000400000004020000040400000406000004080000040A0
310
000040C0000040E00000600000006020000060400000606000006080000060A0000060C0000060E00000800000008020000080400000806000008080000080A0000080C0000080E00000A0000000A0200000A0400000A0600000A0800000A0A00000A0C00000A0E00000C0000000C0200000C0400000C0600000C0800000C0
310
A00000C0C00000C0E00000E0000000E0200000E0400000E0600000E0800000E0A00000E0C00000E0E00040000000400020004000400040006000400080004000A0004000C0004000E00040200000402020004020400040206000402080004020A0004020C0004020E000404000004040200040404000404060004040800040
310
40A0004040C0004040E00040600000406020004060400040606000406080004060A0004060C0004060E00040800000408020004080400040806000408080004080A0004080C0004080E00040A0000040A0200040A0400040A0600040A0800040A0A00040A0C00040A0E00040C0000040C0200040C0400040C0600040C08000
310
40C0A00040C0C00040C0E00040E0000040E0200040E0400040E0600040E0800040E0A00040E0C00040E0E00080000000800020008000400080006000800080008000A0008000C0008000E00080200000802020008020400080206000802080008020A0008020C0008020E00080400000804020008040400080406000804080
310
008040A0008040C0008040E00080600000806020008060400080606000806080008060A0008060C0008060E00080800000808020008080400080806000808080008080A0008080C0008080E00080A0000080A0200080A0400080A0600080A0800080A0A00080A0C00080A0E00080C0000080C0200080C0400080C0600080C0
310
800080C0A00080C0C00080C0E00080E0000080E0200080E0400080E0600080E0800080E0A00080E0C00080E0E000C0000000C0002000C0004000C0006000C0008000C000A000C000C000C000E000C0200000C0202000C0204000C0206000C0208000C020A000C020C000C020E000C0400000C0402000C0404000C0406000C0
310
408000C040A000C040C000C040E000C0600000C0602000C0604000C0606000C0608000C060A000C060C000C060E000C0800000C0802000C0804000C0806000C0808000C080A000C080C000C080E000C0A00000C0A02000C0A04000C0A06000C0A08000C0A0A000C0A0C000C0A0E000C0C00000C0C02000C0C04000C0C06000
310
C0C08000C0C0A000F0FBFF00A4A0A000808080000000FF0000FF000000FFFF00FF000000FF00FF00FFFF0000FFFFFF005B5B5B5B5B5B5B5B5B5B5B5B5B5B5B5B5B5B5B5B5B5B5B5B5B5B5B5B5B5B5B5B5B5B5B5B5B5BFFFFFFFFFFFFFFFFFFFFFFFFFFFFFFFFFFFFFFFF5B5B5B5B5B5B5B5B5B5B5B5BFFE0E0E0E0E0E0E0E0
310
E0E0E0E0E0E0E0E0E0E0FF5B5B5B5B5B5B5B5B5B5B5B5BE05B5BE05B5BE05B5B5BE05B5BE05B5BE05B5BE05B5B5B5B5B5B5B5B5B5B5B5BE05B5BE05B5BE05B5B5BE05B5BE05B5BE05B5BE05B5B5B5B5B5B5B5B5B5B5B5BE0E0E0E0E0E0E0E0E0E0E0E0E0E0E0E0E0E0E0E05B5B5B5B5B5B5B5B5B5B5B5BE05B5BE05B5BE05B
310
5B5BE05B5BE05B5BE05B5BE05B5B5B5B5B5B5B5B5B5B5B5BE05B5BE05B5BE05B5B5BE05B5BE05B5BE05B5BE05B5B5B5B5B5B5B5B5B5B5B5BE0E0E0E0E0E0E0E0E0E0E0E0E0E0E0E0E0E0E0E05B5B5B5B5B5B5B5B5B5B5B5BE05B5BE05B5BE05B5B5BE05B5BE05B5BE05B5BE05B5B5B5B5B5B5B5B5B5B5B5BE05B5BE05B5BE0
310
5B5B5BE05B5BE05B5BE05B5BE05B5B5B5B5B5B5B5B5B5B5B5BE0E0E0E0E0E0E0E0E0E0E0E0E0E0E0E0E0E0E0E05B5B5B5B5B5B5B5B5B5B5B5BE05B5BE05B5BE05B5B5BE05B5BE05B5BE05B5BE05B5B5B5B5B5B5B5B5B5B5B5BE05B5BE05B5BE05B5B5BE05B5BE05B5BE05B5BE05B5B5B5B5B5B5B5B5B5B5B5BE0E0E0E0E0E0
310
E0E0E0E0E0E0E0E0E0E0E0E0E0E05B5B5B5B5B5B5B5B5B5B5B5BE05B5BE05B5BE05B5B5BE05B5BE05B5BE05B5BE05B5B5B5B5B5B5B5B5B5B5B5BE05B5BE05B5BE05B5B5BE05B5BE05B5BE05B5BE05B5B5B5B5B5B5B5B5B5B5B5BE0E0E0E0E0E0E0E0E0E0E0E0E0E0E0E0E0E0E0E05B5B5B5B5B5B5B5B5B5B5B5BE05B5BE05B
310
5BE05B5B5BE05B5BE05B5BE05B5BE05B5B5B5B5B5B5B5B5B5B5B5BE05B5BE05B5BE05B5B5BE05B5BE05B5BE05B5BE05B5B5B5B5B5B5B5B5B5B5B5BE0E0E0E0E0E0E0E0E0E0E0E0E0E0E0E0E0E0E0E05B5B5B5B5B5B5B5B5B5B5B5BE05B5BE05B5BE05B5B5BE05B5BE05B5BE05B5BE05B5B5B5B5B5B5B5B5B5B5B5BE05B5BE0
310
5B5BE05B5B5BE05B5BE05B5BE05B5BE05B5B5B5B5B5B5B5B5B5B5B5BE0E0E0E0E0E0E0E0E0E0E0E0E0E0E0E0E0E0E0E05B5B5B5B5B5B5B5B5B5B5B5BE05B5BE05B5BE05B5B5BE05B5BE05B5BE05B5BE05B5B5B5B5B5B5B5B5B5B5B5BE05B5BE05B5BE05B5B5BE05B5BE05B5BE05B5BE05B5B5B5B5B5B5B5B5B5B5B5BE0E0E0
310
E0E0E0E0E0E0E0E0E0E0E0E0E0E0E0E0E05B5B5B5B5B5B5B5B5B5B5B5BE05B5BE05B5BE05B5B5BE05B5BE05B5BE05B5BE05B5B5B5B5B5B5B5B5B5B5B5BE05B5BE05B5BE05B5B5BE05B5BE05B5BE05B5BE05B5B5B5B5B5B5B5B5B5B5B5BFFE0E0E0E0E0E0E0E0E0E0E0E0E0E0E0E0E0E0FF5B5B5B5B5B5B5B5B5B5B5B5BFFFF
310
FFFFFFFFFFFFFFFFFFFFFFFFFFFFFFFFFFFF5B5B5B5B5B5B5B5B5B5B5B5B5B5B5B5B5B5B5B5B5B5B5B5B5B5B5B5B5B5B5B5B5B5B5B5B5B5B
102
{BLKREFS
331
7913
331
791C
331
7922
102
}
 70
     4
280
     1
281
     0
  0
BLOCK_RECORD
  5
78F8
330
1
100
AcDbSymbolTableRecord
100
AcDbBlockTableRecord
  2
serie
340
0
310
28000000200000002000000001002000000000000010000001000000010000000000000000000000FCFFFFFF000000FF000000FF000000FF000000FF000000FF000000FF000000FF000000FF000000FF000000FF000000FF000000FF000000FF000000FF000000FF000000FF000000FF000000FF000000FF000000FF000000
310
FF000000FF000000FF000000FF000000FF000000FF000000FF000000FF000000FF000000FF000000FF000000FF000000FF000000FF000000FF000000FF000000FF000000FF000000FF000000FF000000FF000000FF000000FF000000FFFFFFFFFFFFFFFFFFFFFFFFFFFFFFFFFFFFFFFFFFFFFFFFFFFFFFFFFFFFFFFFFF0000
310
00FF000000FF000000FF000000FF000000FF000000FF000000FF000000FF000000FF000000FF000000FF000000FF000000FF000000FF000000FF000000FF000000FF000000FF000000FF000000FF000000FF000000FF000000FF000000FFFFFFFFFF000000FF000000FFFFFFFFFFFFFFFFFF000000FF000000FFFFFFFFFF00
310
0000FF000000FF000000FF000000FF000000FF000000FF000000FF000000FF000000FF000000FF000000FF000000FF000000FF000000FF000000FF000000FF000000FF000000FF000000FF000000FF000000FF000000FF000000FF000000FFFFFFFFFFFFFFFFFFFFFFFFFFFFFFFFFFFFFFFFFFFFFFFFFFFFFFFFFFFFFFFFFF
310
000000FF000000FF000000FF000000FF000000FF000000FF000000FF000000FF000000FF000000FF000000FF000000FF000000FF000000FF000000FF000000FF000000FF000000FF000000FF000000FF000000FF000000FF000000FF000000FFFFFFFFFFFFFFFFFFCC9900FFCC9900FFCC9900FFCC9900FFFFFFFFFFFFFFFF
310
FF000000FF000000FF000000FF000000FF000000FF000000FF000000FF000000FF000000FF000000FF000000FF000000FF000000FF000000FF000000FF000000FF000000FF000000FF000000FF000000FF000000FF000000FF000000FF000000FFFFFFFFFFFFFFFFFFCC9900FFCC9900FFCC9900FFCC9900FFFFFFFFFFFFFF
310
FFFF000000FF000000FF000000FF000000FF000000FF000000FF000000FF000000FF000000FF000000FF000000FF000000FF000000FF000000FF000000FF000000FF000000FF000000FF000000FF000000FF000000FF000000FF000000FF000000FFFFFFFFFFFFFFFFFFCC9900FFCC9900FFCC9900FFCC9900FFFFFFFFFFFF
310
FFFFFF000000FF000000FF000000FF000000FF000000FF000000FF000000FF000000FF000000FF000000FF000000FF000000FF000000FF000000FF000000FF000000FF000000FF000000FF000000FF000000FF000000FF000000FF000000FF000000FFFFFFFFFFFFFFFFFFFFFFFFFFCC9900FFCC9900FFCC9900FFFFFFFFFF
310
FFFFFFFF000000FF000000FF000000FF000000FF000000FF000000FF000000FF000000FF000000FF000000FF000000FF000000FF000000FF000000FF000000FF000000FF000000FF000000FF000000FF000000FF000000FF000000FF000000FF000000FFFFFFFFFFFFFFFFFFCC9900FFCC9900FFCC9900FFCC9900FFFFFFFF
310
FFFFFFFFFF000000FF000000FF000000FF000000FF000000FF000000FF000000FF000000FF000000FF000000FF000000FF000000FF000000FF000000FF000000FF000000FF000000FF000000FF000000FF000000FF000000FF000000FF000000FF000000FFFFFFFFFFFFFFFFFFFFFFFFFFCC9900FFCC9900FFFFFFFFFFFFFF
310
FFFFFFFFFFFF000000FF000000FF000000FF000000FF000000FF000000FF000000FF000000FF000000FF000000FF000000FF000000FF000000FF000000FF000000FF000000FF000000FF000000FF000000FF000000FF000000FF000000FF000000FF000000FFFFFFFFFFFFFFFFFF000000FF000000FF000000FF000000FFFF
310
FFFFFFFFFFFFFF000000FF000000FF000000FF000000FF000000FF000000FF000000FF000000FF000000FF000000FF000000FF000000FF000000FF000000FF000000FF000000FF000000FF000000FF000000FF000000FF000000FF000000FF000000FF000000FFFFFFFFFFFFFFFFFF000000FF000000FF000000FF000000FF
310
FFFFFFFFFFFFFFFF000000FF000000FF000000FF000000FF000000FF000000FF000000FF000000FF000000FF000000FF000000FF000000FF000000FF000000FF000000FF000000FF000000FF000000FF000000FF000000FF000000FF000000FF000000FF000000FFFFFFFFFFFFFFFFFFD6D6D6FFD6D6D6FFD6D6D6FFD6D6D6
310
FFFFFFFFFFFFFFFFFF000000FF000000FF000000FF000000FF000000FF000000FF000000FF000000FF000000FF000000FF000000FF000000FF000000FF000000FF000000FF000000FF000000FF000000FF000000FF000000FF000000FF000000FF000000FF000000FFFFFFFFFFFFFFFFFFD6D6D6FFCC9900FFCC9900FFD6D6
310
D6FFFFFFFFFFFFFFFFFF000000FF000000FF000000FF000000FF000000FF000000FF000000FF000000FF000000FF000000FF000000FF000000FF000000FF000000FF000000FF000000FF000000FF000000FF000000FF000000FF000000FF000000FF000000FF000000FFFFFFFFFFFFFFFFFFD6D6D6FFCC9900FFCC9900FFD6
310
D6D6FFFFFFFFFFFFFFFFFF000000FF000000FF000000FF000000FF000000FF000000FF000000FF000000FF000000FF000000FF000000FF000000FF000000FF000000FF000000FF000000FF000000FF000000FF000000FF000000FF000000FF000000FF000000FF000000FFFFFFFFFFFFFFFFFFD6D6D6FFCC9900FFCC9900FF
310
D6D6D6FFFFFFFFFFFFFFFFFF000000FF000000FF000000FF000000FF000000FF000000FF000000FF000000FF000000FF000000FF000000FF000000FF000000FF000000FF000000FF000000FF000000FF000000FF000000FF000000FF000000FF000000FF000000FF000000FFFFFFFFFFFFFFFFFFD6D6D6FFCC9900FFCC9900
310
FFD6D6D6FFFFFFFFFFFFFFFFFF000000FF000000FF000000FF000000FF000000FF000000FF000000FF000000FF000000FF000000FF000000FF000000FF000000FF000000FF000000FF000000FF000000FF000000FF000000FF000000FF000000FF000000FF000000FF000000FFFFFFFFFFFFFFFFFFD6D6D6FFCC9900FFCC99
310
00FFD6D6D6FFFFFFFFFFFFFFFFFF000000FF000000FF000000FF000000FF000000FF000000FF000000FF000000FF000000FF000000FF000000FF000000FF000000FF000000FF000000FF000000FF000000FF000000FF000000FF000000FF000000FF000000FF000000FF000000FFFFFFFFFFFFFFFFFFD6D6D6FFD6D6D6FFD6
310
D6D6FFD6D6D6FFFFFFFFFFFFFFFFFF000000FF000000FF000000FF000000FF000000FF000000FF000000FF000000FF000000FF000000FF000000FF000000FF000000FF000000FF000000FF000000FF000000FF000000FF000000FF000000FF000000FF000000FF000000FF000000FFFFFFFFFFFFFFFFFF000000FF000000FF
310
000000FF000000FFFFFFFFFFFFFFFFFF000000FF000000FF000000FF000000FF000000FF000000FF000000FF000000FF000000FF000000FF000000FF000000FF000000FF000000FF000000FF000000FF000000FF000000FF000000FF000000FF000000FF000000FF000000FF000000FFFFFFFFFFFFFFFFFF000000FF000000
310
FF000000FF000000FFFFFFFFFFFFFFFFFF000000FF000000FF000000FF000000FF000000FF000000FF000000FF000000FF000000FF000000FF000000FF000000FF000000FF000000FF000000FF000000FF000000FF000000FF000000FF000000FF000000FF000000FF000000FF000000FFFFFFFFFFFFFFFFFF000000FF0000
310
00FF000000FF000000FFFFFFFFFFFFFFFFFF000000FF000000FF000000FF000000FF000000FF000000FF000000FF000000FF000000FF000000FF000000FF000000FF000000FF000000FF000000FF000000FF000000FF000000FF000000FF000000FF000000FF000000FF000000FF000000FFFFFFFFFFFFFFFFFFD6D6D6FFD6
310
D6D6FFD6D6D6FFD6D6D6FFFFFFFFFFFFFFFFFF000000FF000000FF000000FF000000FF000000FF000000FF000000FF000000FF000000FF000000FF000000FF000000FF000000FF000000FF000000FF000000FF000000FF000000FF000000FF000000FF000000FF000000FF000000FF000000FFFFFFFFFFFFFFFFFFD6D6D6FF
310
CC9900FFCC9900FFD6D6D6FFFFFFFFFFFFFFFFFF000000FF000000FF000000FF000000FF000000FF000000FF000000FF000000FF000000FF000000FF000000FF000000FF000000FF000000FF000000FF000000FF000000FF000000FF000000FF000000FF000000FF000000FF000000FF000000FFFFFFFFFFFFFFFFFFD6D6D6
310
FFCC9900FFCC9900FFD6D6D6FFFFFFFFFFFFFFFFFF000000FF000000FF000000FF000000FF000000FF000000FF000000FF000000FF000000FF000000FF000000FF000000FF000000FF000000FF000000FF000000FF000000FF000000FF000000FF000000FF000000FF000000FF000000FF000000FFFFFFFFFFFFFFFFFFD6D6
310
D6FFCC9900FFCC9900FFD6D6D6FFFFFFFFFFFFFFFFFF000000FF000000FF000000FF000000FF000000FF000000FF000000FF000000FF000000FF000000FF000000FF000000FF000000FF000000FF000000FF000000FF000000FF000000FF000000FF000000FF000000FF000000FF000000FF000000FFFFFFFFFFFFFFFFFFD6
310
D6D6FFCC9900FFCC9900FFD6D6D6FFFFFFFFFFFFFFFFFF000000FF000000FF000000FF000000FF000000FF000000FF000000FF000000FF000000FF000000FF000000FF000000FF000000FF000000FF000000FF000000FF000000FF000000FF000000FF000000FF000000FF000000FF000000FF000000FFFFFFFFFFFFFFFFFF
310
D6D6D6FFCC9900FFCC9900FFD6D6D6FFFFFFFFFFFFFFFFFF000000FF000000FF000000FF000000FF000000FF000000FF000000FF000000FF000000FF000000FF000000FF000000FF000000FF000000FF000000FF000000FF000000FF000000FF000000FF000000FF000000FF000000FF000000FF000000FFFFFFFFFFFFFFFF
310
FFD6D6D6FFD6D6D6FFD6D6D6FFD6D6D6FFFFFFFFFFFFFFFFFF000000FF000000FF000000FF000000FF000000FF000000FF000000FF000000FF000000FF000000FF000000FF000000FF000000FF000000FF000000FF000000FF000000FF000000FF000000FF000000FF000000FF000000FF000000FF000000FFFFFFFFFF0000
310
00FF000000FF000000FF000000FF000000FF000000FFFFFFFFFF000000FF000000FF000000FF000000FF000000FF000000FF000000FF000000FF000000FF000000FF000000FF000000FF000000FF000000FF000000FF000000FF000000FF000000FF000000FF000000FF000000FF000000FF000000FF000000FFFFFFFFFFFF
310
FFFFFFFFFFFFFFFFFFFFFFFFFFFFFFFFFFFFFFFFFFFFFFFFFFFFFF000000FF000000FF000000FF000000FF000000FF000000FF000000FF000000FF000000FF000000FF000000FF000000FF000000FF000000FF000000FF000000FF000000FF000000FF000000FF000000FF000000FF000000FF000000FF000000FF000000FF
310
000000FF000000FF000000FF000000FF000000FF000000FF000000FF000000FF000000FF000000FF000000FF000000FF000000FF000000FF000000FF000000FF000000FF000000FF
 70
     4
280
     1
281
     0
  0
BLOCK_RECORD
  5
7DA7
330
1
100
AcDbSymbolTableRecord
100
AcDbBlockTableRecord
  2
_ArchTick
340
0
310
2800000020000000200000000100080000000000000400000000000000000000000000000000000000000000000080000080000000808000800000008000800080800000C0C0C000C0DCC000F0CAA6000020400000206000002080000020A0000020C0000020E00000400000004020000040400000406000004080000040A0
310
000040C0000040E00000600000006020000060400000606000006080000060A0000060C0000060E00000800000008020000080400000806000008080000080A0000080C0000080E00000A0000000A0200000A0400000A0600000A0800000A0A00000A0C00000A0E00000C0000000C0200000C0400000C0600000C0800000C0
310
A00000C0C00000C0E00000E0000000E0200000E0400000E0600000E0800000E0A00000E0C00000E0E00040000000400020004000400040006000400080004000A0004000C0004000E00040200000402020004020400040206000402080004020A0004020C0004020E000404000004040200040404000404060004040800040
310
40A0004040C0004040E00040600000406020004060400040606000406080004060A0004060C0004060E00040800000408020004080400040806000408080004080A0004080C0004080E00040A0000040A0200040A0400040A0600040A0800040A0A00040A0C00040A0E00040C0000040C0200040C0400040C0600040C08000
310
40C0A00040C0C00040C0E00040E0000040E0200040E0400040E0600040E0800040E0A00040E0C00040E0E00080000000800020008000400080006000800080008000A0008000C0008000E00080200000802020008020400080206000802080008020A0008020C0008020E00080400000804020008040400080406000804080
310
008040A0008040C0008040E00080600000806020008060400080606000806080008060A0008060C0008060E00080800000808020008080400080806000808080008080A0008080C0008080E00080A0000080A0200080A0400080A0600080A0800080A0A00080A0C00080A0E00080C0000080C0200080C0400080C0600080C0
310
800080C0A00080C0C00080C0E00080E0000080E0200080E0400080E0600080E0800080E0A00080E0C00080E0E000C0000000C0002000C0004000C0006000C0008000C000A000C000C000C000E000C0200000C0202000C0204000C0206000C0208000C020A000C020C000C020E000C0400000C0402000C0404000C0406000C0
310
408000C040A000C040C000C040E000C0600000C0602000C0604000C0606000C0608000C060A000C060C000C060E000C0800000C0802000C0804000C0806000C0808000C080A000C080C000C080E000C0A00000C0A02000C0A04000C0A06000C0A08000C0A0A000C0A0C000C0A0E000C0C00000C0C02000C0C04000C0C06000
310
C0C08000C0C0A000F0FBFF00A4A0A000808080000000FF0000FF000000FFFF00FF000000FF00FF00FFFF0000FFFFFF00FFFFFF00FFFFFFFFFFFFFFFFFFFFFFFFFFFFFFFFFFFFFFFFFFFFFFFFFFFFFFFFFFFF00FF00FFFFFFFFFFFFFFFFFFFFFFFFFFFFFFFFFFFFFFFFFFFFFFFFFFFFFFFF00FFFFFF00FFFFFFFFFFFFFFFFFF
310
FFFFFFFFFFFFFFFFFFFFFFFFFFFFFFFFFF00FFFFFFFFFF00FFFFFFFFFFFFFFFFFFFFFFFFFFFFFFFFFFFFFFFFFFFFFFFFFFFF00FFFFFFFFFF00FFFFFFFFFFFFFFFFFFFFFFFFFFFFFFFFFFFFFFFFFFFFFFFFFFFF00FFFFFFFFFF00FFFFFFFFFFFFFFFFFFFFFFFFFFFFFFFFFFFFFFFFFFFFFFFFFFFF00FFFFFFFFFF00FFFFFFFF
310
FFFFFFFFFFFFFFFFFFFFFFFFFFFFFFFFFFFFFFFFFFFF00FFFFFFFFFF00FFFFFFFFFFFFFFFFFFFFFFFFFFFFFFFFFFFFFFFFFFFFFFFFFFFF00FFFFFFFFFF00FFFFFFFFFFFFFFFFFFFFFFFFFFFFFFFFFFFFFFFFFFFFFFFFFFFF00FFFFFFFFFF00FFFFFFFFFFFFFFFFFFFFFFFFFFFFFFFFFFFFFFFFFFFFFFFFFFFF00FFFFFFFFFF
310
00FFFFFFFFFFFFFFFFFFFFFFFFFFFFFFFFFFFFFFFFFFFFFFFFFFFF00FFFFFFFFFF00FFFFFFFFFFFFFFFFFFFFFFFFFFFFFFFFFFFFFFFFFFFFFFFFFFFF00FFFFFFFFFF00FFFFFFFFFFFFFFFFFFFFFFFFFFFFFFFFFFFFFFFFFFFFFFFFFFFF00FFFFFFFFFF00FFFFFFFFFFFFFFFFFFFFFFFFFFFFFFFFFFFFFFFFFFFFFFFFFFFF00
310
FFFFFFFFFF00FFFFFFFFFFFFFFFFFFFFFFFFFFFFFFFFFFFFFFFFFFFFFFFFFFFF00FFFFFFFFFF00FFFFFFFFFFFFFFFFFFFFFFFFFFFFFFFFFFFFFFFFFFFFFFFFFFFF00FFFFFFFFFF00FFFFFFFFFFFFFFFFFFFFFFFFFFFFFFFFFFFFFFFFFFFFFFFFFFFF00FFFFFFFFFF00FFFFFFFFFFFFFFFFFFFFFFFFFFFFFFFFFFFFFFFFFFFF
310
FFFFFFFF00FFFFFFFFFF00FFFFFFFFFFFFFFFFFFFFFFFFFFFFFFFFFFFFFFFFFFFFFFFFFFFF00FFFFFFFFFF00FFFFFFFFFFFFFFFFFFFFFFFFFFFFFFFFFFFFFFFFFFFFFFFFFFFF00FFFFFFFFFF00FFFFFFFFFFFFFFFFFFFFFFFFFFFFFFFFFFFFFFFFFFFFFFFFFFFF00FFFFFFFFFF00FFFFFFFFFFFFFFFFFFFFFFFFFFFFFFFFFF
310
FFFFFFFFFFFFFFFFFF00FFFFFFFFFF00FFFFFFFFFFFFFFFFFFFFFFFFFFFFFFFFFFFFFFFFFFFFFFFFFFFF00FFFFFFFFFF00FFFFFFFFFFFFFFFFFFFFFFFFFFFFFFFFFFFFFFFFFFFFFFFFFFFF00FFFFFFFFFF00FFFFFFFFFFFFFFFFFFFFFFFFFFFFFFFFFFFFFFFFFFFFFFFFFFFF00FFFFFFFFFF00FFFFFFFFFFFFFFFFFFFFFFFF
310
FFFFFFFFFFFFFFFFFFFFFFFFFFFF00FFFFFFFFFF00FFFFFFFFFFFFFFFFFFFFFFFFFFFFFFFFFFFFFFFFFFFFFFFFFFFF00FFFFFFFFFF00FFFFFFFFFFFFFFFFFFFFFFFFFFFFFFFFFFFFFFFFFFFFFFFFFFFF00FFFFFFFFFF00FFFFFFFFFFFFFFFFFFFFFFFFFFFFFFFFFFFFFFFFFFFFFFFFFFFF00FFFFFF00FFFFFFFFFFFFFFFFFF
310
FFFFFFFFFFFFFFFFFFFFFFFFFFFFFFFFFFFFFF00FF00FFFFFFFFFFFFFFFFFFFFFFFFFFFFFFFFFFFFFFFFFFFFFFFFFFFFFFFFFFFF00FFFFFF
 70
     0
280
     1
281
     0
  0
BLOCK_RECORD
  5
7DAB
330
1
100
AcDbSymbolTableRecord
100
AcDbBlockTableRecord
  2
_Origin
340
0
310
2800000020000000200000000100080000000000000400000000000000000000000000000000000000000000000080000080000000808000800000008000800080800000C0C0C000C0DCC000F0CAA6000020400000206000002080000020A0000020C0000020E00000400000004020000040400000406000004080000040A0
310
000040C0000040E00000600000006020000060400000606000006080000060A0000060C0000060E00000800000008020000080400000806000008080000080A0000080C0000080E00000A0000000A0200000A0400000A0600000A0800000A0A00000A0C00000A0E00000C0000000C0200000C0400000C0600000C0800000C0
310
A00000C0C00000C0E00000E0000000E0200000E0400000E0600000E0800000E0A00000E0C00000E0E00040000000400020004000400040006000400080004000A0004000C0004000E00040200000402020004020400040206000402080004020A0004020C0004020E000404000004040200040404000404060004040800040
310
40A0004040C0004040E00040600000406020004060400040606000406080004060A0004060C0004060E00040800000408020004080400040806000408080004080A0004080C0004080E00040A0000040A0200040A0400040A0600040A0800040A0A00040A0C00040A0E00040C0000040C0200040C0400040C0600040C08000
310
40C0A00040C0C00040C0E00040E0000040E0200040E0400040E0600040E0800040E0A00040E0C00040E0E00080000000800020008000400080006000800080008000A0008000C0008000E00080200000802020008020400080206000802080008020A0008020C0008020E00080400000804020008040400080406000804080
310
008040A0008040C0008040E00080600000806020008060400080606000806080008060A0008060C0008060E00080800000808020008080400080806000808080008080A0008080C0008080E00080A0000080A0200080A0400080A0600080A0800080A0A00080A0C00080A0E00080C0000080C0200080C0400080C0600080C0
310
800080C0A00080C0C00080C0E00080E0000080E0200080E0400080E0600080E0800080E0A00080E0C00080E0E000C0000000C0002000C0004000C0006000C0008000C000A000C000C000C000E000C0200000C0202000C0204000C0206000C0208000C020A000C020C000C020E000C0400000C0402000C0404000C0406000C0
310
408000C040A000C040C000C040E000C0600000C0602000C0604000C0606000C0608000C060A000C060C000C060E000C0800000C0802000C0804000C0806000C0808000C080A000C080C000C080E000C0A00000C0A02000C0A04000C0A06000C0A08000C0A0A000C0A0C000C0A0E000C0C00000C0C02000C0C04000C0C06000
310
C0C08000C0C0A000F0FBFF00A4A0A000808080000000FF0000FF000000FFFF00FF000000FF00FF00FFFF0000FFFFFF00FFFFFFFFFFFFFFFFFFFFFFFFFFFFFFFFFFFFFFFFFFFFFFFFFFFFFFFFFFFFFFFFFFFFFFFFFFFFFFFFFFFFFFFFFFFFFFFFFFFFFFFFFFFFFFFFFFFFFFFFFFFFFFFFFFFFFFFFFFFFFFFFFFFFFFFFFFFFFF
310
FFFFFFFFFFFFFFFFFFFFFFFFFFFFFFFFFFFFFFFFFFFFFFFFFFFFFFFFFFFFFFFFFFFFFFFFFFFFFFFFFFFFFFFFFFFFFFFFFFFFFFFFFFFFFFFFFFFFFFFFFFFFFFFFFFFFFFFFFFFFFFFFFFFFFFFFFFFFFFFFFFFFFFFFFFFFFFFFFFFFFFFFFFFFFFFFFFFFFFFFFFFFFFFFFFFFFFFFFFFFFFFFFFFFFFFFFFFFFFFFFFFFFFFFFFFFFF
310
FFFFFFFFFF00000000FFFFFFFFFFFFFFFFFFFFFFFFFFFFFFFFFFFFFFFFFFFFFFFF00000000FFFFFFFF0000FFFFFFFFFFFFFFFFFFFFFFFFFFFFFFFFFFFFFFFFFF00FFFFFFFFFFFFFFFFFFFF0000FFFFFFFFFFFFFFFFFFFFFFFFFFFFFFFFFFFF00FFFFFFFFFFFFFFFFFFFFFFFFFF00FFFFFFFFFFFFFFFFFFFFFFFFFFFFFFFFFF
310
00FFFFFFFFFFFFFFFFFFFFFFFFFF00FFFFFFFFFFFFFFFFFFFFFFFFFFFFFFFF00FFFFFFFFFFFFFFFFFFFFFFFFFFFFFF00FFFFFFFFFFFFFFFFFFFFFFFFFFFF00FFFFFFFFFFFFFFFFFFFFFFFFFFFFFFFF00FFFFFFFFFFFFFFFFFFFFFFFFFFFF00FFFFFFFFFFFFFFFFFFFFFFFFFFFFFFFFFF00FFFFFFFFFFFFFFFFFFFFFFFFFF00
310
FFFFFFFFFFFFFFFFFFFFFFFFFFFFFFFFFF00FFFFFFFFFFFFFFFFFFFFFFFFFF00FFFFFFFFFFFFFFFFFFFFFFFFFFFFFFFFFFFF00FFFF0000000000000000000000000000000000000000FFFFFFFFFFFFFFFFFF00FFFFFFFFFFFFFFFFFFFFFFFF00FFFFFFFFFFFFFFFFFFFFFFFFFFFFFFFFFFFF00FFFFFFFFFFFFFFFFFFFFFFFF
310
00FFFFFFFFFFFFFFFFFFFFFFFFFFFFFFFFFF00FFFFFFFFFFFFFFFFFFFFFFFFFF00FFFFFFFFFFFFFFFFFFFFFFFFFFFFFFFFFF00FFFFFFFFFFFFFFFFFFFFFFFFFFFF00FFFFFFFFFFFFFFFFFFFFFFFFFFFFFF00FFFFFFFFFFFFFFFFFFFFFFFFFFFFFFFF00FFFFFFFFFFFFFFFFFFFFFFFFFFFF00FFFFFFFFFFFFFFFFFFFFFFFFFF
310
FFFFFF00FFFFFFFFFFFFFFFFFFFFFFFFFF00FFFFFFFFFFFFFFFFFFFFFFFFFFFFFFFFFFFF00FFFFFFFFFFFFFFFFFFFF0000FFFFFFFFFFFFFFFFFFFFFFFFFFFFFFFFFFFFFFFF00000000FFFFFFFF0000FFFFFFFFFFFFFFFFFFFFFFFFFFFFFFFFFFFFFFFFFFFFFFFFFFFF00000000FFFFFFFFFFFFFFFFFFFFFFFFFFFFFFFFFFFF
310
FFFFFFFFFFFFFFFFFFFFFFFFFFFFFFFFFFFFFFFFFFFFFFFFFFFFFFFFFFFFFFFFFFFFFFFFFFFFFFFFFFFFFFFFFFFFFFFFFFFFFFFFFFFFFFFFFFFFFFFFFFFFFFFFFFFFFFFFFFFFFFFFFFFFFFFFFFFFFFFFFFFFFFFFFFFFFFFFFFFFFFFFFFFFFFFFFFFFFFFFFFFFFFFFFFFFFFFFFFFFFFFFFFFFFFFFFFFFFFFFFFFFFFFFFFFFFF
310
FFFFFFFFFFFFFFFFFFFFFFFFFFFFFFFFFFFFFFFFFFFFFFFFFFFFFFFFFFFFFFFFFFFFFFFFFFFFFFFFFFFFFFFFFFFFFFFFFFFFFFFFFFFFFFFF
 70
     0
280
     1
281
     0
  0
BLOCK_RECORD
  5
105AB
330
1
100
AcDbSymbolTableRecord
100
AcDbBlockTableRecord
  2
SLD_NOTES
340
0
310
2800000020000000200000000100080000000000000400003E0000003D000000000000000000000000000000000080000080000000808000800000008000800080800000C0C0C000C0DCC000F0CAA6000020400000206000002080000020A0000020C0000020E00000400000004020000040400000406000004080000040A0
310
000040C0000040E00000600000006020000060400000606000006080000060A0000060C0000060E00000800000008020000080400000806000008080000080A0000080C0000080E00000A0000000A0200000A0400000A0600000A0800000A0A00000A0C00000A0E00000C0000000C0200000C0400000C0600000C0800000C0
310
A00000C0C00000C0E00000E0000000E0200000E0400000E0600000E0800000E0A00000E0C00000E0E00040000000400020004000400040006000400080004000A0004000C0004000E00040200000402020004020400040206000402080004020A0004020C0004020E000404000004040200040404000404060004040800040
310
40A0004040C0004040E00040600000406020004060400040606000406080004060A0004060C0004060E00040800000408020004080400040806000408080004080A0004080C0004080E00040A0000040A0200040A0400040A0600040A0800040A0A00040A0C00040A0E00040C0000040C0200040C0400040C0600040C08000
310
40C0A00040C0C00040C0E00040E0000040E0200040E0400040E0600040E0800040E0A00040E0C00040E0E00080000000800020008000400080006000800080008000A0008000C0008000E00080200000802020008020400080206000802080008020A0008020C0008020E00080400000804020008040400080406000804080
310
008040A0008040C0008040E00080600000806020008060400080606000806080008060A0008060C0008060E00080800000808020008080400080806000808080008080A0008080C0008080E00080A0000080A0200080A0400080A0600080A0800080A0A00080A0C00080A0E00080C0000080C0200080C0400080C0600080C0
310
800080C0A00080C0C00080C0E00080E0000080E0200080E0400080E0600080E0800080E0A00080E0C00080E0E000C0000000C0002000C0004000C0006000C0008000C000A000C000C000C000E000C0200000C0202000C0204000C0206000C0208000C020A000C020C000C020E000C0400000C0402000C0404000C0406000C0
310
408000C040A000C040C000C040E000C0600000C0602000C0604000C0606000C0608000C060A000C060C000C060E000C0800000C0802000C0804000C0806000C0808000C080A000C080C000C080E000C0A00000C0A02000C0A04000C0A06000C0A08000C0A0A000C0A0C000C0A0E000C0C00000C0C02000C0C04000C0C06000
310
C0C08000C0C0A000F0FBFF00A4A0A000808080000000FF0000FF000000FFFF00FF000000FF00FF00FFFF0000FFFFFF000090FF1500FF6F000000D8FFFFFFFFFF2600000000150000009002F60AD8FFFF0090022600FF6F00009000FFFFF6E4FFFF6F0000D86F0000000000BC00FF27000002FFFFFFFFFFFFFFFFFFFFFFFFF7
310
00FF6F000090B70000000000E0F60015000002FFFFFFFFFFFFFFFFFFFFFFFFFFFFFFFFFFFFFFFFFFFFFFFFFFFFFFFFFFFF00FEFFFFFFFFFFFFFFFFFFFFFFFFFFFFFFFFFFFFFFFFFFFFFFFFFFFFFFFFFFFF00B9FFFFFFFFFFFFFFFFFFFFFFFFFFFFFFFFFFFFFFFFFFFFFFFFFFFFFFFFFFFF0000FFFFFFFFFFFFFFFFFFFFFFFF
310
FFFFFFFFFFFFFFFFFFFFFFFFFFFFFFFFFFFF0000FFFFFFFFFFFFFFFFFFFFFFFFFFFFFFFFFFFFFFFFFFFFFFFFFFFFFFFFFFFF00BCFFFFFFFFFFFFFFFFFFFFFFFFFFFFFFFFFFFFFFFFFFFFFFFFFFFFFFFFFFFF00B9FFFFFFFFFFFFFFFFFFFFFFFFFFFFFFFFFFFFFFFFFFFFFFFFFFFFFFFFFFFF0000FFFFFFFFFFFFFFFFFFFFFF
310
FFFFFFFFFFFFFFFFFFFFFFFFFFFFFFFFFFFFFF00F1FFFFFFFFFFFFFFFFFFFFFFFFFFFFFFFFFFFFFFFFFFFFFFFFFFFFFFFFFFFF00F2FFFFFFFFFFFFFFFFFFFFFFFFFFFFFFFFFFFFFFFFFFFFFFFFFFFFFFFFFFFF00FFFFFFFFFFFFFFFFFFFFFFFFFFFFFFFFFFFFFFFFFFFFFFFFFFFFFFFFFFFFFF00F8FFFFFFFFFFFFFFFFFFFF
310
FFFFFFFFFFFFFFFFFFFFFFFFFFFFFFFFFFFFFFFF00BBFFFFFFFFFFFFFFFFFFFFFFFFFFFFFFFFFFFFFFFFFFFFFFFFFFFFFFFFFFFF00FEFFFFFFFFFFFFFFFFFFFFFFFFFFFFFFFFFFFFFFFFFFFFFFFFFFFFFFFFFFFF04FFFFFFFFFFFFFFFFFFFFFFFFFFFFFFFFFFFFFFFFFFFFFFFFFFFFFFFFFFFFFF0098FFFFFFFFFFFFFFFFFF
310
FFFFFFFFFFFFFFFFFFFFFFFFFFFFFFFFFFFFFFFFFF00C0FFFFFFFFFFFFFFFFFFFFFFFFFFFFFFFFFFFFFFFFFFFFFFFFFFFFFFFFFFFF000400FFFFFFFFFFFFFFFFFFFFFFFFFFFFFFFFFFFFFFFFFFFFFFFFFFFFFFFFFF004000FFFFFFFFFFFFFFFFFFFFFFFFFFFFFFFFFFFFFFFFFFFFFFFFFFFFFFFFFF00D0FFFFF6FFFFFFFFBF
310
FFFFFFFFFFFF6F0004FFFFF6ECFFF61590FF6F0400260004FFFFF600FFFFFFFFFFFFF6FFFFFF150000FFFFBF02FFF61590FF6F0400260400FFFFFFFFFFFFFFFFFFFF2600FFFFFFFFFFFFFFFFFFFFF6150402BF0400260004FFFFFFFFFF160000FFF61500000000000000000000000000000000000000004002FFFFFFFF1600
310
00FFF60A000000000000000000000000000000000000000040BDFFFFF6F6160000FFFFBF000000000000000000000000000000000000000040BDFFFFFFF61590FFFFF615000000000000000000000000000000000000000004FFFFFFFFFFFFFFFFFFF60A000000000000000000000000000000000000000000000000000000
310
0000000000000000000000000000000000000000000000000000000000000000000000000000000000000000000000000000000000000000
102
{BLKREFS
331
105C3
102
}
 70
     4
280
     1
281
     0
1001
AcDbDynamicBlockGUID
1000
{BA71F434-E297-4E4D-9CF3-E03B72B387E7}
  0
BLOCK_RECORD
  5
10A02
330
1
100
AcDbSymbolTableRecord
100
AcDbBlockTableRecord
  2
FUSE
340
0
310
2800000020000000200000000100080000000000000400000000000000000000000000000000000000000000000080000080000000808000800000008000800080800000C0C0C000C0DCC000F0CAA6000020400000206000002080000020A0000020C0000020E00000400000004020000040400000406000004080000040A0
310
000040C0000040E00000600000006020000060400000606000006080000060A0000060C0000060E00000800000008020000080400000806000008080000080A0000080C0000080E00000A0000000A0200000A0400000A0600000A0800000A0A00000A0C00000A0E00000C0000000C0200000C0400000C0600000C0800000C0
310
A00000C0C00000C0E00000E0000000E0200000E0400000E0600000E0800000E0A00000E0C00000E0E00040000000400020004000400040006000400080004000A0004000C0004000E00040200000402020004020400040206000402080004020A0004020C0004020E000404000004040200040404000404060004040800040
310
40A0004040C0004040E00040600000406020004060400040606000406080004060A0004060C0004060E00040800000408020004080400040806000408080004080A0004080C0004080E00040A0000040A0200040A0400040A0600040A0800040A0A00040A0C00040A0E00040C0000040C0200040C0400040C0600040C08000
310
40C0A00040C0C00040C0E00040E0000040E0200040E0400040E0600040E0800040E0A00040E0C00040E0E00080000000800020008000400080006000800080008000A0008000C0008000E00080200000802020008020400080206000802080008020A0008020C0008020E00080400000804020008040400080406000804080
310
008040A0008040C0008040E00080600000806020008060400080606000806080008060A0008060C0008060E00080800000808020008080400080806000808080008080A0008080C0008080E00080A0000080A0200080A0400080A0600080A0800080A0A00080A0C00080A0E00080C0000080C0200080C0400080C0600080C0
310
800080C0A00080C0C00080C0E00080E0000080E0200080E0400080E0600080E0800080E0A00080E0C00080E0E000C0000000C0002000C0004000C0006000C0008000C000A000C000C000C000E000C0200000C0202000C0204000C0206000C0208000C020A000C020C000C020E000C0400000C0402000C0404000C0406000C0
310
408000C040A000C040C000C040E000C0600000C0602000C0604000C0606000C0608000C060A000C060C000C060E000C0800000C0802000C0804000C0806000C0808000C080A000C080C000C080E000C0A00000C0A02000C0A04000C0A06000C0A08000C0A0A000C0A0C000C0A0E000C0C00000C0C02000C0C04000C0C06000
310
C0C08000C0C0A000F0FBFF00A4A0A000808080000000FF0000FF000000FFFF00FF000000FF00FF00FFFF0000FFFFFF0000000000000000000000000000000000000000000000000000000000000000000000000000000000000000000000000000000000000000000000000000000000000000000000000000000000000000
310
00000000000000000000000000000000000000000000000000000000000000000000000000000000000000000000000000000000000000000000000000000000000000000000000000000000000000000000000000000000000000000000000000000000000000000000000000000000000000000000000000000000000000
310
00000000000000000000000000000000000000000000000000000000000000000000000000000000000000000000000000000000000000000000000000000000000000000000000000000000000000000000000000000000000000000000000000000000000000000000000000000000000000000000000000000000000000
310
00000000000000000000000000000000000000000000000000000000000000000000000000000000000000000000000000000000FFFFFFFFFFFFFFFFFFFFFFFFFFFFFFFFFFFFFFFFFFFFFFFFFFFFFFFFFFFFFF00FF00000000FFFFFFFFFFFFFFFFFFFFFFFFFFFFFFFFFFFFFFFFFF00000000FF00FF00000000FF0000000000
310
000000FFFF000000000000000000FF00000000FF00FF00000000FF0000000000000000FFFF000000000000000000FF00000000FF00FF00000000FF0000000000000000FFFFFF0000000000000000FF00000000FF00FFFFFFFFFFFFFFFFFFFFFFFFFFFFFFFFFFFFFFFFFFFFFFFFFFFFFFFFFFFFFF00FFFFFFFFFFFFFFFFFFFF
310
FFFFFFFFFFFFFFFFFFFFFFFFFFFFFFFFFFFFFFFF0000000000000000000000000000000000000000000000000000000000000000000000000000000000000000000000000000000000000000000000000000000000000000000000000000000000000000000000000000000000000000000000000000000000000000000000
310
00000000000000000000000000000000000000000000000000000000000000000000000000000000000000000000000000000000000000000000000000000000000000000000000000000000000000000000000000000000000000000000000000000000000000000000000000000000000000000000000000000000000000
310
00000000000000000000000000000000000000000000000000000000000000000000000000000000000000000000000000000000000000000000000000000000000000000000000000000000000000000000000000000000000000000000000000000000000000000000000000000000000000000000000000000000000000
310
0000000000000000000000000000000000000000000000000000000000000000000000000000000000000000000000000000000000000000
102
{BLKREFS
331
10A0B
102
}
 70
     4
280
     1
281
     0
  0
BLOCK_RECORD
  5
10A1F
330
1
100
AcDbSymbolTableRecord
100
AcDbBlockTableRecord
  2
Male
340
0
310
2800000020000000200000000100080000000000000400000000010020000000000000000000000000000000000080000080000000808000800000008000800080800000C0C0C000C0DCC000F0CAA6000020400000206000002080000020A0000020C0000020E00000400000004020000040400000406000004080000040A0
310
000040C0000040E00000600000006020000060400000606000006080000060A0000060C0000060E00000800000008020000080400000806000008080000080A0000080C0000080E00000A0000000A0200000A0400000A0600000A0800000A0A00000A0C00000A0E00000C0000000C0200000C0400000C0600000C0800000C0
310
A00000C0C00000C0E00000E0000000E0200000E0400000E0600000E0800000E0A00000E0C00000E0E00040000000400020004000400040006000400080004000A0004000C0004000E00040200000402020004020400040206000402080004020A0004020C0004020E000404000004040200040404000404060004040800040
310
40A0004040C0004040E00040600000406020004060400040606000406080004060A0004060C0004060E00040800000408020004080400040806000408080004080A0004080C0004080E00040A0000040A0200040A0400040A0600040A0800040A0A00040A0C00040A0E00040C0000040C0200040C0400040C0600040C08000
310
40C0A00040C0C00040C0E00040E0000040E0200040E0400040E0600040E0800040E0A00040E0C00040E0E00080000000800020008000400080006000800080008000A0008000C0008000E00080200000802020008020400080206000802080008020A0008020C0008020E00080400000804020008040400080406000804080
310
008040A0008040C0008040E00080600000806020008060400080606000806080008060A0008060C0008060E00080800000808020008080400080806000808080008080A0008080C0008080E00080A0000080A0200080A0400080A0600080A0800080A0A00080A0C00080A0E00080C0000080C0200080C0400080C0600080C0
310
800080C0A00080C0C00080C0E00080E0000080E0200080E0400080E0600080E0800080E0A00080E0C00080E0E000C0000000C0002000C0004000C0006000C0008000C000A000C000C000C000E000C0200000C0202000C0204000C0206000C0208000C020A000C020C000C020E000C0400000C0402000C0404000C0406000C0
310
408000C040A000C040C000C040E000C0600000C0602000C0604000C0606000C0608000C060A000C060C000C060E000C0800000C0802000C0804000C0806000C0808000C080A000C080C000C080E000C0A00000C0A02000C0A04000C0A06000C0A08000C0A0A000C0A0C000C0A0E000C0C00000C0C02000C0C04000C0C06000
310
C0C08000C0C0A000F0FBFF00A4A0A000808080000000FF0000FF000000FFFF00FF000000FF00FF00FFFF0000FFFFFF0000000000000000000000000000000000000000000000000000000000000000000000000000000000000000000000000000000000000000000000000000000000000000000000000000000000000000
310
00000000000000000000000000000000000000000000000000000000000000000000000000000000000000000000000000000000000000000000000000000000000000000000000000000000000000000000000000000000000000000000000000000000000000000000000000000000000000000000000000000000000000
310
00000000000000000000000000000000000000000000000000000000000000000000000000000000000000000000000000000000000000000000000000000000000000000000000000000000000000000000000000000000000000000000000000000000000000000000000000000000000000000000000000000000000000
310
00000000000000000000000000000000FFFF0000FF00FFFFFFFFFFFFFFFFFFFFFFFFFFFFFFFFFFFFFFFF000000FFFFFFFFFF000000FF070000000000000007FFFFFFFFFFFFFFFFFFFFFF000000FFFFFFFF000000FF00070000000000000007FFFFFFFFFFFFFFFFFFFFFFFFFFFFFFFFFFFFFFFF00FF000700000000000000FF
310
FFFFFFFF00FFFFFFFFFFFFFFFFFFFFFFFFFFFFFF00FF000700000000000000FFFFFFFFFF00FFFF0000FFFFFFFFFFFFFFFFFFFFFF00FF000700000000000000FF07FFFFFF00FFFF0000FFFFFFFFFFFFFFFFFFFFFF00FF000700000000000000FF07FF00FF00FFFFFFFFFFFFFFFFFFFFFFFFFFFF0000FF000700000000000000
310
FF07FF00FFFFFFFF00FFFFFFFFFFFFFFFFFFFFFF0000FF000700000000000000FFFF00FFFFFFFFFFFFFFFFFF000000FFFFFFFFFF000000FF07FFFFFFFFFFFFFF00FFFFFFFFFFFFFFFFFFFFFF000000FFFFFFFFFF00000000000000000000000000000000000000000000000000000000000000000000000000000000000000
310
00000000000000000000000000000000000000000000000000000000000000000000000000000000000000000000000000000000000000000000000000000000000000000000000000000000000000000000000000000000000000000000000000000000000000000000000000000000000000000000000000000000000000
310
00000000000000000000000000000000000000000000000000000000000000000000000000000000000000000000000000000000000000000000000000000000000000000000000000000000000000000000000000000000000000000000000000000000000000000000000000000000000000000000000000000000000000
310
0000000000000000000000000000000000000000000000000000000000000000000000000000000000000000000000000000000000000000
102
{BLKREFS
331
10A2A
102
}
 70
     4
280
     1
281
     0
  0
BLOCK_RECORD
  5
10A2B
102
{ACAD_XDICTIONARY
360
10A34
102
}
330
1
100
AcDbSymbolTableRecord
100
AcDbBlockTableRecord
  2
zw$EC05
340
0
 70
     4
280
     1
281
     0
  0
BLOCK_RECORD
  5
10A38
102
{ACAD_XDICTIONARY
360
10A43
102
}
330
1
100
AcDbSymbolTableRecord
100
AcDbBlockTableRecord
  2
zw$11ED
340
0
 70
     4
280
     1
281
     0
  0
BLOCK_RECORD
  5
10A5A
330
1
100
AcDbSymbolTableRecord
100
AcDbBlockTableRecord
  2
ENG
340
0
310
280000002000000020000000010008000000000000040000741266631C889240000000000000000000000000000080000080000000808000800000008000800080800000C0C0C000C0DCC000F0CAA6000020400000206000002080000020A0000020C0000020E00000400000004020000040400000406000004080000040A0
310
000040C0000040E00000600000006020000060400000606000006080000060A0000060C0000060E00000800000008020000080400000806000008080000080A0000080C0000080E00000A0000000A0200000A0400000A0600000A0800000A0A00000A0C00000A0E00000C0000000C0200000C0400000C0600000C0800000C0
310
A00000C0C00000C0E00000E0000000E0200000E0400000E0600000E0800000E0A00000E0C00000E0E00040000000400020004000400040006000400080004000A0004000C0004000E00040200000402020004020400040206000402080004020A0004020C0004020E000404000004040200040404000404060004040800040
310
40A0004040C0004040E00040600000406020004060400040606000406080004060A0004060C0004060E00040800000408020004080400040806000408080004080A0004080C0004080E00040A0000040A0200040A0400040A0600040A0800040A0A00040A0C00040A0E00040C0000040C0200040C0400040C0600040C08000
310
40C0A00040C0C00040C0E00040E0000040E0200040E0400040E0600040E0800040E0A00040E0C00040E0E00080000000800020008000400080006000800080008000A0008000C0008000E00080200000802020008020400080206000802080008020A0008020C0008020E00080400000804020008040400080406000804080
310
008040A0008040C0008040E00080600000806020008060400080606000806080008060A0008060C0008060E00080800000808020008080400080806000808080008080A0008080C0008080E00080A0000080A0200080A0400080A0600080A0800080A0A00080A0C00080A0E00080C0000080C0200080C0400080C0600080C0
310
800080C0A00080C0C00080C0E00080E0000080E0200080E0400080E0600080E0800080E0A00080E0C00080E0E000C0000000C0002000C0004000C0006000C0008000C000A000C000C000C000E000C0200000C0202000C0204000C0206000C0208000C020A000C020C000C020E000C0400000C0402000C0404000C0406000C0
310
408000C040A000C040C000C040E000C0600000C0602000C0604000C0606000C0608000C060A000C060C000C060E000C0800000C0802000C0804000C0806000C0808000C080A000C080C000C080E000C0A00000C0A02000C0A04000C0A06000C0A08000C0A0A000C0A0C000C0A0E000C0C00000C0C02000C0C04000C0C06000
310
C0C08000C0C0A000F0FBFF00A4A0A000808080000000FF0000FF000000FFFF00FF000000FF00FF00FFFF0000FFFFFF000000000000000000000000000000FF0000FFFF00000000000000000000000000000000000000000000000000FFFFFFFFFFFFFFFFFF0000000000000000000000000000000000000000000000FFFFFF
310
FFFFFFFFFFFF0000000000000000000000000000000000000000000000FFFFFFFF00FFFFFFFF0000000000000000000000000000000000000000000000000000FFFFFF0000000000000000000000000000000000000000000000000000000000FF00FF00000000000000000000000000000000000000000000000000000000
310
00FFFFFF000000000000000000000000000000000000000000000000000000000000FF00000000000000000000000000000000000000000000000000000000000000FF00000000000000000000000000000000000000000000000000000000000000FF00000000000000000000000000000000000000000000000000000000
310
000000FF00000000000000000000000000000000000000000000000000000000000000FF00000000000000000000000000000000000000000000000000000000000000FF00000000000000000000000000000000000000000000000000000000000000FF000000000000000000000000000000000000000000000000000000
310
00000000FF00000000000000000000000000000000000000000000000000000000000000FF00000000000000000000000000000000000000000000000000000000000000FF00000000000000000000000000000000000000000000000000000000000000FF0000000000000000000000000000000000000000000000000000
310
0000000000FF00000000000000000000000000000000000000000000000000000000000000FF00000000000000000000000000000000000000000000000000000000000000FF000000000000000000000000000000000000000000000000000000000000FF07FF000000000000000000000000000000000000000000000000
310
0000000000FF00FF00000000000000000000000000000000000000000000000000000000000707070000000000000000000000000000000000000000000000000000000000FF07FF0000000000000000000000000000000000000000000000000000000000FF07FF0000000000000000000000000000000000000000000000
310
000000000000FFFFFF0000000000000000000000000000000000000000000000000000000000FFFFFF0000000000000000000000000000000000000000000000000000000000FFFFFF0000000000000000000000000000000000000000000000000000000000FFFFFFFF000000000000000000000000000000000000000000
310
00000000000000FFFFFFFF000000000000000000000000000000000000000000000000000000000000000000000000000000000000000000
102
{BLKREFS
331
10A67
102
}
 70
     4
280
     1
281
     0
  0
BLOCK_RECORD
  5
10A7A
330
1
100
AcDbSymbolTableRecord
100
AcDbBlockTableRecord
  2
Femal
340
0
310
2800000020000000200000000100080000000000000400000000000000000000000000000000000000000000000080000080000000808000800000008000800080800000C0C0C000C0DCC000F0CAA6000020400000206000002080000020A0000020C0000020E00000400000004020000040400000406000004080000040A0
310
000040C0000040E00000600000006020000060400000606000006080000060A0000060C0000060E00000800000008020000080400000806000008080000080A0000080C0000080E00000A0000000A0200000A0400000A0600000A0800000A0A00000A0C00000A0E00000C0000000C0200000C0400000C0600000C0800000C0
310
A00000C0C00000C0E00000E0000000E0200000E0400000E0600000E0800000E0A00000E0C00000E0E00040000000400020004000400040006000400080004000A0004000C0004000E00040200000402020004020400040206000402080004020A0004020C0004020E000404000004040200040404000404060004040800040
310
40A0004040C0004040E00040600000406020004060400040606000406080004060A0004060C0004060E00040800000408020004080400040806000408080004080A0004080C0004080E00040A0000040A0200040A0400040A0600040A0800040A0A00040A0C00040A0E00040C0000040C0200040C0400040C0600040C08000
310
40C0A00040C0C00040C0E00040E0000040E0200040E0400040E0600040E0800040E0A00040E0C00040E0E00080000000800020008000400080006000800080008000A0008000C0008000E00080200000802020008020400080206000802080008020A0008020C0008020E00080400000804020008040400080406000804080
310
008040A0008040C0008040E00080600000806020008060400080606000806080008060A0008060C0008060E00080800000808020008080400080806000808080008080A0008080C0008080E00080A0000080A0200080A0400080A0600080A0800080A0A00080A0C00080A0E00080C0000080C0200080C0400080C0600080C0
310
800080C0A00080C0C00080C0E00080E0000080E0200080E0400080E0600080E0800080E0A00080E0C00080E0E000C0000000C0002000C0004000C0006000C0008000C000A000C000C000C000E000C0200000C0202000C0204000C0206000C0208000C020A000C020C000C020E000C0400000C0402000C0404000C0406000C0
310
408000C040A000C040C000C040E000C0600000C0602000C0604000C0606000C0608000C060A000C060C000C060E000C0800000C0802000C0804000C0806000C0808000C080A000C080C000C080E000C0A00000C0A02000C0A04000C0A06000C0A08000C0A0A000C0A0C000C0A0E000C0C00000C0C02000C0C04000C0C06000
310
C0C08000C0C0A000F0FBFF00A4A0A000808080000000FF0000FF000000FFFF00FF000000FF00FF00FFFF0000FFFFFF0000000000000000000000000000000000000000000000000000000000000000000000000000000000000000000000000000000000000000000000000000000000000000000000000000000000000000
310
00000000000000000000000000000000000000000000000000000000000000000000000000000000000000000000000000000000000000000000000000000000000000000000000000000000000000000000000000000000000000000000000000000000000000000000000000000000000000000000000000000000000000
310
0000000000000000000000000000000000000000000000000000000000000000000000000000000000000000000000000000000000000000000000000000000000000000000000000000000000000000000000000000000000000000000000000000000000000000000000000000000000000000FF0000000000000000FFFF
310
FF00FFFFFFFFFFFFFF00FFFFFFFFFFFFFF00000000FFFFFFFFFFFFFF0000FFFFFFFFFFFFFFFFFF0007FF00000000000007FFFF0000FFFFFFFFFFFFFFFFFFFFFFFFFFFFFFFFFFFFFF07070000000000000700FF00FFFFFFFFFFFFFFFFFFFFFFFF07FFFFFF00FFFFFF07070000000000000700FF00FFFFFF00FF000000000000
310
0007FFFFFF00FFFFFF07070000000000000700FF00FFFFFFFFFF0000000000000007FFFFFF00FFFFFF07FF0000000000000700FF00FFFFFFFFFFFFFFFFFFFFFFFFFFFFFFFFFFFFFFFF07FF0000000000000700FF00FFFFFFFFFFFFFFFFFFFFFFFFFFFFFFFFFFFFFFFFFFFF000000000000FF00FF0000FFFF00000000000000
310
FFFFFF00FFFFFFFFFFFFFFFFFFFFFFFFFFFFFFFF000000FFFF000000000000000000000000000000000000000000000000000000000000FFFF00000000000000000000000000000000000000000000000000000000000000000000000000000000000000000000000000000000000000000000000000000000000000000000
310
00000000000000000000000000000000000000000000000000000000000000000000000000000000000000000000000000000000000000000000000000000000000000000000000000000000000000000000000000000000000000000000000000000000000000000000000000000000000000000000000000000000000000
310
00000000000000000000000000000000000000000000000000000000000000000000000000000000000000000000000000000000000000000000000000000000000000000000000000000000000000000000000000000000000000000000000000000000000000000000000000000000000000000000000000000000000000
310
0000000000000000000000000000000000000000000000000000000000000000000000000000000000000000000000000000000000000000
102
{BLKREFS
331
10A86
102
}
 70
     4
280
     1
281
     0
1001
AcDbDynamicBlockGUID
1000
{C6B92E8F-023C-47E3-BB5D-91DBC87162A6}
  0
BLOCK_RECORD
  5
10A83
330
1
100
AcDbSymbolTableRecord
100
AcDbBlockTableRecord
  2
Fmale
340
0
310
2800000020000000200000000100080000000000000400007200730069006F00000000000000000000000000000080000080000000808000800000008000800080800000C0C0C000C0DCC000F0CAA6000020400000206000002080000020A0000020C0000020E00000400000004020000040400000406000004080000040A0
310
000040C0000040E00000600000006020000060400000606000006080000060A0000060C0000060E00000800000008020000080400000806000008080000080A0000080C0000080E00000A0000000A0200000A0400000A0600000A0800000A0A00000A0C00000A0E00000C0000000C0200000C0400000C0600000C0800000C0
310
A00000C0C00000C0E00000E0000000E0200000E0400000E0600000E0800000E0A00000E0C00000E0E00040000000400020004000400040006000400080004000A0004000C0004000E00040200000402020004020400040206000402080004020A0004020C0004020E000404000004040200040404000404060004040800040
310
40A0004040C0004040E00040600000406020004060400040606000406080004060A0004060C0004060E00040800000408020004080400040806000408080004080A0004080C0004080E00040A0000040A0200040A0400040A0600040A0800040A0A00040A0C00040A0E00040C0000040C0200040C0400040C0600040C08000
310
40C0A00040C0C00040C0E00040E0000040E0200040E0400040E0600040E0800040E0A00040E0C00040E0E00080000000800020008000400080006000800080008000A0008000C0008000E00080200000802020008020400080206000802080008020A0008020C0008020E00080400000804020008040400080406000804080
310
008040A0008040C0008040E00080600000806020008060400080606000806080008060A0008060C0008060E00080800000808020008080400080806000808080008080A0008080C0008080E00080A0000080A0200080A0400080A0600080A0800080A0A00080A0C00080A0E00080C0000080C0200080C0400080C0600080C0
310
800080C0A00080C0C00080C0E00080E0000080E0200080E0400080E0600080E0800080E0A00080E0C00080E0E000C0000000C0002000C0004000C0006000C0008000C000A000C000C000C000E000C0200000C0202000C0204000C0206000C0208000C020A000C020C000C020E000C0400000C0402000C0404000C0406000C0
310
408000C040A000C040C000C040E000C0600000C0602000C0604000C0606000C0608000C060A000C060C000C060E000C0800000C0802000C0804000C0806000C0808000C080A000C080C000C080E000C0A00000C0A02000C0A04000C0A06000C0A08000C0A0A000C0A0C000C0A0E000C0C00000C0C02000C0C04000C0C06000
310
C0C08000C0C0A000F0FBFF00A4A0A000808080000000FF0000FF000000FFFF00FF000000FF00FF00FFFF0000FFFFFF0000000000000000000000000000000000000000000000000000000000000000000000000000000000000000000000000000000000000000000000000000000000000000000000000000000000000000
310
00000000000000000000000000000000000000000000000000000000000000000000000000000000000000000000000000000000000000000000000000000000000000000000000000000000000000000000000000000000000000000000000000000000000000000000000000000000000000000000000000000000000000
310
0000000000000000000000000000000000000000000000000000000000000000000000000000000000000000000000000000000000000000000000000000000000000000000000000000000000000000000000000000000000000000000000000000000000000000000000000000000000000000FF0000000000000000FFFF
310
FF00FFFFFFFFFFFFFF00FFFFFFFFFFFFFF00000000FFFFFFFFFFFFFF0000FFFFFFFFFFFFFFFFFF0007FF00000000000007FFFF0000FFFFFFFFFFFFFFFFFFFFFFFFFFFFFFFFFFFFFF07070000000000000700FF00FFFFFFFFFFFFFFFFFFFFFFFF07FFFFFF00FFFFFF07070000000000000700FF00FFFFFF00FF000000000000
310
0007FFFFFF00FFFFFF07070000000000000700FF00FFFFFFFFFF0000000000000007FFFFFF00FFFFFF07FF0000000000000700FF00FFFFFFFFFFFFFFFFFFFFFFFFFFFFFFFFFFFFFFFF07FF0000000000000700FF00FFFFFFFFFFFFFFFFFFFFFFFFFFFFFFFFFFFFFFFFFFFF000000000000FF00FF0000FFFF00000000000000
310
FFFFFF00FFFFFFFFFFFFFFFFFFFFFFFFFFFFFFFF000000FFFF000000000000000000000000000000000000000000000000000000000000FFFF00000000000000000000000000000000000000000000000000000000000000000000000000000000000000000000000000000000000000000000000000000000000000000000
310
00000000000000000000000000000000000000000000000000000000000000000000000000000000000000000000000000000000000000000000000000000000000000000000000000000000000000000000000000000000000000000000000000000000000000000000000000000000000000000000000000000000000000
310
00000000000000000000000000000000000000000000000000000000000000000000000000000000000000000000000000000000000000000000000000000000000000000000000000000000000000000000000000000000000000000000000000000000000000000000000000000000000000000000000000000000000000
310
0000000000000000000000000000000000000000000000000000000000000000000000000000000000000000000000000000000000000000
102
{BLKREFS
331
10A87
331
10AB3
331
10B94
102
}
 70
     4
280
     1
281
     0
  0
BLOCK_RECORD
  5
10B28
330
1
100
AcDbSymbolTableRecord
100
AcDbBlockTableRecord
  2
POS
340
0
310
2800000020000000200000000100080000000000000400007200730069006F00000000000000000000000000000080000080000000808000800000008000800080800000C0C0C000C0DCC000F0CAA6000020400000206000002080000020A0000020C0000020E00000400000004020000040400000406000004080000040A0
310
000040C0000040E00000600000006020000060400000606000006080000060A0000060C0000060E00000800000008020000080400000806000008080000080A0000080C0000080E00000A0000000A0200000A0400000A0600000A0800000A0A00000A0C00000A0E00000C0000000C0200000C0400000C0600000C0800000C0
310
A00000C0C00000C0E00000E0000000E0200000E0400000E0600000E0800000E0A00000E0C00000E0E00040000000400020004000400040006000400080004000A0004000C0004000E00040200000402020004020400040206000402080004020A0004020C0004020E000404000004040200040404000404060004040800040
310
40A0004040C0004040E00040600000406020004060400040606000406080004060A0004060C0004060E00040800000408020004080400040806000408080004080A0004080C0004080E00040A0000040A0200040A0400040A0600040A0800040A0A00040A0C00040A0E00040C0000040C0200040C0400040C0600040C08000
310
40C0A00040C0C00040C0E00040E0000040E0200040E0400040E0600040E0800040E0A00040E0C00040E0E00080000000800020008000400080006000800080008000A0008000C0008000E00080200000802020008020400080206000802080008020A0008020C0008020E00080400000804020008040400080406000804080
310
008040A0008040C0008040E00080600000806020008060400080606000806080008060A0008060C0008060E00080800000808020008080400080806000808080008080A0008080C0008080E00080A0000080A0200080A0400080A0600080A0800080A0A00080A0C00080A0E00080C0000080C0200080C0400080C0600080C0
310
800080C0A00080C0C00080C0E00080E0000080E0200080E0400080E0600080E0800080E0A00080E0C00080E0E000C0000000C0002000C0004000C0006000C0008000C000A000C000C000C000E000C0200000C0202000C0204000C0206000C0208000C020A000C020C000C020E000C0400000C0402000C0404000C0406000C0
310
408000C040A000C040C000C040E000C0600000C0602000C0604000C0606000C0608000C060A000C060C000C060E000C0800000C0802000C0804000C0806000C0808000C080A000C080C000C080E000C0A00000C0A02000C0A04000C0A06000C0A08000C0A0A000C0A0C000C0A0E000C0C00000C0C02000C0C04000C0C06000
310
C0C08000C0C0A000F0FBFF00A4A0A000808080000000FF0000FF000000FFFF00FF000000FF00FF00FFFF0000FFFFFF000000000000000000000000000000FFFF00FFFF00000000000000000000000000000000000000000000000000FFFFFFFFFFFFFFFFFF0000000000000000000000000000000000000000000000FFFFFF
310
FFFFFFFFFFFF0000000000000000000000000000000000000000000000000000FFFFFF0000000000000000000000000000000000000000000000000000000000FFFFFF0000000000000000000000000000000000000000000000000000000000FFFFFF00000000000000000000000000000000000000000000000000000000
310
0000F900000000000000000000000000000000000000000000000000000000000000F900000000000000000000000000000000000000000000000000000000000000F900000000000000000000000000000000000000000000000000000000000000F900000000000000000000000000000000000000000000000000000000
310
0000FFF9FF0000000000000000000000000000000000000000000000000000000000FFFFFF0000000000000000000000000000000000000000000000000000000000FFFFFF0000000000000000000000000000000000000000000000000000000000FFFFFF0000000000000000000000000000000000000000000000000000
310
000000FFFFFF0000000000000000000000000000000000000000000000000000000000FFFFFF0000000000000000000000000000000000000000000000000000000000FFFFFF0000000000000000000000000000000000000000000000000000000000FFFFFF00000000000000000000000000000000000000000000000000
310
00000000FFFFFF000000000000000000000000000000000000000000000000000000000000F900000000000000000000000000000000000000000000000000000000000000F900000000000000000000000000000000000000000000000000000000000000F900000000000000000000000000000000000000000000000000
310
000000000000F9000000000000000000000000000000000000000000000000000000000000FFFFFF0000000000000000000000000000000000000000000000000000000000FF00FF0000000000000000000000000000000000000000000000000000000000FFFFFF0000000000000000000000000000000000000000000000
310
000000000000FFFFFF0000000000000000000000000000000000000000000000000000000000FFFFFF0000000000000000000000000000000000000000000000000000000000FFFFFF0000000000000000000000000000000000000000000000000000000000FFFFFF00000000000000000000000000000000000000000000
310
0000000000000000FFFF00000000000000000000000000000000000000000000000000000000000000000000000000000000000000000000
102
{BLKREFS
331
10B3E
102
}
 70
     4
280
     1
281
     0
  0
BLOCK_RECORD
  5
10B3F
330
1
100
AcDbSymbolTableRecord
100
AcDbBlockTableRecord
  2
END-NEG
340
0
310
2800000020000000200000000100080000000000000400000000010020000000000000000000000000000000000080000080000000808000800000008000800080800000C0C0C000C0DCC000F0CAA6000020400000206000002080000020A0000020C0000020E00000400000004020000040400000406000004080000040A0
310
000040C0000040E00000600000006020000060400000606000006080000060A0000060C0000060E00000800000008020000080400000806000008080000080A0000080C0000080E00000A0000000A0200000A0400000A0600000A0800000A0A00000A0C00000A0E00000C0000000C0200000C0400000C0600000C0800000C0
310
A00000C0C00000C0E00000E0000000E0200000E0400000E0600000E0800000E0A00000E0C00000E0E00040000000400020004000400040006000400080004000A0004000C0004000E00040200000402020004020400040206000402080004020A0004020C0004020E000404000004040200040404000404060004040800040
310
40A0004040C0004040E00040600000406020004060400040606000406080004060A0004060C0004060E00040800000408020004080400040806000408080004080A0004080C0004080E00040A0000040A0200040A0400040A0600040A0800040A0A00040A0C00040A0E00040C0000040C0200040C0400040C0600040C08000
310
40C0A00040C0C00040C0E00040E0000040E0200040E0400040E0600040E0800040E0A00040E0C00040E0E00080000000800020008000400080006000800080008000A0008000C0008000E00080200000802020008020400080206000802080008020A0008020C0008020E00080400000804020008040400080406000804080
310
008040A0008040C0008040E00080600000806020008060400080606000806080008060A0008060C0008060E00080800000808020008080400080806000808080008080A0008080C0008080E00080A0000080A0200080A0400080A0600080A0800080A0A00080A0C00080A0E00080C0000080C0200080C0400080C0600080C0
310
800080C0A00080C0C00080C0E00080E0000080E0200080E0400080E0600080E0800080E0A00080E0C00080E0E000C0000000C0002000C0004000C0006000C0008000C000A000C000C000C000E000C0200000C0202000C0204000C0206000C0208000C020A000C020C000C020E000C0400000C0402000C0404000C0406000C0
310
408000C040A000C040C000C040E000C0600000C0602000C0604000C0606000C0608000C060A000C060C000C060E000C0800000C0802000C0804000C0806000C0808000C080A000C080C000C080E000C0A00000C0A02000C0A04000C0A06000C0A08000C0A0A000C0A0C000C0A0E000C0C00000C0C02000C0C04000C0C06000
310
C0C08000C0C0A000F0FBFF00A4A0A000808080000000FF0000FF000000FFFF00FF000000FF00FF00FFFF0000FFFFFF000000000000000000000000000000000000000000FF0000000000000000000000000000000000000000000000000000000000FF00000000000000000000000000000000000000000000000000000000
310
000000FF00000000000000000000000000000000000000000000000000000000000000FF00000000000000000000000000000000000000000000000000000000000000FF00000000000000000000000000000000000000000000000000000000000000FF000000000000000000000000000000000000000000000000000000
310
00000000FF00000000000000000000000000000000000000000000000000000000000000FF00000000000000000000000000000000000000000000000000000000000000FF00000000000000000000000000000000000000000000000000000000000000FF0000000000000000000000000000000000000000000000000000
310
0000000000FF00000000000000000000000000000000000000000000000000000000000000FF00000000000000000000000000000000000000000000000000000000000000FF00000000000000000000000000000000000000000000000000000000000000FF00000000000000000000000000000000000000000000000000
310
000000000000FF00000000000000000000000000000000000000000000000000000000000000FF000000000000000000000000000000000000000000000000FFFFFFFFFFFFFFFFFF0000000000000000000000000000000000000000000000FF000000000000FFFF0000000000000000000000000000000000000000000000
310
FF000000000000FFFF0000000000000000000000000000000000000000000000FF000000000000FFFF0000000000000000000000000000000000000000000000FF000000000000FFFF0000000000000000000000000000000000000000000000FFFF0000000000FFFF00000000000000000000000000000000000000000000
310
00FFFF0000000000FFFF0000000000000000000000000000000000000000000000FF000000FF000000FF0000000000000000000000000000000000000000000000FF00000000000000FF0000000000000000000000000000000000000000000000FF00000000000000FF000000000000000000000000000000000000000000
310
0000FF00000000000000FF0000000000000000000000000000000000000000000000FF00000000000000FF0000000000000000000000000000000000000000000000FF00000000000000FF0000000000000000000000000000000000000000000000FF00000000000000FF0000000000000000000000000000000000000000
310
000000FFFFFFFFFFFFFFFFFF0000000000000000000000000000000000000000000000000000000000000000000000000000000000000000
102
{BLKREFS
331
10B4F
102
}
 70
     4
280
     1
281
     0
  0
BLOCK_RECORD
  5
10B50
330
1
100
AcDbSymbolTableRecord
100
AcDbBlockTableRecord
  2
MIDDLE-PV
340
0
310
2800000020000000200000000100080000000000000400000000000000000000000000000000000000000000000080000080000000808000800000008000800080800000C0C0C000C0DCC000F0CAA6000020400000206000002080000020A0000020C0000020E00000400000004020000040400000406000004080000040A0
310
000040C0000040E00000600000006020000060400000606000006080000060A0000060C0000060E00000800000008020000080400000806000008080000080A0000080C0000080E00000A0000000A0200000A0400000A0600000A0800000A0A00000A0C00000A0E00000C0000000C0200000C0400000C0600000C0800000C0
310
A00000C0C00000C0E00000E0000000E0200000E0400000E0600000E0800000E0A00000E0C00000E0E00040000000400020004000400040006000400080004000A0004000C0004000E00040200000402020004020400040206000402080004020A0004020C0004020E000404000004040200040404000404060004040800040
310
40A0004040C0004040E00040600000406020004060400040606000406080004060A0004060C0004060E00040800000408020004080400040806000408080004080A0004080C0004080E00040A0000040A0200040A0400040A0600040A0800040A0A00040A0C00040A0E00040C0000040C0200040C0400040C0600040C08000
310
40C0A00040C0C00040C0E00040E0000040E0200040E0400040E0600040E0800040E0A00040E0C00040E0E00080000000800020008000400080006000800080008000A0008000C0008000E00080200000802020008020400080206000802080008020A0008020C0008020E00080400000804020008040400080406000804080
310
008040A0008040C0008040E00080600000806020008060400080606000806080008060A0008060C0008060E00080800000808020008080400080806000808080008080A0008080C0008080E00080A0000080A0200080A0400080A0600080A0800080A0A00080A0C00080A0E00080C0000080C0200080C0400080C0600080C0
310
800080C0A00080C0C00080C0E00080E0000080E0200080E0400080E0600080E0800080E0A00080E0C00080E0E000C0000000C0002000C0004000C0006000C0008000C000A000C000C000C000E000C0200000C0202000C0204000C0206000C0208000C020A000C020C000C020E000C0400000C0402000C0404000C0406000C0
310
408000C040A000C040C000C040E000C0600000C0602000C0604000C0606000C0608000C060A000C060C000C060E000C0800000C0802000C0804000C0806000C0808000C080A000C080C000C080E000C0A00000C0A02000C0A04000C0A06000C0A08000C0A0A000C0A0C000C0A0E000C0C00000C0C02000C0C04000C0C06000
310
C0C08000C0C0A000F0FBFF00A4A0A000808080000000FF0000FF000000FFFF00FF000000FF00FF00FFFF0000FFFFFF0000000000000000FFFFFFFFFFFFFFFFFFFFFFFFFFFFFFFFFFFFFF00000000000000000000000000FF0000000000000000000000000000000000FF00000000000000000000000000FF00000000000000
310
00000000000000000000FF00000000000000000000000000FF0000000000000000000000000000000000FF00000000000000000000000000FF0000000000000000000000000000000000FF00000000000000000000000000FF0000000000000000000000000000000000FF00000000000000000000000000FF000000000000
310
0000000000000000000000FF00000000000000000000000000FF0000000000000000000000000000000000FF00000000000000000000000000FF0000000000000000000000000000000000FF00000000000000000000000000FF0000000000000000000000000000FF0000FF00000000000000000000000000FF00FFFF0000
310
000000000000000000FF0000FF00000000000000000000000000FF0000FF0000000000000000000000FF0000FF00000000000000000000000000FFFFFFFF0000000000000000000000FFFFFFFF00000000000000000000000000FFFFFFFF0000000000000000000000FFFFFFFF00000000000000000000000000FFFFFFFF00
310
0000000000000000000000FFFFFF00000000000000000000000000FFFFFFFF0000000000FF000000000000FFFFFF00000000000000000000000000FF0000000000000000000000000000000000FF00000000000000000000000000FF0000000000000000000000000000000000FF00000000000000000000000000FF000000
310
0000000000000000000000000000FF00000000000000000000000000FF0000000000000000000000000000000000FF00000000000000000000000000FF0000000000000000000000000000000000FF00000000000000000000000000FF0000000000000000000000000000000000FF00000000000000000000000000FF0000
310
000000000000000000000000000000FF00000000000000000000000000FF0000000000000000000000000000000000FF00000000000000000000000000FF0000000000000000000000000000000000FF00000000000000000000000000FF0000000000000000000000000000000000FF00000000000000000000000000FF00
310
00000000000000000000000000000000FF00000000000000000000000000FF0000000000000000000000000000000000FF00000000000000000000000000FF0000000000000000000000000000000000FF00000000000000000000000000FF0000000000000000000000000000000000FF00000000000000000000000000FF
310
FFFFFFFFFFFFFFFFFFFFFFFFFFFFFFFFFFFF0000000000000000000000000000000000000000000000000000000000000000000000000000
102
{BLKREFS
331
10B60
102
}
 70
     4
280
     1
281
     0
  0
BLOCK_RECORD
  5
10B61
330
1
100
AcDbSymbolTableRecord
100
AcDbBlockTableRecord
  2
MOTOR
340
0
310
2800000020000000200000000100080000000000000400000000000000000000000000000000000000000000000080000080000000808000800000008000800080800000C0C0C000C0DCC000F0CAA6000020400000206000002080000020A0000020C0000020E00000400000004020000040400000406000004080000040A0
310
000040C0000040E00000600000006020000060400000606000006080000060A0000060C0000060E00000800000008020000080400000806000008080000080A0000080C0000080E00000A0000000A0200000A0400000A0600000A0800000A0A00000A0C00000A0E00000C0000000C0200000C0400000C0600000C0800000C0
310
A00000C0C00000C0E00000E0000000E0200000E0400000E0600000E0800000E0A00000E0C00000E0E00040000000400020004000400040006000400080004000A0004000C0004000E00040200000402020004020400040206000402080004020A0004020C0004020E000404000004040200040404000404060004040800040
310
40A0004040C0004040E00040600000406020004060400040606000406080004060A0004060C0004060E00040800000408020004080400040806000408080004080A0004080C0004080E00040A0000040A0200040A0400040A0600040A0800040A0A00040A0C00040A0E00040C0000040C0200040C0400040C0600040C08000
310
40C0A00040C0C00040C0E00040E0000040E0200040E0400040E0600040E0800040E0A00040E0C00040E0E00080000000800020008000400080006000800080008000A0008000C0008000E00080200000802020008020400080206000802080008020A0008020C0008020E00080400000804020008040400080406000804080
310
008040A0008040C0008040E00080600000806020008060400080606000806080008060A0008060C0008060E00080800000808020008080400080806000808080008080A0008080C0008080E00080A0000080A0200080A0400080A0600080A0800080A0A00080A0C00080A0E00080C0000080C0200080C0400080C0600080C0
310
800080C0A00080C0C00080C0E00080E0000080E0200080E0400080E0600080E0800080E0A00080E0C00080E0E000C0000000C0002000C0004000C0006000C0008000C000A000C000C000C000E000C0200000C0202000C0204000C0206000C0208000C020A000C020C000C020E000C0400000C0402000C0404000C0406000C0
310
408000C040A000C040C000C040E000C0600000C0602000C0604000C0606000C0608000C060A000C060C000C060E000C0800000C0802000C0804000C0806000C0808000C080A000C080C000C080E000C0A00000C0A02000C0A04000C0A06000C0A08000C0A0A000C0A0C000C0A0E000C0C00000C0C02000C0C04000C0C06000
310
C0C08000C0C0A000F0FBFF00A4A0A000808080000000FF0000FF000000FFFF00FF000000FF00FF00FFFF0000FFFFFF00000000000000000000000000000000FFFFFF0000000000000000000000000000000000000000000000000000000000FF00FF0000000000000000000000000000000000000000000000000000000000
310
FF00FF0000000000000000000000000000000000000000000000000000FFFF00FF00FF00FFFF0000000000000000000000000000000000000000000000FFFF00FF00FF00FFFF0000000000000000000000000000000000000000000000FFFF00FF00FF00FFFF0000000000000000000000000000000000000000000000FFFF
310
00FF00FF00FFFF0000000000000000000000000000000000000000000000FFFF00FF00FF00FFFF0000000000000000000000000000000000000000000000FFFF00FFFFFFFFFFFF0000000000000000000000000000000000000000000000FFFFFFFFFFFFFFFFFF0000000000000000000000000000000000000000000000FF
310
FF00FF00FF00FFFF0000000000000000000000000000000000000000000000FFFFFFFFFFFFFFFFFF0000000000000000000000000000000000000000000000FFFFFFFF00FFFFFFFF0000000000000000000000000000000000000000000000FFFFFFFFFFFFFFFFFF0000000000000000000000000000000000000000000000
310
FFFFFFFFFFFFFFFFFF0000000000000000000000000000000000000000000000FFFF00FF00FF00FFFF0000000000000000000000000000000000000000000000FFFFFFFFFFFFFFFFFF0000000000000000000000000000000000000000000000FFFF00FF00FF00FFFF00000000000000000000000000000000000000000000
310
00FFFFFFFFFFFF00FFFF0000000000000000000000000000000000000000000000FFFF00FF00FF00FFFF0000000000000000000000000000000000000000000000FFFF00FF00FF00FFFF0000000000000000000000000000000000000000000000FFFF00FF00FF00FFFF000000000000000000000000000000000000000000
310
0000FFFF00FF00FF00FFFF0000000000000000000000000000000000000000000000FFFF00FF00FF00FFFF0000000000000000000000000000000000000000000000FFFF00FF00FF00FFFF0000000000000000000000000000000000000000000000FFFF00FF00FF00FFFF0000000000000000000000000000000000000000
310
000000000000FF00FF0000000000000000000000000000000000000000000000000000000000FF00FF0000000000000000000000000000000000000000000000000000000000FF00FF0000000000000000000000000000000000000000000000000000000000FF00FF00000000000000000000000000000000000000000000
310
00000000000000FFFFFF00000000000000000000000000000000000000000000000000000000000000000000000000000000000000000000
102
{BLKREFS
331
10B70
102
}
 70
     4
280
     1
281
     0
  0
BLOCK_RECORD
  5
10B71
330
1
100
AcDbSymbolTableRecord
100
AcDbBlockTableRecord
  2
PV-POS
340
0
310
2800000020000000200000000100080000000000000400000000010020000000000000000000000000000000000080000080000000808000800000008000800080800000C0C0C000C0DCC000F0CAA6000020400000206000002080000020A0000020C0000020E00000400000004020000040400000406000004080000040A0
310
000040C0000040E00000600000006020000060400000606000006080000060A0000060C0000060E00000800000008020000080400000806000008080000080A0000080C0000080E00000A0000000A0200000A0400000A0600000A0800000A0A00000A0C00000A0E00000C0000000C0200000C0400000C0600000C0800000C0
310
A00000C0C00000C0E00000E0000000E0200000E0400000E0600000E0800000E0A00000E0C00000E0E00040000000400020004000400040006000400080004000A0004000C0004000E00040200000402020004020400040206000402080004020A0004020C0004020E000404000004040200040404000404060004040800040
310
40A0004040C0004040E00040600000406020004060400040606000406080004060A0004060C0004060E00040800000408020004080400040806000408080004080A0004080C0004080E00040A0000040A0200040A0400040A0600040A0800040A0A00040A0C00040A0E00040C0000040C0200040C0400040C0600040C08000
310
40C0A00040C0C00040C0E00040E0000040E0200040E0400040E0600040E0800040E0A00040E0C00040E0E00080000000800020008000400080006000800080008000A0008000C0008000E00080200000802020008020400080206000802080008020A0008020C0008020E00080400000804020008040400080406000804080
310
008040A0008040C0008040E00080600000806020008060400080606000806080008060A0008060C0008060E00080800000808020008080400080806000808080008080A0008080C0008080E00080A0000080A0200080A0400080A0600080A0800080A0A00080A0C00080A0E00080C0000080C0200080C0400080C0600080C0
310
800080C0A00080C0C00080C0E00080E0000080E0200080E0400080E0600080E0800080E0A00080E0C00080E0E000C0000000C0002000C0004000C0006000C0008000C000A000C000C000C000E000C0200000C0202000C0204000C0206000C0208000C020A000C020C000C020E000C0400000C0402000C0404000C0406000C0
310
408000C040A000C040C000C040E000C0600000C0602000C0604000C0606000C0608000C060A000C060C000C060E000C0800000C0802000C0804000C0806000C0808000C080A000C080C000C080E000C0A00000C0A02000C0A04000C0A06000C0A08000C0A0A000C0A0C000C0A0E000C0C00000C0C02000C0C04000C0C06000
310
C0C08000C0C0A000F0FBFF00A4A0A000808080000000FF0000FF000000FFFF00FF000000FF00FF00FFFF0000FFFFFF00000000000000000000000000000000FF0000000000000000000000000000000000000000000000000000000000FFFFFF0000000000000000000000000000000000000000000000000000000000FF00
310
000000000000000000000000000000000000000000000000000000000000FF00000000000000000000000000000000000000000000000000000000000000FF00000000000000000000000000000000000000000000000000000000000000FF00000000000000000000000000000000000000000000000000000000000000FF
310
00000000000000000000000000000000000000000000000000000000000000FF00000000000000000000000000000000000000000000000000000000000000FF00000000000000000000000000000000000000000000000000000000000000FF00000000000000000000000000000000000000000000000000000000000000
310
FF00000000000000000000000000000000000000000000000000000000000000FF00000000000000000000000000000000000000000000000000000000000000FF00000000000000000000000000000000000000000000000000000000000000FF000000000000000000000000000000000000000000000000000000000000
310
00FF00000000000000000000000000000000000000000000000000000000000000FF00000000000000000000000000000000000000000000000000000000000000FF00000000000000000000000000000000000000000000000000000000000000FF0000000000000000000000000000000000000000000000000000000000
310
00FFFFFFFFFFFFFFFFFF0000000000000000000000000000000000000000000000FFFF000000000000FF0000000000000000000000000000000000000000000000FFFF000000000000FF0000000000000000000000000000000000000000000000FFFF000000000000FF000000000000000000000000000000000000000000
310
0000FFFF00000000FF00FF0000000000000000000000000000000000000000000000FFFF00000000FFFFFF0000000000000000000000000000000000000000000000FF000000FF000000FF0000000000000000000000000000000000000000000000FF00000000000000FF0000000000000000000000000000000000000000
310
000000FF00000000000000FF0000000000000000000000000000000000000000000000FF00000000000000FF0000000000000000000000000000000000000000000000FF00000000000000FF0000000000000000000000000000000000000000000000FF00000000000000FF00000000000000000000000000000000000000
310
00000000FFFFFFFFFFFFFFFFFF00000000000000000000000000000000000000000000000000000000000000000000000000000000000000
102
{BLKREFS
331
10B82
102
}
 70
     4
280
     1
281
     0
  0
BLOCK_RECORD
  5
10B83
330
1
100
AcDbSymbolTableRecord
100
AcDbBlockTableRecord
  2
CBX
340
0
310
2800000020000000200000000100080000000000000400007200730069006F00000000000000000000000000000080000080000000808000800000008000800080800000C0C0C000C0DCC000F0CAA6000020400000206000002080000020A0000020C0000020E00000400000004020000040400000406000004080000040A0
310
000040C0000040E00000600000006020000060400000606000006080000060A0000060C0000060E00000800000008020000080400000806000008080000080A0000080C0000080E00000A0000000A0200000A0400000A0600000A0800000A0A00000A0C00000A0E00000C0000000C0200000C0400000C0600000C0800000C0
310
A00000C0C00000C0E00000E0000000E0200000E0400000E0600000E0800000E0A00000E0C00000E0E00040000000400020004000400040006000400080004000A0004000C0004000E00040200000402020004020400040206000402080004020A0004020C0004020E000404000004040200040404000404060004040800040
310
40A0004040C0004040E00040600000406020004060400040606000406080004060A0004060C0004060E00040800000408020004080400040806000408080004080A0004080C0004080E00040A0000040A0200040A0400040A0600040A0800040A0A00040A0C00040A0E00040C0000040C0200040C0400040C0600040C08000
310
40C0A00040C0C00040C0E00040E0000040E0200040E0400040E0600040E0800040E0A00040E0C00040E0E00080000000800020008000400080006000800080008000A0008000C0008000E00080200000802020008020400080206000802080008020A0008020C0008020E00080400000804020008040400080406000804080
310
008040A0008040C0008040E00080600000806020008060400080606000806080008060A0008060C0008060E00080800000808020008080400080806000808080008080A0008080C0008080E00080A0000080A0200080A0400080A0600080A0800080A0A00080A0C00080A0E00080C0000080C0200080C0400080C0600080C0
310
800080C0A00080C0C00080C0E00080E0000080E0200080E0400080E0600080E0800080E0A00080E0C00080E0E000C0000000C0002000C0004000C0006000C0008000C000A000C000C000C000E000C0200000C0202000C0204000C0206000C0208000C020A000C020C000C020E000C0400000C0402000C0404000C0406000C0
310
408000C040A000C040C000C040E000C0600000C0602000C0604000C0606000C0608000C060A000C060C000C060E000C0800000C0802000C0804000C0806000C0808000C080A000C080C000C080E000C0A00000C0A02000C0A04000C0A06000C0A08000C0A0A000C0A0C000C0A0E000C0C00000C0C02000C0C04000C0C06000
310
C0C08000C0C0A000F0FBFF00A4A0A000808080000000FF0000FF000000FFFF00FF000000FF00FF00FFFF0000FFFFFF0000000000000000000000000000000000000000000000000000000000000000000000000000000000000000000000000000000000000000000000000000000000000000000000000000000000000000
310
00000000000000000000000000000000000000000000000000000000000000000000000000000000000000000000000000000000000000000000000000000000000000000000000000000000000000000000000000000000000000000000000000000000000000000000000000000000000000000000000000000000000000
310
00000000000000000000000000FFFFFFFFFF000000000000000000000000000000000000000000000000000000FFFF00FFFF000000000000000000000000000000000000000000000000000000FF00FF00FF000000000000000000000000000000000000000000000000000000FFFF00FFFF00000000000000000000000000
310
0000000000000000000000000000FFFFFFFFFF0000000000000000000000000000000000000000000000000000000000FF000000000000000000000000000000000000000000000000000000000000FFFF0000000000000000000000000000000000000000000000000000000000FFFF000000000000000000000000000000
310
000000000000000000000000000000FFFF000000000000000000000000000000000000000000000000000000000000FF000000000000000000000000000000000000009B9B535200925B00000000FF0000000000000000000000000000000000000000929B5B9A0A901300000000FF00000000000000000000000000000000
310
000000005252400A000000000000FF00000000000000000000000000000000000000000092120000000000000000FF000000000000000000FFFFFFFFFFFFFFFFFFFFFFFFFFFFFFFFFFFFFFFFFFFF00000000000000000000000000000000000000000000000000000000000000000000000000000000009A52525240EB5B9B
310
520090135252009A529A0A000000000000000000000000405B405B9A42EB5B539A0A90135252009A9B9A0A000000000000000000000000405B00400A005252520A00500A401200400A52520000000000000000000000000050530000000000120000400A000000000000000000000000000000000000000000000000000000
310
00000000000000000000000000000000000000000000000000000000000000000000000000000000000000000000000000000000000000000000000000000000000000000000000000000000000000000000000000000000000000000000000000000000000000000000000000000000000000000000000000000000000000
310
0000000000000000000000000000000000000000000000000000000000000000000000000000000000000000000000000000000000000000
102
{BLKREFS
331
10B8B
102
}
 70
     4
280
     1
281
     0
  0
ENDTAB
  0
ENDSEC
0
SECTION
2
BLOCKS
  0
BLOCK
  5
20
330
1F
100
AcDbEntity
  8
0
100
AcDbBlockBegin
  2
*Model_Space
 70
     0
 10
0.0
 20
0.0
 30
0.0
  3
*Model_Space
  1

  0
ENDBLK
  0
BLOCK
  5
1C9
330
1C7
100
AcDbEntity
 67
     1
  8
0
100
AcDbBlockBegin
  2
*Paper_Space
 70
     0
 10
0.0
 20
0.0
 30
0.0
  3
*Paper_Space
  1

  0
ENDBLK
  0
BLOCK
  5
10B29
330
10B28
100
AcDbEntity
  8
0
100
AcDbBlockBegin
  2
POS
 70
     0
 10
0.0
 20
0.0
 30
0.0
  3
POS
  1

  0
INSERT
  5
10B2B
330
10B28
100
AcDbEntity
  8
0
100
AcDbBlockReference
  2
T3
 10
2.842347504691133
 20
-43.80723233478533
 30
0.0
 41
0.216916778329212
 42
0.216916778329212
 43
0.216916778329212
 50
180.0
  0
INSERT
  5
10B2C
330
10B28
100
AcDbEntity
  8
0
100
AcDbBlockReference
  2
L1
 10
-0.0858989738426317
 20
-45.93226542575985
 30
0.0
 41
0.1561800803970327
 42
0.1561800803970327
 43
0.1561800803970327
 50
270.0
  0
LINE
  5
10B2D
330
10B28
100
AcDbEntity
  8
0
  6
Continuous
 62
     1
100
AcDbLine
 10
1.144872861947077
 20
-57.33341218125612
 30
0.0
 11
1.144872861947077
 21
-72.84823615888242
 31
0.0
  0
LINE
  5
10B2E
330
10B28
100
AcDbEntity
  8
0
  6
Continuous
 62
     1
100
AcDbLine
 10
-0.9692662774723428
 20
-57.33341218125612
 30
0.0
 11
-0.9692662774723428
 21
-72.84823615888242
 31
0.0
  0
LINE
  5
10B2F
330
10B28
100
AcDbEntity
  8
0
  6
Continuous
 62
     1
100
AcDbLine
 10
0.9711705958798118
 20
-18.97898354041422
 30
0.0
 11
0.9711705958798118
 21
-34.5311186702677
 31
0.0
  0
LINE
  5
10B30
330
10B28
100
AcDbEntity
  8
0
  6
Continuous
 62
     1
100
AcDbLine
 10
-1.142968543565074
 20
-18.97898354041422
 30
0.0
 11
-1.142968543565074
 21
-34.5311186702677
 31
0.0
  0
INSERT
  5
10B31
330
10B28
100
AcDbEntity
  8
图框_标题栏属性
  6
ByBlock
 62
     7
370
     0
100
AcDbBlockReference
  2
4
 10
1342.335597909679
 20
1681.143763436073
 30
0.0
 41
0.3953287953410093
 42
0.3953287953410093
 43
0.3953287953410093
 50
179.9999999999999
  0
INSERT
  5
10B32
330
10B28
100
AcDbEntity
  8
0
100
AcDbBlockReference
  2
防尘塞短
 10
-2.853785606877863
 20
2.296574024300069
 30
0.0
 41
0.246232674810529
 42
0.246232674810529
 43
0.246232674810529
  0
LINE
  5
10B33
330
10B28
100
AcDbEntity
  8
CONN-Label
100
AcDbLine
 10
-1.142968543565074
 20
-34.5311186702677
 30
0.0
 11
0.9711705958798118
 21
-34.5311186702677
 31
0.0
  0
LINE
  5
10B34
330
10B28
100
AcDbEntity
  8
CONN-Label
100
AcDbLine
 10
-1.142968543565074
 20
-18.97898354041422
 30
0.0
 11
0.9711705958798118
 21
-18.97898354041422
 31
0.0
  0
LINE
  5
10B35
330
10B28
100
AcDbEntity
  8
CONN-Label
100
AcDbLine
 10
-0.9692662774723428
 20
-72.84823615888242
 30
0.0
 11
1.144872861947077
 21
-72.84823615888242
 31
0.0
  0
POINT
  5
10B36
330
10B28
100
AcDbEntity
  8
CONN-Label
100
AcDbPoint
 10
0.1039895452013297
 20
-83.47716278595953
 30
0.0
  0
POINT
  5
10B37
330
10B28
100
AcDbEntity
  8
CONN
100
AcDbPoint
 10
10.73291261462145
 20
-82.04432302006829
 30
0.0
  0
POINT
  5
10B38
330
10B28
100
AcDbEntity
  8
CONN
100
AcDbPoint
 10
10.73291261462145
 20
-84.90999489950878
 30
0.0
  0
POINT
  5
10B39
330
10B28
100
AcDbEntity
  8
CONN
100
AcDbPoint
 10
-10.52493352422061
 20
-84.90999489950878
 30
0.0
  0
POINT
  5
10B3A
330
10B28
100
AcDbEntity
  8
CONN
100
AcDbPoint
 10
-10.52493352422061
 20
-82.04432302006829
 30
0.0
  0
POINT
  5
10B3B
330
10B28
100
AcDbEntity
  8
CONN-Label
100
AcDbPoint
 10
-0.000000000001819
 20
0.0000000000004547
 30
0.0
  0
POINT
  5
10B3C
330
10B28
100
AcDbEntity
  8
CONN-Label
100
AcDbPoint
 10
0.0888021507653321
 20
-45.95546946905709
 30
0.0
  0
POINT
  5
10B3D
330
10B28
100
AcDbEntity
  8
CONNPOS
100
AcDbPoint
 10
-0.000000000001819
 20
0.0000000000004547
 30
0.0
  0
ENDBLK
  0
BLOCK
  5
438
330
435
100
AcDbEntity
  8
0
100
AcDbBlockBegin
  2
T3
 70
     0
 10
0.0
 20
0.0
 30
0.0
  3
T3
  1

  0
POLYLINE
  5
439
330
435
100
AcDbEntity
  8
Make2D___U+9359_U+7EFE__U+93C5_U+20AC_U+6C31_U+568E
 62
     7
370
     0
100
AcDb2dPolyline
 66
     1
 10
0.0
 20
0.0
 30
0.0
  0
VERTEX
  5
43A
330
439
100
AcDbEntity
  8
Make2D___U+9359_U+7EFE__U+93C5_U+20AC_U+6C31_U+568E
 62
     7
370
     0
100
AcDbVertex
100
AcDb2dVertex
 10
12.21853739611435
 20
183.8641382489077
 30
0.0
  0
VERTEX
  5
43B
330
439
100
AcDbEntity
  8
Make2D___U+9359_U+7EFE__U+93C5_U+20AC_U+6C31_U+568E
 62
     7
370
     0
100
AcDbVertex
100
AcDb2dVertex
 10
13.24251017363622
 20
181.701575248524
 30
0.0
  0
SEQEND
  5
43C
330
439
100
AcDbEntity
  8
Make2D___U+9359_U+7EFE__U+93C5_U+20AC_U+6C31_U+568E
 62
     7
370
     0
  0
POLYLINE
  5
43D
330
435
100
AcDbEntity
  8
Make2D___U+9359_U+7EFE__U+93C5_U+20AC_U+6C31_U+568E
 62
     7
370
     0
100
AcDb2dPolyline
 66
     1
 10
0.0
 20
0.0
 30
0.0
  0
VERTEX
  5
43E
330
43D
100
AcDbEntity
  8
Make2D___U+9359_U+7EFE__U+93C5_U+20AC_U+6C31_U+568E
 62
     7
370
     0
100
AcDbVertex
100
AcDb2dVertex
 10
11.23957906302621
 20
183.4006235385113
 30
0.0
  0
VERTEX
  5
43F
330
43D
100
AcDbEntity
  8
Make2D___U+9359_U+7EFE__U+93C5_U+20AC_U+6C31_U+568E
 62
     7
370
     0
100
AcDbVertex
100
AcDb2dVertex
 10
12.21853739611435
 20
183.8641382489077
 30
0.0
  0
SEQEND
  5
440
330
43D
100
AcDbEntity
  8
Make2D___U+9359_U+7EFE__U+93C5_U+20AC_U+6C31_U+568E
 62
     7
370
     0
  0
POLYLINE
  5
441
330
435
100
AcDbEntity
  8
Make2D___U+9359_U+7EFE__U+93C5_U+20AC_U+6C31_U+568E
 62
     7
370
     0
100
AcDb2dPolyline
 66
     1
 10
0.0
 20
0.0
 30
0.0
  0
VERTEX
  5
442
330
441
100
AcDbEntity
  8
Make2D___U+9359_U+7EFE__U+93C5_U+20AC_U+6C31_U+568E
 62
     7
370
     0
100
AcDbVertex
100
AcDb2dVertex
 10
12.62398489601276
 20
180.4768013908815
 30
0.0
  0
VERTEX
  5
443
330
441
100
AcDbEntity
  8
Make2D___U+9359_U+7EFE__U+93C5_U+20AC_U+6C31_U+568E
 62
     7
370
     0
100
AcDbVertex
100
AcDb2dVertex
 10
11.23957906302621
 20
183.4006235385113
 30
0.0
  0
SEQEND
  5
444
330
441
100
AcDbEntity
  8
Make2D___U+9359_U+7EFE__U+93C5_U+20AC_U+6C31_U+568E
 62
     7
370
     0
  0
POLYLINE
  5
445
330
435
100
AcDbEntity
  8
Make2D___U+9359_U+7EFE__U+93C5_U+20AC_U+6C31_U+568E
 62
     7
370
     0
100
AcDb2dPolyline
 66
     1
 10
0.0
 20
0.0
 30
0.0
  0
VERTEX
  5
446
330
445
100
AcDbEntity
  8
Make2D___U+9359_U+7EFE__U+93C5_U+20AC_U+6C31_U+568E
 62
     7
370
     0
100
AcDbVertex
100
AcDb2dVertex
 10
13.24251017363622
 20
181.701575248524
 30
0.0
  0
VERTEX
  5
447
330
445
100
AcDbEntity
  8
Make2D___U+9359_U+7EFE__U+93C5_U+20AC_U+6C31_U+568E
 62
     7
370
     0
100
AcDbVertex
100
AcDb2dVertex
 10
12.62398489601276
 20
180.4768013908815
 30
0.0
  0
SEQEND
  5
448
330
445
100
AcDbEntity
  8
Make2D___U+9359_U+7EFE__U+93C5_U+20AC_U+6C31_U+568E
 62
     7
370
     0
  0
POLYLINE
  5
449
330
435
100
AcDbEntity
  8
Make2D___U+9359_U+7EFE__U+93C5_U+20AC_U+6C31_U+568E
 62
     7
370
     0
100
AcDb2dPolyline
 66
     1
 10
0.0
 20
0.0
 30
0.0
  0
VERTEX
  5
44A
330
449
100
AcDbEntity
  8
Make2D___U+9359_U+7EFE__U+93C5_U+20AC_U+6C31_U+568E
 62
     7
370
     0
100
AcDbVertex
100
AcDb2dVertex
 10
16.12195295069478
 20
186.7031878986999
 30
0.0
  0
VERTEX
  5
44B
330
449
100
AcDbEntity
  8
Make2D___U+9359_U+7EFE__U+93C5_U+20AC_U+6C31_U+568E
 62
     7
370
     0
100
AcDbVertex
100
AcDb2dVertex
 10
17.90845489469313
 20
186.7031878986999
 30
0.0
  0
SEQEND
  5
44C
330
449
100
AcDbEntity
  8
Make2D___U+9359_U+7EFE__U+93C5_U+20AC_U+6C31_U+568E
 62
     7
370
     0
  0
POLYLINE
  5
44D
330
435
100
AcDbEntity
  8
Make2D___U+9359_U+7EFE__U+93C5_U+20AC_U+6C31_U+568E
 62
     7
370
     0
100
AcDb2dPolyline
 66
     1
 10
0.0
 20
0.0
 30
0.0
  0
VERTEX
  5
44E
330
44D
100
AcDbEntity
  8
Make2D___U+9359_U+7EFE__U+93C5_U+20AC_U+6C31_U+568E
 62
     7
370
     0
100
AcDbVertex
100
AcDb2dVertex
 10
12.62049239601447
 20
179.3121761428174
 30
0.0
  0
VERTEX
  5
44F
330
44D
100
AcDbEntity
  8
Make2D___U+9359_U+7EFE__U+93C5_U+20AC_U+6C31_U+568E
 62
     7
370
     0
100
AcDbVertex
100
AcDb2dVertex
 10
16.12195295069478
 20
186.7031878986999
 30
0.0
  0
SEQEND
  5
450
330
44D
100
AcDbEntity
  8
Make2D___U+9359_U+7EFE__U+93C5_U+20AC_U+6C31_U+568E
 62
     7
370
     0
  0
POLYLINE
  5
451
330
435
100
AcDbEntity
  8
Make2D___U+9359_U+7EFE__U+93C5_U+20AC_U+6C31_U+568E
 62
     7
370
     0
100
AcDb2dPolyline
 66
     1
 10
0.0
 20
0.0
 30
0.0
  0
VERTEX
  5
452
330
451
100
AcDbEntity
  8
Make2D___U+9359_U+7EFE__U+93C5_U+20AC_U+6C31_U+568E
 62
     7
370
     0
100
AcDbVertex
100
AcDb2dVertex
 10
10.78625961869511
 20
183.1859935439861
 30
0.0
  0
VERTEX
  5
453
330
451
100
AcDbEntity
  8
Make2D___U+9359_U+7EFE__U+93C5_U+20AC_U+6C31_U+568E
 62
     7
370
     0
100
AcDbVertex
100
AcDb2dVertex
 10
12.62049239601447
 20
179.3121761428174
 30
0.0
  0
SEQEND
  5
454
330
451
100
AcDbEntity
  8
Make2D___U+9359_U+7EFE__U+93C5_U+20AC_U+6C31_U+568E
 62
     7
370
     0
  0
POLYLINE
  5
455
330
435
100
AcDbEntity
  8
Make2D___U+9359_U+7EFE__U+93C5_U+20AC_U+6C31_U+568E
 62
     7
370
     0
100
AcDb2dPolyline
 66
     1
 10
0.0
 20
0.0
 30
0.0
  0
VERTEX
  5
456
330
455
100
AcDbEntity
  8
Make2D___U+9359_U+7EFE__U+93C5_U+20AC_U+6C31_U+568E
 62
     7
370
     0
100
AcDbVertex
100
AcDb2dVertex
 10
9.332638785724723
 20
182.4977593948797
 30
0.0
  0
VERTEX
  5
457
330
455
100
AcDbEntity
  8
Make2D___U+9359_U+7EFE__U+93C5_U+20AC_U+6C31_U+568E
 62
     7
370
     0
100
AcDbVertex
100
AcDb2dVertex
 10
10.78625961869511
 20
183.1859935439861
 30
0.0
  0
SEQEND
  5
458
330
455
100
AcDbEntity
  8
Make2D___U+9359_U+7EFE__U+93C5_U+20AC_U+6C31_U+568E
 62
     7
370
     0
  0
POLYLINE
  5
459
330
435
100
AcDbEntity
  8
Make2D___U+9359_U+7EFE__U+93C5_U+20AC_U+6C31_U+568E
 62
     7
370
     0
100
AcDb2dPolyline
 66
     1
 10
0.0
 20
0.0
 30
0.0
  0
VERTEX
  5
45A
330
459
100
AcDbEntity
  8
Make2D___U+9359_U+7EFE__U+93C5_U+20AC_U+6C31_U+568E
 62
     7
370
     0
100
AcDbVertex
100
AcDb2dVertex
 10
11.75692767400812
 20
177.3825170253785
 30
0.0
  0
VERTEX
  5
45B
330
459
100
AcDbEntity
  8
Make2D___U+9359_U+7EFE__U+93C5_U+20AC_U+6C31_U+568E
 62
     7
370
     0
100
AcDbVertex
100
AcDb2dVertex
 10
9.332638785724723
 20
182.4977593948797
 30
0.0
  0
SEQEND
  5
45C
330
459
100
AcDbEntity
  8
Make2D___U+9359_U+7EFE__U+93C5_U+20AC_U+6C31_U+568E
 62
     7
370
     0
  0
POLYLINE
  5
45D
330
435
100
AcDbEntity
  8
Make2D___U+9359_U+7EFE__U+93C5_U+20AC_U+6C31_U+568E
 62
     7
370
     0
100
AcDb2dPolyline
 66
     1
 10
0.0
 20
0.0
 30
0.0
  0
VERTEX
  5
45E
330
45D
100
AcDbEntity
  8
Make2D___U+9359_U+7EFE__U+93C5_U+20AC_U+6C31_U+568E
 62
     7
370
     0
100
AcDbVertex
100
AcDb2dVertex
 10
13.49107739579631
 20
177.3825170253785
 30
0.0
  0
VERTEX
  5
45F
330
45D
100
AcDbEntity
  8
Make2D___U+9359_U+7EFE__U+93C5_U+20AC_U+6C31_U+568E
 62
     7
370
     0
100
AcDbVertex
100
AcDb2dVertex
 10
11.75692767400812
 20
177.3825170253785
 30
0.0
  0
SEQEND
  5
460
330
45D
100
AcDbEntity
  8
Make2D___U+9359_U+7EFE__U+93C5_U+20AC_U+6C31_U+568E
 62
     7
370
     0
  0
POLYLINE
  5
461
330
435
100
AcDbEntity
  8
Make2D___U+9359_U+7EFE__U+93C5_U+20AC_U+6C31_U+568E
 62
     7
370
     0
100
AcDb2dPolyline
 66
     1
 10
0.0
 20
0.0
 30
0.0
  0
VERTEX
  5
462
330
461
100
AcDbEntity
  8
Make2D___U+9359_U+7EFE__U+93C5_U+20AC_U+6C31_U+568E
 62
     7
370
     0
100
AcDbVertex
100
AcDb2dVertex
 10
17.90845489469313
 20
186.7031878986999
 30
0.0
  0
VERTEX
  5
463
330
461
100
AcDbEntity
  8
Make2D___U+9359_U+7EFE__U+93C5_U+20AC_U+6C31_U+568E
 62
     7
370
     0
100
AcDbVertex
100
AcDb2dVertex
 10
13.49107739579631
 20
177.3825170253785
 30
0.0
  0
SEQEND
  5
464
330
461
100
AcDbEntity
  8
Make2D___U+9359_U+7EFE__U+93C5_U+20AC_U+6C31_U+568E
 62
     7
370
     0
  0
POLYLINE
  5
465
330
435
100
AcDbEntity
  8
Make2D___U+9359_U+7EFE__U+93C5_U+20AC_U+6C31_U+568E
 62
     7
370
     0
100
AcDb2dPolyline
 66
     1
 10
0.0
 20
0.0
 30
0.0
  0
VERTEX
  5
466
330
465
100
AcDbEntity
  8
Make2D___U+9359_U+7EFE__U+93C5_U+20AC_U+6C31_U+568E
 62
     7
370
     0
100
AcDbVertex
100
AcDb2dVertex
 10
9.675997396751084
 20
186.7031878986999
 30
0.0
  0
VERTEX
  5
467
330
465
100
AcDbEntity
  8
Make2D___U+9359_U+7EFE__U+93C5_U+20AC_U+6C31_U+568E
 62
     7
370
     0
100
AcDbVertex
100
AcDb2dVertex
 10
10.86408239645379
 20
186.7031878986999
 30
0.0
  0
SEQEND
  5
468
330
465
100
AcDbEntity
  8
Make2D___U+9359_U+7EFE__U+93C5_U+20AC_U+6C31_U+568E
 62
     7
370
     0
  0
POLYLINE
  5
469
330
435
100
AcDbEntity
  8
Make2D___U+9359_U+7EFE__U+93C5_U+20AC_U+6C31_U+568E
 62
     7
370
     0
100
AcDb2dPolyline
 66
     1
 10
0.0
 20
0.0
 30
0.0
  0
VERTEX
  5
46A
330
469
100
AcDbEntity
  8
Make2D___U+9359_U+7EFE__U+93C5_U+20AC_U+6C31_U+568E
 62
     7
370
     0
100
AcDbVertex
100
AcDb2dVertex
 10
11.06029739640416
 20
183.7792246399631
 30
0.0
  0
VERTEX
  5
46B
330
469
100
AcDbEntity
  8
Make2D___U+9359_U+7EFE__U+93C5_U+20AC_U+6C31_U+568E
 62
     7
370
     0
100
AcDbVertex
100
AcDb2dVertex
 10
9.675997396751084
 20
186.7031878986999
 30
0.0
  0
SEQEND
  5
46C
330
469
100
AcDbEntity
  8
Make2D___U+9359_U+7EFE__U+93C5_U+20AC_U+6C31_U+568E
 62
     7
370
     0
  0
POLYLINE
  5
46D
330
435
100
AcDbEntity
  8
Make2D___U+9359_U+7EFE__U+93C5_U+20AC_U+6C31_U+568E
 62
     7
370
     0
100
AcDb2dPolyline
 66
     1
 10
0.0
 20
0.0
 30
0.0
  0
VERTEX
  5
46E
330
46D
100
AcDbEntity
  8
Make2D___U+9359_U+7EFE__U+93C5_U+20AC_U+6C31_U+568E
 62
     7
370
     0
100
AcDbVertex
100
AcDb2dVertex
 10
12.04003184060377
 20
184.2430921281302
 30
0.0
  0
VERTEX
  5
46F
330
46D
100
AcDbEntity
  8
Make2D___U+9359_U+7EFE__U+93C5_U+20AC_U+6C31_U+568E
 62
     7
370
     0
100
AcDbVertex
100
AcDb2dVertex
 10
11.06255517418151
 20
183.7802829732691
 30
0.0
  0
SEQEND
  5
470
330
46D
100
AcDbEntity
  8
Make2D___U+9359_U+7EFE__U+93C5_U+20AC_U+6C31_U+568E
 62
     7
370
     0
  0
POLYLINE
  5
471
330
435
100
AcDbEntity
  8
Make2D___U+9359_U+7EFE__U+93C5_U+20AC_U+6C31_U+568E
 62
     7
370
     0
100
AcDb2dPolyline
 66
     1
 10
0.0
 20
0.0
 30
0.0
  0
VERTEX
  5
472
330
471
100
AcDbEntity
  8
Make2D___U+9359_U+7EFE__U+93C5_U+20AC_U+6C31_U+568E
 62
     7
370
     0
100
AcDbVertex
100
AcDb2dVertex
 10
10.86408239645379
 20
186.7031878986999
 30
0.0
  0
VERTEX
  5
473
330
471
100
AcDbEntity
  8
Make2D___U+9359_U+7EFE__U+93C5_U+20AC_U+6C31_U+568E
 62
     7
370
     0
100
AcDbVertex
100
AcDb2dVertex
 10
12.03036572949577
 20
184.2633062942796
 30
0.0
  0
SEQEND
  5
474
330
471
100
AcDbEntity
  8
Make2D___U+9359_U+7EFE__U+93C5_U+20AC_U+6C31_U+568E
 62
     7
370
     0
  0
POLYLINE
  5
475
330
435
100
AcDbEntity
  8
Make2D___U+9359_U+7EFE__U+93C5_U+20AC_U+6C31_U+568E
 62
     7
370
     0
100
AcDb2dPolyline
 66
     1
 10
0.0
 20
0.0
 30
0.0
  0
VERTEX
  5
476
330
475
100
AcDbEntity
  8
Make2D___U+9359_U+7EFE__U+93C5_U+20AC_U+6C31_U+568E
 62
     7
370
     0
100
AcDbVertex
100
AcDb2dVertex
 10
7.344101008443884
 20
186.7031878986999
 30
0.0
  0
VERTEX
  5
477
330
475
100
AcDbEntity
  8
Make2D___U+9359_U+7EFE__U+93C5_U+20AC_U+6C31_U+568E
 62
     7
370
     0
100
AcDbVertex
100
AcDb2dVertex
 10
9.119137674667966
 20
186.7031878986999
 30
0.0
  0
SEQEND
  5
478
330
475
100
AcDbEntity
  8
Make2D___U+9359_U+7EFE__U+93C5_U+20AC_U+6C31_U+568E
 62
     7
370
     0
  0
POLYLINE
  5
479
330
435
100
AcDbEntity
  8
Make2D___U+9359_U+7EFE__U+93C5_U+20AC_U+6C31_U+568E
 62
     7
370
     0
100
AcDb2dPolyline
 66
     1
 10
0.0
 20
0.0
 30
0.0
  0
VERTEX
  5
47A
330
479
100
AcDbEntity
  8
Make2D___U+9359_U+7EFE__U+93C5_U+20AC_U+6C31_U+568E
 62
     7
370
     0
100
AcDbVertex
100
AcDb2dVertex
 10
9.153074896881207
 20
182.8762193852226
 30
0.0
  0
VERTEX
  5
47B
330
479
100
AcDbEntity
  8
Make2D___U+9359_U+7EFE__U+93C5_U+20AC_U+6C31_U+568E
 62
     7
370
     0
100
AcDbVertex
100
AcDb2dVertex
 10
7.344101008443884
 20
186.7031878986999
 30
0.0
  0
SEQEND
  5
47C
330
479
100
AcDbEntity
  8
Make2D___U+9359_U+7EFE__U+93C5_U+20AC_U+6C31_U+568E
 62
     7
370
     0
  0
POLYLINE
  5
47D
330
435
100
AcDbEntity
  8
Make2D___U+9359_U+7EFE__U+93C5_U+20AC_U+6C31_U+568E
 62
     7
370
     0
100
AcDb2dPolyline
 66
     1
 10
0.0
 20
0.0
 30
0.0
  0
VERTEX
  5
47E
330
47D
100
AcDbEntity
  8
Make2D___U+9359_U+7EFE__U+93C5_U+20AC_U+6C31_U+568E
 62
     7
370
     0
100
AcDbVertex
100
AcDb2dVertex
 10
10.60489656318452
 20
183.5636068676867
 30
0.0
  0
VERTEX
  5
47F
330
47D
100
AcDbEntity
  8
Make2D___U+9359_U+7EFE__U+93C5_U+20AC_U+6C31_U+568E
 62
     7
370
     0
100
AcDbVertex
100
AcDb2dVertex
 10
9.153074896881207
 20
182.8762193852226
 30
0.0
  0
SEQEND
  5
480
330
47D
100
AcDbEntity
  8
Make2D___U+9359_U+7EFE__U+93C5_U+20AC_U+6C31_U+568E
 62
     7
370
     0
  0
POLYLINE
  5
481
330
435
100
AcDbEntity
  8
Make2D___U+9359_U+7EFE__U+93C5_U+20AC_U+6C31_U+568E
 62
     7
370
     0
100
AcDb2dPolyline
 66
     1
 10
0.0
 20
0.0
 30
0.0
  0
VERTEX
  5
482
330
481
100
AcDbEntity
  8
Make2D___U+9359_U+7EFE__U+93C5_U+20AC_U+6C31_U+568E
 62
     7
370
     0
100
AcDbVertex
100
AcDb2dVertex
 10
9.119137674667966
 20
186.7031878986999
 30
0.0
  0
VERTEX
  5
483
330
481
100
AcDbEntity
  8
Make2D___U+9359_U+7EFE__U+93C5_U+20AC_U+6C31_U+568E
 62
     7
370
     0
100
AcDbVertex
100
AcDb2dVertex
 10
10.60489656318452
 20
183.5636068676867
 30
0.0
  0
SEQEND
  5
484
330
481
100
AcDbEntity
  8
Make2D___U+9359_U+7EFE__U+93C5_U+20AC_U+6C31_U+568E
 62
     7
370
     0
  0
POLYLINE
  5
485
330
435
100
AcDbEntity
  8
Make2D___U+9359_U+7EFE__U+93C5_U+20AC_U+6C31_U+568E
 62
     7
370
     0
100
AcDb2dPolyline
 66
     1
 10
0.0
 20
0.0
 30
0.0
  0
VERTEX
  5
486
330
485
100
AcDbEntity
  8
Make2D___U+9359_U+7EFE__U+93C5_U+20AC_U+6C31_U+568E
 62
     7
370
     0
100
AcDbVertex
100
AcDb2dVertex
 10
3.176419620597584
 20
133.8808553574217
 30
0.0
  0
VERTEX
  5
487
330
485
100
AcDbEntity
  8
Make2D___U+9359_U+7EFE__U+93C5_U+20AC_U+6C31_U+568E
 62
     7
370
     0
100
AcDbVertex
100
AcDb2dVertex
 10
6.018538508775692
 20
133.8808553574217
 30
0.0
  0
SEQEND
  5
488
330
485
100
AcDbEntity
  8
Make2D___U+9359_U+7EFE__U+93C5_U+20AC_U+6C31_U+568E
 62
     7
370
     0
  0
POLYLINE
  5
489
330
435
100
AcDbEntity
  8
Make2D___U+9359_U+7EFE__U+93C5_U+20AC_U+6C31_U+568E
 62
     7
370
     0
100
AcDb2dPolyline
 66
     1
 10
0.0
 20
0.0
 30
0.0
  0
VERTEX
  5
48A
330
489
100
AcDbEntity
  8
Make2D___U+9359_U+7EFE__U+93C5_U+20AC_U+6C31_U+568E
 62
     7
370
     0
100
AcDbVertex
100
AcDb2dVertex
 10
2.652086009617959
 20
134.3808472891105
 30
0.0
  0
VERTEX
  5
48B
330
489
100
AcDbEntity
  8
Make2D___U+9359_U+7EFE__U+93C5_U+20AC_U+6C31_U+568E
 62
     7
370
     0
100
AcDbVertex
100
AcDb2dVertex
 10
3.176419620597584
 20
133.8808553574217
 30
0.0
  0
SEQEND
  5
48C
330
489
100
AcDbEntity
  8
Make2D___U+9359_U+7EFE__U+93C5_U+20AC_U+6C31_U+568E
 62
     7
370
     0
  0
POLYLINE
  5
48D
330
435
100
AcDbEntity
  8
Make2D___U+9359_U+7EFE__U+93C5_U+20AC_U+6C31_U+568E
 62
     7
370
     0
100
AcDb2dPolyline
 66
     1
 10
0.0
 20
0.0
 30
0.0
  0
VERTEX
  5
48E
330
48D
100
AcDbEntity
  8
Make2D___U+9359_U+7EFE__U+93C5_U+20AC_U+6C31_U+568E
 62
     7
370
     0
100
AcDbVertex
100
AcDb2dVertex
 10
6.018538508775692
 20
133.8808553574217
 30
0.0
  0
VERTEX
  5
48F
330
48D
100
AcDbEntity
  8
Make2D___U+9359_U+7EFE__U+93C5_U+20AC_U+6C31_U+568E
 62
     7
370
     0
100
AcDbVertex
100
AcDb2dVertex
 10
19.2294665610284
 20
133.8808553574217
 30
0.0
  0
SEQEND
  5
490
330
48D
100
AcDbEntity
  8
Make2D___U+9359_U+7EFE__U+93C5_U+20AC_U+6C31_U+568E
 62
     7
370
     0
  0
POLYLINE
  5
491
330
435
100
AcDbEntity
  8
Make2D___U+9359_U+7EFE__U+93C5_U+20AC_U+6C31_U+568E
 62
     7
370
     0
100
AcDb2dPolyline
 66
     1
 10
0.0
 20
0.0
 30
0.0
  0
VERTEX
  5
492
330
491
100
AcDbEntity
  8
Make2D___U+9359_U+7EFE__U+93C5_U+20AC_U+6C31_U+568E
 62
     7
370
     0
100
AcDbVertex
100
AcDb2dVertex
 10
22.07155017142884
 20
133.8808553574217
 30
0.0
  0
VERTEX
  5
493
330
491
100
AcDbEntity
  8
Make2D___U+9359_U+7EFE__U+93C5_U+20AC_U+6C31_U+568E
 62
     7
370
     0
100
AcDbVertex
100
AcDb2dVertex
 10
22.59588378240949
 20
134.3808472891105
 30
0.0
  0
SEQEND
  5
494
330
491
100
AcDbEntity
  8
Make2D___U+9359_U+7EFE__U+93C5_U+20AC_U+6C31_U+568E
 62
     7
370
     0
  0
POLYLINE
  5
495
330
435
100
AcDbEntity
  8
Make2D___U+9359_U+7EFE__U+93C5_U+20AC_U+6C31_U+568E
 62
     7
370
     0
100
AcDb2dPolyline
 66
     1
 10
0.0
 20
0.0
 30
0.0
  0
VERTEX
  5
496
330
495
100
AcDbEntity
  8
Make2D___U+9359_U+7EFE__U+93C5_U+20AC_U+6C31_U+568E
 62
     7
370
     0
100
AcDbVertex
100
AcDb2dVertex
 10
19.2294665610284
 20
133.8808553574217
 30
0.0
  0
VERTEX
  5
497
330
495
100
AcDbEntity
  8
Make2D___U+9359_U+7EFE__U+93C5_U+20AC_U+6C31_U+568E
 62
     7
370
     0
100
AcDbVertex
100
AcDb2dVertex
 10
22.07155017142884
 20
133.8808553574217
 30
0.0
  0
SEQEND
  5
498
330
495
100
AcDbEntity
  8
Make2D___U+9359_U+7EFE__U+93C5_U+20AC_U+6C31_U+568E
 62
     7
370
     0
  0
POLYLINE
  5
499
330
435
100
AcDbEntity
  8
Make2D___U+9359_U+7EFE__U+93C5_U+20AC_U+6C31_U+568E
 62
     7
370
     0
100
AcDb2dPolyline
 66
     1
 10
0.0
 20
0.0
 30
0.0
  0
VERTEX
  5
49A
330
499
100
AcDbEntity
  8
Make2D___U+9359_U+7EFE__U+93C5_U+20AC_U+6C31_U+568E
 62
     7
370
     0
100
AcDbVertex
100
AcDb2dVertex
 10
2.652086009617959
 20
136.8808775031066
 30
0.0
  0
VERTEX
  5
49B
330
499
100
AcDbEntity
  8
Make2D___U+9359_U+7EFE__U+93C5_U+20AC_U+6C31_U+568E
 62
     7
370
     0
100
AcDbVertex
100
AcDb2dVertex
 10
2.652086009617959
 20
134.3808472891105
 30
0.0
  0
SEQEND
  5
49C
330
499
100
AcDbEntity
  8
Make2D___U+9359_U+7EFE__U+93C5_U+20AC_U+6C31_U+568E
 62
     7
370
     0
  0
POLYLINE
  5
49D
330
435
100
AcDbEntity
  8
Make2D___U+9359_U+7EFE__U+93C5_U+20AC_U+6C31_U+568E
 62
     7
370
     0
100
AcDb2dPolyline
 66
     1
 10
0.0
 20
0.0
 30
0.0
  0
VERTEX
  5
49E
330
49D
100
AcDbEntity
  8
Make2D___U+9359_U+7EFE__U+93C5_U+20AC_U+6C31_U+568E
 62
     7
370
     0
100
AcDbVertex
100
AcDb2dVertex
 10
22.59588378240949
 20
134.3808472891105
 30
0.0
  0
VERTEX
  5
49F
330
49D
100
AcDbEntity
  8
Make2D___U+9359_U+7EFE__U+93C5_U+20AC_U+6C31_U+568E
 62
     7
370
     0
100
AcDbVertex
100
AcDb2dVertex
 10
22.59588378240949
 20
136.8808775031066
 30
0.0
  0
SEQEND
  5
4A0
330
49D
100
AcDbEntity
  8
Make2D___U+9359_U+7EFE__U+93C5_U+20AC_U+6C31_U+568E
 62
     7
370
     0
  0
POLYLINE
  5
4A1
330
435
100
AcDbEntity
  8
Make2D___U+9359_U+7EFE__U+93C5_U+20AC_U+6C31_U+568E
 62
     7
370
     0
100
AcDb2dPolyline
 66
     1
 10
0.0
 20
0.0
 30
0.0
  0
VERTEX
  5
4A2
330
4A1
100
AcDbEntity
  8
Make2D___U+9359_U+7EFE__U+93C5_U+20AC_U+6C31_U+568E
 62
     7
370
     0
100
AcDbVertex
100
AcDb2dVertex
 10
20.32879267186445
 20
136.8808775031066
 30
0.0
  0
VERTEX
  5
4A3
330
4A1
100
AcDbEntity
  8
Make2D___U+9359_U+7EFE__U+93C5_U+20AC_U+6C31_U+568E
 62
     7
370
     0
100
AcDbVertex
100
AcDb2dVertex
 10
23.64458628214743
 20
136.8808775031066
 30
0.0
  0
SEQEND
  5
4A4
330
4A1
100
AcDbEntity
  8
Make2D___U+9359_U+7EFE__U+93C5_U+20AC_U+6C31_U+568E
 62
     7
370
     0
  0
POLYLINE
  5
4A5
330
435
100
AcDbEntity
  8
Make2D___U+9359_U+7EFE__U+93C5_U+20AC_U+6C31_U+568E
 62
     7
370
     0
100
AcDb2dPolyline
 66
     1
 10
0.0
 20
0.0
 30
0.0
  0
VERTEX
  5
4A6
330
4A5
100
AcDbEntity
  8
Make2D___U+9359_U+7EFE__U+93C5_U+20AC_U+6C31_U+568E
 62
     7
370
     0
100
AcDbVertex
100
AcDb2dVertex
 10
20.32879267186445
 20
138.8808805076378
 30
0.0
  0
VERTEX
  5
4A7
330
4A5
100
AcDbEntity
  8
Make2D___U+9359_U+7EFE__U+93C5_U+20AC_U+6C31_U+568E
 62
     7
370
     0
100
AcDbVertex
100
AcDb2dVertex
 10
23.64458628214743
 20
138.8808805076378
 30
0.0
  0
SEQEND
  5
4A8
330
4A5
100
AcDbEntity
  8
Make2D___U+9359_U+7EFE__U+93C5_U+20AC_U+6C31_U+568E
 62
     7
370
     0
  0
POLYLINE
  5
4A9
330
435
100
AcDbEntity
  8
Make2D___U+9359_U+7EFE__U+93C5_U+20AC_U+6C31_U+568E
 62
     7
370
     0
100
AcDb2dPolyline
 66
     1
 10
0.0
 20
0.0
 30
0.0
  0
VERTEX
  5
4AA
330
4A9
100
AcDbEntity
  8
Make2D___U+9359_U+7EFE__U+93C5_U+20AC_U+6C31_U+568E
 62
     7
370
     0
100
AcDbVertex
100
AcDb2dVertex
 10
23.64458628214743
 20
138.8808805076378
 30
0.0
  0
VERTEX
  5
4AB
330
4A9
100
AcDbEntity
  8
Make2D___U+9359_U+7EFE__U+93C5_U+20AC_U+6C31_U+568E
 62
     7
370
     0
100
AcDbVertex
100
AcDb2dVertex
 10
23.64458628214743
 20
136.8808775031066
 30
0.0
  0
SEQEND
  5
4AC
330
4A9
100
AcDbEntity
  8
Make2D___U+9359_U+7EFE__U+93C5_U+20AC_U+6C31_U+568E
 62
     7
370
     0
  0
POLYLINE
  5
4AD
330
435
100
AcDbEntity
  8
Make2D___U+9359_U+7EFE__U+93C5_U+20AC_U+6C31_U+568E
 62
     7
370
     0
100
AcDb2dPolyline
 66
     1
 10
0.0
 20
0.0
 30
0.0
  0
VERTEX
  5
4AE
330
4AD
100
AcDbEntity
  8
Make2D___U+9359_U+7EFE__U+93C5_U+20AC_U+6C31_U+568E
 62
     7
370
     0
100
AcDbVertex
100
AcDb2dVertex
 10
1.603418787657574
 20
136.8808775031066
 30
0.0
  0
VERTEX
  5
4AF
330
4AD
100
AcDbEntity
  8
Make2D___U+9359_U+7EFE__U+93C5_U+20AC_U+6C31_U+568E
 62
     7
370
     0
100
AcDbVertex
100
AcDb2dVertex
 10
4.919212397939189
 20
136.8808775031066
 30
0.0
  0
SEQEND
  5
4B0
330
4AD
100
AcDbEntity
  8
Make2D___U+9359_U+7EFE__U+93C5_U+20AC_U+6C31_U+568E
 62
     7
370
     0
  0
POLYLINE
  5
4B1
330
435
100
AcDbEntity
  8
Make2D___U+9359_U+7EFE__U+93C5_U+20AC_U+6C31_U+568E
 62
     7
370
     0
100
AcDb2dPolyline
 66
     1
 10
0.0
 20
0.0
 30
0.0
  0
VERTEX
  5
4B2
330
4B1
100
AcDbEntity
  8
Make2D___U+9359_U+7EFE__U+93C5_U+20AC_U+6C31_U+568E
 62
     7
370
     0
100
AcDbVertex
100
AcDb2dVertex
 10
1.603418787657574
 20
138.8808805076378
 30
0.0
  0
VERTEX
  5
4B3
330
4B1
100
AcDbEntity
  8
Make2D___U+9359_U+7EFE__U+93C5_U+20AC_U+6C31_U+568E
 62
     7
370
     0
100
AcDbVertex
100
AcDb2dVertex
 10
1.603418787657574
 20
136.8808775031066
 30
0.0
  0
SEQEND
  5
4B4
330
4B1
100
AcDbEntity
  8
Make2D___U+9359_U+7EFE__U+93C5_U+20AC_U+6C31_U+568E
 62
     7
370
     0
  0
POLYLINE
  5
4B5
330
435
100
AcDbEntity
  8
Make2D___U+9359_U+7EFE__U+93C5_U+20AC_U+6C31_U+568E
 62
     7
370
     0
100
AcDb2dPolyline
 66
     1
 10
0.0
 20
0.0
 30
0.0
  0
VERTEX
  5
4B6
330
4B5
100
AcDbEntity
  8
Make2D___U+9359_U+7EFE__U+93C5_U+20AC_U+6C31_U+568E
 62
     7
370
     0
100
AcDbVertex
100
AcDb2dVertex
 10
1.603418787657574
 20
138.8808805076378
 30
0.0
  0
VERTEX
  5
4B7
330
4B5
100
AcDbEntity
  8
Make2D___U+9359_U+7EFE__U+93C5_U+20AC_U+6C31_U+568E
 62
     7
370
     0
100
AcDbVertex
100
AcDb2dVertex
 10
4.919212397939189
 20
138.8808805076378
 30
0.0
  0
SEQEND
  5
4B8
330
4B5
100
AcDbEntity
  8
Make2D___U+9359_U+7EFE__U+93C5_U+20AC_U+6C31_U+568E
 62
     7
370
     0
  0
POLYLINE
  5
4B9
330
435
100
AcDbEntity
  8
Make2D___U+9359_U+7EFE__U+93C5_U+20AC_U+6C31_U+568E
 62
     7
370
     0
100
AcDb2dPolyline
 66
     1
 10
0.0
 20
0.0
 30
0.0
  0
VERTEX
  5
4BA
330
4B9
100
AcDbEntity
  8
Make2D___U+9359_U+7EFE__U+93C5_U+20AC_U+6C31_U+568E
 62
     7
370
     0
100
AcDbVertex
100
AcDb2dVertex
 10
2.652086009617959
 20
148.8808602525169
 30
0.0
  0
VERTEX
  5
4BB
330
4B9
100
AcDbEntity
  8
Make2D___U+9359_U+7EFE__U+93C5_U+20AC_U+6C31_U+568E
 62
     7
370
     0
100
AcDbVertex
100
AcDb2dVertex
 10
2.652086009617959
 20
150.8808632570481
 30
0.0
  0
SEQEND
  5
4BC
330
4B9
100
AcDbEntity
  8
Make2D___U+9359_U+7EFE__U+93C5_U+20AC_U+6C31_U+568E
 62
     7
370
     0
  0
POLYLINE
  5
4BD
330
435
100
AcDbEntity
  8
Make2D___U+9359_U+7EFE__U+93C5_U+20AC_U+6C31_U+568E
 62
     7
370
     0
100
AcDb2dPolyline
 66
     1
 10
0.0
 20
0.0
 30
0.0
  0
VERTEX
  5
4BE
330
4BD
100
AcDbEntity
  8
Make2D___U+9359_U+7EFE__U+93C5_U+20AC_U+6C31_U+568E
 62
     7
370
     0
100
AcDbVertex
100
AcDb2dVertex
 10
22.59588378240949
 20
148.8808602525169
 30
0.0
  0
VERTEX
  5
4BF
330
4BD
100
AcDbEntity
  8
Make2D___U+9359_U+7EFE__U+93C5_U+20AC_U+6C31_U+568E
 62
     7
370
     0
100
AcDbVertex
100
AcDb2dVertex
 10
22.59588378240949
 20
150.8808632570481
 30
0.0
  0
SEQEND
  5
4C0
330
4BD
100
AcDbEntity
  8
Make2D___U+9359_U+7EFE__U+93C5_U+20AC_U+6C31_U+568E
 62
     7
370
     0
  0
POLYLINE
  5
4C1
330
435
100
AcDbEntity
  8
Make2D___U+9359_U+7EFE__U+93C5_U+20AC_U+6C31_U+568E
 62
     7
370
     0
100
AcDb2dPolyline
 66
     1
 10
0.0
 20
0.0
 30
0.0
  0
VERTEX
  5
4C2
330
4C1
100
AcDbEntity
  8
Make2D___U+9359_U+7EFE__U+93C5_U+20AC_U+6C31_U+568E
 62
     7
370
     0
100
AcDbVertex
100
AcDb2dVertex
 10
4.919212397939189
 20
148.8808602525169
 30
0.0
  0
VERTEX
  5
4C3
330
4C1
100
AcDbEntity
  8
Make2D___U+9359_U+7EFE__U+93C5_U+20AC_U+6C31_U+568E
 62
     7
370
     0
100
AcDbVertex
100
AcDb2dVertex
 10
1.603418787657574
 20
148.8808602525169
 30
0.0
  0
SEQEND
  5
4C4
330
4C1
100
AcDbEntity
  8
Make2D___U+9359_U+7EFE__U+93C5_U+20AC_U+6C31_U+568E
 62
     7
370
     0
  0
POLYLINE
  5
4C5
330
435
100
AcDbEntity
  8
Make2D___U+9359_U+7EFE__U+93C5_U+20AC_U+6C31_U+568E
 62
     7
370
     0
100
AcDb2dPolyline
 66
     1
 10
0.0
 20
0.0
 30
0.0
  0
VERTEX
  5
4C6
330
4C5
100
AcDbEntity
  8
Make2D___U+9359_U+7EFE__U+93C5_U+20AC_U+6C31_U+568E
 62
     7
370
     0
100
AcDbVertex
100
AcDb2dVertex
 10
1.603418787657574
 20
146.8808572479856
 30
0.0
  0
VERTEX
  5
4C7
330
4C5
100
AcDbEntity
  8
Make2D___U+9359_U+7EFE__U+93C5_U+20AC_U+6C31_U+568E
 62
     7
370
     0
100
AcDbVertex
100
AcDb2dVertex
 10
4.919212397939189
 20
146.8808572479856
 30
0.0
  0
SEQEND
  5
4C8
330
4C5
100
AcDbEntity
  8
Make2D___U+9359_U+7EFE__U+93C5_U+20AC_U+6C31_U+568E
 62
     7
370
     0
  0
POLYLINE
  5
4C9
330
435
100
AcDbEntity
  8
Make2D___U+9359_U+7EFE__U+93C5_U+20AC_U+6C31_U+568E
 62
     7
370
     0
100
AcDb2dPolyline
 66
     1
 10
0.0
 20
0.0
 30
0.0
  0
VERTEX
  5
4CA
330
4C9
100
AcDbEntity
  8
Make2D___U+9359_U+7EFE__U+93C5_U+20AC_U+6C31_U+568E
 62
     7
370
     0
100
AcDbVertex
100
AcDb2dVertex
 10
1.603418787657574
 20
146.8808572479856
 30
0.0
  0
VERTEX
  5
4CB
330
4C9
100
AcDbEntity
  8
Make2D___U+9359_U+7EFE__U+93C5_U+20AC_U+6C31_U+568E
 62
     7
370
     0
100
AcDbVertex
100
AcDb2dVertex
 10
1.603418787657574
 20
148.8808602525169
 30
0.0
  0
SEQEND
  5
4CC
330
4C9
100
AcDbEntity
  8
Make2D___U+9359_U+7EFE__U+93C5_U+20AC_U+6C31_U+568E
 62
     7
370
     0
  0
POLYLINE
  5
4CD
330
435
100
AcDbEntity
  8
Make2D___U+9359_U+7EFE__U+93C5_U+20AC_U+6C31_U+568E
 62
     7
370
     0
100
AcDb2dPolyline
 66
     1
 10
0.0
 20
0.0
 30
0.0
  0
VERTEX
  5
4CE
330
4CD
100
AcDbEntity
  8
Make2D___U+9359_U+7EFE__U+93C5_U+20AC_U+6C31_U+568E
 62
     7
370
     0
100
AcDbVertex
100
AcDb2dVertex
 10
23.64458628214743
 20
148.8808602525169
 30
0.0
  0
VERTEX
  5
4CF
330
4CD
100
AcDbEntity
  8
Make2D___U+9359_U+7EFE__U+93C5_U+20AC_U+6C31_U+568E
 62
     7
370
     0
100
AcDbVertex
100
AcDb2dVertex
 10
20.32879267186445
 20
148.8808602525169
 30
0.0
  0
SEQEND
  5
4D0
330
4CD
100
AcDbEntity
  8
Make2D___U+9359_U+7EFE__U+93C5_U+20AC_U+6C31_U+568E
 62
     7
370
     0
  0
POLYLINE
  5
4D1
330
435
100
AcDbEntity
  8
Make2D___U+9359_U+7EFE__U+93C5_U+20AC_U+6C31_U+568E
 62
     7
370
     0
100
AcDb2dPolyline
 66
     1
 10
0.0
 20
0.0
 30
0.0
  0
VERTEX
  5
4D2
330
4D1
100
AcDbEntity
  8
Make2D___U+9359_U+7EFE__U+93C5_U+20AC_U+6C31_U+568E
 62
     7
370
     0
100
AcDbVertex
100
AcDb2dVertex
 10
23.64458628214743
 20
146.8808572479856
 30
0.0
  0
VERTEX
  5
4D3
330
4D1
100
AcDbEntity
  8
Make2D___U+9359_U+7EFE__U+93C5_U+20AC_U+6C31_U+568E
 62
     7
370
     0
100
AcDbVertex
100
AcDb2dVertex
 10
23.64458628214743
 20
148.8808602525169
 30
0.0
  0
SEQEND
  5
4D4
330
4D1
100
AcDbEntity
  8
Make2D___U+9359_U+7EFE__U+93C5_U+20AC_U+6C31_U+568E
 62
     7
370
     0
  0
POLYLINE
  5
4D5
330
435
100
AcDbEntity
  8
Make2D___U+9359_U+7EFE__U+93C5_U+20AC_U+6C31_U+568E
 62
     7
370
     0
100
AcDb2dPolyline
 66
     1
 10
0.0
 20
0.0
 30
0.0
  0
VERTEX
  5
4D6
330
4D5
100
AcDbEntity
  8
Make2D___U+9359_U+7EFE__U+93C5_U+20AC_U+6C31_U+568E
 62
     7
370
     0
100
AcDbVertex
100
AcDb2dVertex
 10
20.32879267186445
 20
146.8808572479856
 30
0.0
  0
VERTEX
  5
4D7
330
4D5
100
AcDbEntity
  8
Make2D___U+9359_U+7EFE__U+93C5_U+20AC_U+6C31_U+568E
 62
     7
370
     0
100
AcDbVertex
100
AcDb2dVertex
 10
23.64458628214743
 20
146.8808572479856
 30
0.0
  0
SEQEND
  5
4D8
330
4D5
100
AcDbEntity
  8
Make2D___U+9359_U+7EFE__U+93C5_U+20AC_U+6C31_U+568E
 62
     7
370
     0
  0
POLYLINE
  5
4D9
330
435
100
AcDbEntity
  8
Make2D___U+9359_U+7EFE__U+93C5_U+20AC_U+6C31_U+568E
 62
     7
370
     0
100
AcDb2dPolyline
 66
     1
 10
0.0
 20
0.0
 30
0.0
  0
VERTEX
  5
4DA
330
4D9
100
AcDbEntity
  8
Make2D___U+9359_U+7EFE__U+93C5_U+20AC_U+6C31_U+568E
 62
     7
370
     0
100
AcDbVertex
100
AcDb2dVertex
 10
2.652086009617959
 20
143.8808703800769
 30
0.0
  0
VERTEX
  5
4DB
330
4D9
100
AcDbEntity
  8
Make2D___U+9359_U+7EFE__U+93C5_U+20AC_U+6C31_U+568E
 62
     7
370
     0
100
AcDbVertex
100
AcDb2dVertex
 10
2.652086009617959
 20
146.8808572479856
 30
0.0
  0
SEQEND
  5
4DC
330
4D9
100
AcDbEntity
  8
Make2D___U+9359_U+7EFE__U+93C5_U+20AC_U+6C31_U+568E
 62
     7
370
     0
  0
POLYLINE
  5
4DD
330
435
100
AcDbEntity
  8
Make2D___U+9359_U+7EFE__U+93C5_U+20AC_U+6C31_U+568E
 62
     7
370
     0
100
AcDb2dPolyline
 66
     1
 10
0.0
 20
0.0
 30
0.0
  0
VERTEX
  5
4DE
330
4DD
100
AcDbEntity
  8
Make2D___U+9359_U+7EFE__U+93C5_U+20AC_U+6C31_U+568E
 62
     7
370
     0
100
AcDbVertex
100
AcDb2dVertex
 10
22.59588378240949
 20
146.8808572479856
 30
0.0
  0
VERTEX
  5
4DF
330
4DD
100
AcDbEntity
  8
Make2D___U+9359_U+7EFE__U+93C5_U+20AC_U+6C31_U+568E
 62
     7
370
     0
100
AcDbVertex
100
AcDb2dVertex
 10
22.59588378240949
 20
143.8808703800769
 30
0.0
  0
SEQEND
  5
4E0
330
4DD
100
AcDbEntity
  8
Make2D___U+9359_U+7EFE__U+93C5_U+20AC_U+6C31_U+568E
 62
     7
370
     0
  0
POLYLINE
  5
4E1
330
435
100
AcDbEntity
  8
Make2D___U+9359_U+7EFE__U+93C5_U+20AC_U+6C31_U+568E
 62
     7
370
     0
100
AcDb2dPolyline
 66
     1
 10
0.0
 20
0.0
 30
0.0
  0
VERTEX
  5
4E2
330
4E1
100
AcDbEntity
  8
Make2D___U+9359_U+7EFE__U+93C5_U+20AC_U+6C31_U+568E
 62
     7
370
     0
100
AcDbVertex
100
AcDb2dVertex
 10
4.919212397939189
 20
143.8808703800769
 30
0.0
  0
VERTEX
  5
4E3
330
4E1
100
AcDbEntity
  8
Make2D___U+9359_U+7EFE__U+93C5_U+20AC_U+6C31_U+568E
 62
     7
370
     0
100
AcDbVertex
100
AcDb2dVertex
 10
1.603418787657574
 20
143.8808703800769
 30
0.0
  0
SEQEND
  5
4E4
330
4E1
100
AcDbEntity
  8
Make2D___U+9359_U+7EFE__U+93C5_U+20AC_U+6C31_U+568E
 62
     7
370
     0
  0
POLYLINE
  5
4E5
330
435
100
AcDbEntity
  8
Make2D___U+9359_U+7EFE__U+93C5_U+20AC_U+6C31_U+568E
 62
     7
370
     0
100
AcDb2dPolyline
 66
     1
 10
0.0
 20
0.0
 30
0.0
  0
VERTEX
  5
4E6
330
4E5
100
AcDbEntity
  8
Make2D___U+9359_U+7EFE__U+93C5_U+20AC_U+6C31_U+568E
 62
     7
370
     0
100
AcDbVertex
100
AcDb2dVertex
 10
1.603418787657574
 20
141.8808673755466
 30
0.0
  0
VERTEX
  5
4E7
330
4E5
100
AcDbEntity
  8
Make2D___U+9359_U+7EFE__U+93C5_U+20AC_U+6C31_U+568E
 62
     7
370
     0
100
AcDbVertex
100
AcDb2dVertex
 10
4.919212397939189
 20
141.8808673755466
 30
0.0
  0
SEQEND
  5
4E8
330
4E5
100
AcDbEntity
  8
Make2D___U+9359_U+7EFE__U+93C5_U+20AC_U+6C31_U+568E
 62
     7
370
     0
  0
POLYLINE
  5
4E9
330
435
100
AcDbEntity
  8
Make2D___U+9359_U+7EFE__U+93C5_U+20AC_U+6C31_U+568E
 62
     7
370
     0
100
AcDb2dPolyline
 66
     1
 10
0.0
 20
0.0
 30
0.0
  0
VERTEX
  5
4EA
330
4E9
100
AcDbEntity
  8
Make2D___U+9359_U+7EFE__U+93C5_U+20AC_U+6C31_U+568E
 62
     7
370
     0
100
AcDbVertex
100
AcDb2dVertex
 10
1.603418787657574
 20
141.8808673755466
 30
0.0
  0
VERTEX
  5
4EB
330
4E9
100
AcDbEntity
  8
Make2D___U+9359_U+7EFE__U+93C5_U+20AC_U+6C31_U+568E
 62
     7
370
     0
100
AcDbVertex
100
AcDb2dVertex
 10
1.603418787657574
 20
143.8808703800769
 30
0.0
  0
SEQEND
  5
4EC
330
4E9
100
AcDbEntity
  8
Make2D___U+9359_U+7EFE__U+93C5_U+20AC_U+6C31_U+568E
 62
     7
370
     0
  0
POLYLINE
  5
4ED
330
435
100
AcDbEntity
  8
Make2D___U+9359_U+7EFE__U+93C5_U+20AC_U+6C31_U+568E
 62
     7
370
     0
100
AcDb2dPolyline
 66
     1
 10
0.0
 20
0.0
 30
0.0
  0
VERTEX
  5
4EE
330
4ED
100
AcDbEntity
  8
Make2D___U+9359_U+7EFE__U+93C5_U+20AC_U+6C31_U+568E
 62
     7
370
     0
100
AcDbVertex
100
AcDb2dVertex
 10
23.64458628214743
 20
143.8808703800769
 30
0.0
  0
VERTEX
  5
4EF
330
4ED
100
AcDbEntity
  8
Make2D___U+9359_U+7EFE__U+93C5_U+20AC_U+6C31_U+568E
 62
     7
370
     0
100
AcDbVertex
100
AcDb2dVertex
 10
20.32879267186445
 20
143.8808703800769
 30
0.0
  0
SEQEND
  5
4F0
330
4ED
100
AcDbEntity
  8
Make2D___U+9359_U+7EFE__U+93C5_U+20AC_U+6C31_U+568E
 62
     7
370
     0
  0
POLYLINE
  5
4F1
330
435
100
AcDbEntity
  8
Make2D___U+9359_U+7EFE__U+93C5_U+20AC_U+6C31_U+568E
 62
     7
370
     0
100
AcDb2dPolyline
 66
     1
 10
0.0
 20
0.0
 30
0.0
  0
VERTEX
  5
4F2
330
4F1
100
AcDbEntity
  8
Make2D___U+9359_U+7EFE__U+93C5_U+20AC_U+6C31_U+568E
 62
     7
370
     0
100
AcDbVertex
100
AcDb2dVertex
 10
23.64458628214743
 20
141.8808673755466
 30
0.0
  0
VERTEX
  5
4F3
330
4F1
100
AcDbEntity
  8
Make2D___U+9359_U+7EFE__U+93C5_U+20AC_U+6C31_U+568E
 62
     7
370
     0
100
AcDbVertex
100
AcDb2dVertex
 10
23.64458628214743
 20
143.8808703800769
 30
0.0
  0
SEQEND
  5
4F4
330
4F1
100
AcDbEntity
  8
Make2D___U+9359_U+7EFE__U+93C5_U+20AC_U+6C31_U+568E
 62
     7
370
     0
  0
POLYLINE
  5
4F5
330
435
100
AcDbEntity
  8
Make2D___U+9359_U+7EFE__U+93C5_U+20AC_U+6C31_U+568E
 62
     7
370
     0
100
AcDb2dPolyline
 66
     1
 10
0.0
 20
0.0
 30
0.0
  0
VERTEX
  5
4F6
330
4F5
100
AcDbEntity
  8
Make2D___U+9359_U+7EFE__U+93C5_U+20AC_U+6C31_U+568E
 62
     7
370
     0
100
AcDbVertex
100
AcDb2dVertex
 10
20.32879267186445
 20
141.8808673755466
 30
0.0
  0
VERTEX
  5
4F7
330
4F5
100
AcDbEntity
  8
Make2D___U+9359_U+7EFE__U+93C5_U+20AC_U+6C31_U+568E
 62
     7
370
     0
100
AcDbVertex
100
AcDb2dVertex
 10
23.64458628214743
 20
141.8808673755466
 30
0.0
  0
SEQEND
  5
4F8
330
4F5
100
AcDbEntity
  8
Make2D___U+9359_U+7EFE__U+93C5_U+20AC_U+6C31_U+568E
 62
     7
370
     0
  0
POLYLINE
  5
4F9
330
435
100
AcDbEntity
  8
Make2D___U+9359_U+7EFE__U+93C5_U+20AC_U+6C31_U+568E
 62
     7
370
     0
100
AcDb2dPolyline
 66
     1
 10
0.0
 20
0.0
 30
0.0
  0
VERTEX
  5
4FA
330
4F9
100
AcDbEntity
  8
Make2D___U+9359_U+7EFE__U+93C5_U+20AC_U+6C31_U+568E
 62
     7
370
     0
100
AcDbVertex
100
AcDb2dVertex
 10
22.59588378240949
 20
141.8808673755466
 30
0.0
  0
VERTEX
  5
4FB
330
4F9
100
AcDbEntity
  8
Make2D___U+9359_U+7EFE__U+93C5_U+20AC_U+6C31_U+568E
 62
     7
370
     0
100
AcDbVertex
100
AcDb2dVertex
 10
22.59588378240949
 20
138.8808805076378
 30
0.0
  0
SEQEND
  5
4FC
330
4F9
100
AcDbEntity
  8
Make2D___U+9359_U+7EFE__U+93C5_U+20AC_U+6C31_U+568E
 62
     7
370
     0
  0
POLYLINE
  5
4FD
330
435
100
AcDbEntity
  8
Make2D___U+9359_U+7EFE__U+93C5_U+20AC_U+6C31_U+568E
 62
     7
370
     0
100
AcDb2dPolyline
 66
     1
 10
0.0
 20
0.0
 30
0.0
  0
VERTEX
  5
4FE
330
4FD
100
AcDbEntity
  8
Make2D___U+9359_U+7EFE__U+93C5_U+20AC_U+6C31_U+568E
 62
     7
370
     0
100
AcDbVertex
100
AcDb2dVertex
 10
2.652086009617959
 20
138.8808805076378
 30
0.0
  0
VERTEX
  5
4FF
330
4FD
100
AcDbEntity
  8
Make2D___U+9359_U+7EFE__U+93C5_U+20AC_U+6C31_U+568E
 62
     7
370
     0
100
AcDbVertex
100
AcDb2dVertex
 10
2.652086009617959
 20
141.8808673755466
 30
0.0
  0
SEQEND
  5
500
330
4FD
100
AcDbEntity
  8
Make2D___U+9359_U+7EFE__U+93C5_U+20AC_U+6C31_U+568E
 62
     7
370
     0
  0
POLYLINE
  5
501
330
435
100
AcDbEntity
  8
Make2D___U+9359_U+7EFE__U+93C5_U+20AC_U+6C31_U+568E
 62
     7
370
     0
100
AcDb2dPolyline
 66
     1
 10
0.0
 20
0.0
 30
0.0
  0
VERTEX
  5
502
330
501
100
AcDbEntity
  8
Make2D___U+9359_U+7EFE__U+93C5_U+20AC_U+6C31_U+568E
 62
     7
370
     0
100
AcDbVertex
100
AcDb2dVertex
 10
-5.937135654902134
 20
195.3171743456059
 30
0.0
  0
VERTEX
  5
503
330
501
100
AcDbEntity
  8
Make2D___U+9359_U+7EFE__U+93C5_U+20AC_U+6C31_U+568E
 62
     7
370
     0
100
AcDbVertex
100
AcDb2dVertex
 10
-3.937167877624233
 20
194.2684718723603
 30
0.0
  0
SEQEND
  5
504
330
501
100
AcDbEntity
  8
Make2D___U+9359_U+7EFE__U+93C5_U+20AC_U+6C31_U+568E
 62
     7
370
     0
  0
POLYLINE
  5
505
330
435
100
AcDbEntity
  8
Make2D___U+9359_U+7EFE__U+93C5_U+20AC_U+6C31_U+568E
 62
     7
370
     0
100
AcDb2dPolyline
 66
     1
 10
0.0
 20
0.0
 30
0.0
  0
VERTEX
  5
506
330
505
100
AcDbEntity
  8
Make2D___U+9359_U+7EFE__U+93C5_U+20AC_U+6C31_U+568E
 62
     7
370
     0
100
AcDbVertex
100
AcDb2dVertex
 10
-9.125999820771426
 20
191.6855741604776
 30
0.0
  0
VERTEX
  5
507
330
505
100
AcDbEntity
  8
Make2D___U+9359_U+7EFE__U+93C5_U+20AC_U+6C31_U+568E
 62
     7
370
     0
100
AcDbVertex
100
AcDb2dVertex
 10
-9.125999820771426
 20
195.3171743456059
 30
0.0
  0
SEQEND
  5
508
330
505
100
AcDbEntity
  8
Make2D___U+9359_U+7EFE__U+93C5_U+20AC_U+6C31_U+568E
 62
     7
370
     0
  0
POLYLINE
  5
509
330
435
100
AcDbEntity
  8
Make2D___U+9359_U+7EFE__U+93C5_U+20AC_U+6C31_U+568E
 62
     7
370
     0
100
AcDb2dPolyline
 66
     1
 10
0.0
 20
0.0
 30
0.0
  0
VERTEX
  5
50A
330
509
100
AcDbEntity
  8
Make2D___U+9359_U+7EFE__U+93C5_U+20AC_U+6C31_U+568E
 62
     7
370
     0
100
AcDbVertex
100
AcDb2dVertex
 10
-9.125999820771426
 20
195.3171743456059
 30
0.0
  0
VERTEX
  5
50B
330
509
100
AcDbEntity
  8
Make2D___U+9359_U+7EFE__U+93C5_U+20AC_U+6C31_U+568E
 62
     7
370
     0
100
AcDbVertex
100
AcDb2dVertex
 10
-5.937135654902134
 20
195.3171743456059
 30
0.0
  0
SEQEND
  5
50C
330
509
100
AcDbEntity
  8
Make2D___U+9359_U+7EFE__U+93C5_U+20AC_U+6C31_U+568E
 62
     7
370
     0
  0
POLYLINE
  5
50D
330
435
100
AcDbEntity
  8
Make2D___U+9359_U+7EFE__U+93C5_U+20AC_U+6C31_U+568E
 62
     7
370
     0
100
AcDb2dPolyline
 66
     1
 10
0.0
 20
0.0
 30
0.0
  0
VERTEX
  5
50E
330
50D
100
AcDbEntity
  8
Make2D___U+9359_U+7EFE__U+93C5_U+20AC_U+6C31_U+568E
 62
     7
370
     0
100
AcDbVertex
100
AcDb2dVertex
 10
-9.125999820771426
 20
191.6855741604776
 30
0.0
  0
VERTEX
  5
50F
330
50D
100
AcDbEntity
  8
Make2D___U+9359_U+7EFE__U+93C5_U+20AC_U+6C31_U+568E
 62
     7
370
     0
100
AcDbVertex
100
AcDb2dVertex
 10
-9.125999820771426
 20
188.6137617388458
 30
0.0
  0
SEQEND
  5
510
330
50D
100
AcDbEntity
  8
Make2D___U+9359_U+7EFE__U+93C5_U+20AC_U+6C31_U+568E
 62
     7
370
     0
  0
POLYLINE
  5
511
330
435
100
AcDbEntity
  8
Make2D___U+9359_U+7EFE__U+93C5_U+20AC_U+6C31_U+568E
 62
     7
370
     0
100
AcDb2dPolyline
 66
     1
 10
0.0
 20
0.0
 30
0.0
  0
VERTEX
  5
512
330
511
100
AcDbEntity
  8
Make2D___U+9359_U+7EFE__U+93C5_U+20AC_U+6C31_U+568E
 62
     7
370
     0
100
AcDbVertex
100
AcDb2dVertex
 10
-3.922139544294623
 20
171.4932449534044
 30
0.0
  0
VERTEX
  5
513
330
511
100
AcDbEntity
  8
Make2D___U+9359_U+7EFE__U+93C5_U+20AC_U+6C31_U+568E
 62
     7
370
     0
100
AcDbVertex
100
AcDb2dVertex
 10
1.236388787749091
 20
171.4932449534044
 30
0.0
  0
SEQEND
  5
514
330
511
100
AcDbEntity
  8
Make2D___U+9359_U+7EFE__U+93C5_U+20AC_U+6C31_U+568E
 62
     7
370
     0
  0
POLYLINE
  5
515
330
435
100
AcDbEntity
  8
Make2D___U+9359_U+7EFE__U+93C5_U+20AC_U+6C31_U+568E
 62
     7
370
     0
100
AcDb2dPolyline
 66
     1
 10
0.0
 20
0.0
 30
0.0
  0
VERTEX
  5
516
330
515
100
AcDbEntity
  8
Make2D___U+9359_U+7EFE__U+93C5_U+20AC_U+6C31_U+568E
 62
     7
370
     0
100
AcDbVertex
100
AcDb2dVertex
 10
1.236388787749091
 20
171.4932449534044
 30
0.0
  0
VERTEX
  5
517
330
515
100
AcDbEntity
  8
Make2D___U+9359_U+7EFE__U+93C5_U+20AC_U+6C31_U+568E
 62
     7
370
     0
100
AcDbVertex
100
AcDb2dVertex
 10
1.236388787749091
 20
165.6660264909587
 30
0.0
  0
SEQEND
  5
518
330
515
100
AcDbEntity
  8
Make2D___U+9359_U+7EFE__U+93C5_U+20AC_U+6C31_U+568E
 62
     7
370
     0
  0
POLYLINE
  5
519
330
435
100
AcDbEntity
  8
Make2D___U+9359_U+7EFE__U+93C5_U+20AC_U+6C31_U+568E
 62
     7
370
     0
100
AcDb2dPolyline
 66
     1
 10
0.0
 20
0.0
 30
0.0
  0
VERTEX
  5
51A
330
519
100
AcDbEntity
  8
Make2D___U+9359_U+7EFE__U+93C5_U+20AC_U+6C31_U+568E
 62
     7
370
     0
100
AcDbVertex
100
AcDb2dVertex
 10
1.236388787749091
 20
165.6660264909587
 30
0.0
  0
VERTEX
  5
51B
330
519
100
AcDbEntity
  8
Make2D___U+9359_U+7EFE__U+93C5_U+20AC_U+6C31_U+568E
 62
     7
370
     0
100
AcDbVertex
100
AcDb2dVertex
 10
0.187686288011264
 20
163.6660234864275
 30
0.0
  0
SEQEND
  5
51C
330
519
100
AcDbEntity
  8
Make2D___U+9359_U+7EFE__U+93C5_U+20AC_U+6C31_U+568E
 62
     7
370
     0
  0
POLYLINE
  5
51D
330
435
100
AcDbEntity
  8
Make2D___U+9359_U+7EFE__U+93C5_U+20AC_U+6C31_U+568E
 62
     7
370
     0
100
AcDb2dPolyline
 66
     1
 10
0.0
 20
0.0
 30
0.0
  0
VERTEX
  5
51E
330
51D
100
AcDbEntity
  8
Make2D___U+9359_U+7EFE__U+93C5_U+20AC_U+6C31_U+568E
 62
     7
370
     0
100
AcDbVertex
100
AcDb2dVertex
 10
-5.922142599350195
 20
170.4445777579367
 30
0.0
  0
VERTEX
  5
51F
330
51D
100
AcDbEntity
  8
Make2D___U+9359_U+7EFE__U+93C5_U+20AC_U+6C31_U+568E
 62
     7
370
     0
100
AcDbVertex
100
AcDb2dVertex
 10
-3.922139544294623
 20
171.4932449534044
 30
0.0
  0
SEQEND
  5
520
330
51D
100
AcDbEntity
  8
Make2D___U+9359_U+7EFE__U+93C5_U+20AC_U+6C31_U+568E
 62
     7
370
     0
  0
POLYLINE
  5
521
330
435
100
AcDbEntity
  8
Make2D___U+9359_U+7EFE__U+93C5_U+20AC_U+6C31_U+568E
 62
     7
370
     0
100
AcDb2dPolyline
 66
     1
 10
0.0
 20
0.0
 30
0.0
  0
VERTEX
  5
522
330
521
100
AcDbEntity
  8
Make2D___U+9359_U+7EFE__U+93C5_U+20AC_U+6C31_U+568E
 62
     7
370
     0
100
AcDbVertex
100
AcDb2dVertex
 10
6.891099064113291
 20
161.1443679952053
 30
0.0
  0
VERTEX
  5
523
330
521
100
AcDbEntity
  8
Make2D___U+9359_U+7EFE__U+93C5_U+20AC_U+6C31_U+568E
 62
     7
370
     0
100
AcDbVertex
100
AcDb2dVertex
 10
6.891099064113291
 20
177.147990364695
 30
0.0
  0
SEQEND
  5
524
330
521
100
AcDbEntity
  8
Make2D___U+9359_U+7EFE__U+93C5_U+20AC_U+6C31_U+568E
 62
     7
370
     0
  0
POLYLINE
  5
525
330
435
100
AcDbEntity
  8
Make2D___U+9359_U+7EFE__U+93C5_U+20AC_U+6C31_U+568E
 62
     7
370
     0
100
AcDb2dPolyline
 66
     1
 10
0.0
 20
0.0
 30
0.0
  0
VERTEX
  5
526
330
525
100
AcDbEntity
  8
Make2D___U+9359_U+7EFE__U+93C5_U+20AC_U+6C31_U+568E
 62
     7
370
     0
100
AcDbVertex
100
AcDb2dVertex
 10
-9.112488431886047
 20
177.147990364695
 30
0.0
  0
VERTEX
  5
527
330
525
100
AcDbEntity
  8
Make2D___U+9359_U+7EFE__U+93C5_U+20AC_U+6C31_U+568E
 62
     7
370
     0
100
AcDbVertex
100
AcDb2dVertex
 10
-9.112488431886047
 20
174.0761426652871
 30
0.0
  0
SEQEND
  5
528
330
525
100
AcDbEntity
  8
Make2D___U+9359_U+7EFE__U+93C5_U+20AC_U+6C31_U+568E
 62
     7
370
     0
  0
POLYLINE
  5
529
330
435
100
AcDbEntity
  8
Make2D___U+9359_U+7EFE__U+93C5_U+20AC_U+6C31_U+568E
 62
     7
370
     0
100
AcDb2dPolyline
 66
     1
 10
0.0
 20
0.0
 30
0.0
  0
VERTEX
  5
52A
330
529
100
AcDbEntity
  8
Make2D___U+9359_U+7EFE__U+93C5_U+20AC_U+6C31_U+568E
 62
     7
370
     0
100
AcDbVertex
100
AcDb2dVertex
 10
-9.112488431886047
 20
174.0761426652871
 30
0.0
  0
VERTEX
  5
52B
330
529
100
AcDbEntity
  8
Make2D___U+9359_U+7EFE__U+93C5_U+20AC_U+6C31_U+568E
 62
     7
370
     0
100
AcDbVertex
100
AcDb2dVertex
 10
-9.112488431886047
 20
170.4445777579367
 30
0.0
  0
SEQEND
  5
52C
330
529
100
AcDbEntity
  8
Make2D___U+9359_U+7EFE__U+93C5_U+20AC_U+6C31_U+568E
 62
     7
370
     0
  0
POLYLINE
  5
52D
330
435
100
AcDbEntity
  8
Make2D___U+9359_U+7EFE__U+93C5_U+20AC_U+6C31_U+568E
 62
     7
370
     0
100
AcDb2dPolyline
 66
     1
 10
0.0
 20
0.0
 30
0.0
  0
VERTEX
  5
52E
330
52D
100
AcDbEntity
  8
Make2D___U+9359_U+7EFE__U+93C5_U+20AC_U+6C31_U+568E
 62
     7
370
     0
100
AcDbVertex
100
AcDb2dVertex
 10
-5.922142599350195
 20
170.4445777579367
 30
0.0
  0
VERTEX
  5
52F
330
52D
100
AcDbEntity
  8
Make2D___U+9359_U+7EFE__U+93C5_U+20AC_U+6C31_U+568E
 62
     7
370
     0
100
AcDbVertex
100
AcDb2dVertex
 10
-9.112488431886047
 20
170.4445777579367
 30
0.0
  0
SEQEND
  5
530
330
52D
100
AcDbEntity
  8
Make2D___U+9359_U+7EFE__U+93C5_U+20AC_U+6C31_U+568E
 62
     7
370
     0
  0
POLYLINE
  5
531
330
435
100
AcDbEntity
  8
Make2D___U+9359_U+7EFE__U+93C5_U+20AC_U+6C31_U+568E
 62
     7
370
     0
100
AcDb2dPolyline
 66
     1
 10
0.0
 20
0.0
 30
0.0
  0
VERTEX
  5
532
330
531
100
AcDbEntity
  8
Make2D___U+9359_U+7EFE__U+93C5_U+20AC_U+6C31_U+568E
 62
     7
370
     0
100
AcDbVertex
100
AcDb2dVertex
 10
0.187686288011264
 20
161.1443679952053
 30
0.0
  0
VERTEX
  5
533
330
531
100
AcDbEntity
  8
Make2D___U+9359_U+7EFE__U+93C5_U+20AC_U+6C31_U+568E
 62
     7
370
     0
100
AcDbVertex
100
AcDb2dVertex
 10
3.819286564881053
 20
161.1443679952053
 30
0.0
  0
SEQEND
  5
534
330
531
100
AcDbEntity
  8
Make2D___U+9359_U+7EFE__U+93C5_U+20AC_U+6C31_U+568E
 62
     7
370
     0
  0
POLYLINE
  5
535
330
435
100
AcDbEntity
  8
Make2D___U+9359_U+7EFE__U+93C5_U+20AC_U+6C31_U+568E
 62
     7
370
     0
100
AcDb2dPolyline
 66
     1
 10
0.0
 20
0.0
 30
0.0
  0
VERTEX
  5
536
330
535
100
AcDbEntity
  8
Make2D___U+9359_U+7EFE__U+93C5_U+20AC_U+6C31_U+568E
 62
     7
370
     0
100
AcDbVertex
100
AcDb2dVertex
 10
0.187686288011264
 20
163.6660234864275
 30
0.0
  0
VERTEX
  5
537
330
535
100
AcDbEntity
  8
Make2D___U+9359_U+7EFE__U+93C5_U+20AC_U+6C31_U+568E
 62
     7
370
     0
100
AcDbVertex
100
AcDb2dVertex
 10
0.187686288011264
 20
161.1443679952053
 30
0.0
  0
SEQEND
  5
538
330
535
100
AcDbEntity
  8
Make2D___U+9359_U+7EFE__U+93C5_U+20AC_U+6C31_U+568E
 62
     7
370
     0
  0
POLYLINE
  5
539
330
435
100
AcDbEntity
  8
Make2D___U+9359_U+7EFE__U+93C5_U+20AC_U+6C31_U+568E
 62
     7
370
     0
100
AcDb2dPolyline
 66
     1
 10
0.0
 20
0.0
 30
0.0
  0
VERTEX
  5
53A
330
539
100
AcDbEntity
  8
Make2D___U+9359_U+7EFE__U+93C5_U+20AC_U+6C31_U+568E
 62
     7
370
     0
100
AcDbVertex
100
AcDb2dVertex
 10
3.819286564881053
 20
161.1443679952053
 30
0.0
  0
VERTEX
  5
53B
330
539
100
AcDbEntity
  8
Make2D___U+9359_U+7EFE__U+93C5_U+20AC_U+6C31_U+568E
 62
     7
370
     0
100
AcDbVertex
100
AcDb2dVertex
 10
6.891099064113291
 20
161.1443679952053
 30
0.0
  0
SEQEND
  5
53C
330
539
100
AcDbEntity
  8
Make2D___U+9359_U+7EFE__U+93C5_U+20AC_U+6C31_U+568E
 62
     7
370
     0
  0
POLYLINE
  5
53D
330
435
100
AcDbEntity
  8
Make2D___U+9359_U+7EFE__U+93C5_U+20AC_U+6C31_U+568E
 62
     7
370
     0
100
AcDb2dPolyline
 66
     1
 10
0.0
 20
0.0
 30
0.0
  0
VERTEX
  5
53E
330
53D
100
AcDbEntity
  8
Make2D___U+9359_U+7EFE__U+93C5_U+20AC_U+6C31_U+568E
 62
     7
370
     0
100
AcDbVertex
100
AcDb2dVertex
 10
6.891099064113291
 20
177.147990364695
 30
0.0
  0
VERTEX
  5
53F
330
53D
100
AcDbEntity
  8
Make2D___U+9359_U+7EFE__U+93C5_U+20AC_U+6C31_U+568E
 62
     7
370
     0
100
AcDbVertex
100
AcDb2dVertex
 10
-9.112488431886047
 20
177.147990364695
 30
0.0
  0
SEQEND
  5
540
330
53D
100
AcDbEntity
  8
Make2D___U+9359_U+7EFE__U+93C5_U+20AC_U+6C31_U+568E
 62
     7
370
     0
  0
POLYLINE
  5
541
330
435
100
AcDbEntity
  8
Make2D___U+9359_U+7EFE__U+93C5_U+20AC_U+6C31_U+568E
 62
     7
370
     0
100
AcDb2dPolyline
 66
     1
 10
0.0
 20
0.0
 30
0.0
  0
VERTEX
  5
542
330
541
100
AcDbEntity
  8
Make2D___U+9359_U+7EFE__U+93C5_U+20AC_U+6C31_U+568E
 62
     7
370
     0
100
AcDbVertex
100
AcDb2dVertex
 10
-19.37599342931935
 20
172.3846085417753
 30
0.0
  0
VERTEX
  5
543
330
541
100
AcDbEntity
  8
Make2D___U+9359_U+7EFE__U+93C5_U+20AC_U+6C31_U+568E
 62
     7
370
     0
100
AcDbVertex
100
AcDb2dVertex
 10
-18.87600148500041
 20
171.8602749440415
 30
0.0
  0
SEQEND
  5
544
330
541
100
AcDbEntity
  8
Make2D___U+9359_U+7EFE__U+93C5_U+20AC_U+6C31_U+568E
 62
     7
370
     0
  0
POLYLINE
  5
545
330
435
100
AcDbEntity
  8
Make2D___U+9359_U+7EFE__U+93C5_U+20AC_U+6C31_U+568E
 62
     7
370
     0
100
AcDb2dPolyline
 66
     1
 10
0.0
 20
0.0
 30
0.0
  0
VERTEX
  5
546
330
545
100
AcDbEntity
  8
Make2D___U+9359_U+7EFE__U+93C5_U+20AC_U+6C31_U+568E
 62
     7
370
     0
100
AcDbVertex
100
AcDb2dVertex
 10
-19.37599342931924
 20
193.3847988393489
 30
0.0
  0
VERTEX
  5
547
330
545
100
AcDbEntity
  8
Make2D___U+9359_U+7EFE__U+93C5_U+20AC_U+6C31_U+568E
 62
     7
370
     0
100
AcDbVertex
100
AcDb2dVertex
 10
-18.87600148500087
 20
193.9091324370829
 30
0.0
  0
SEQEND
  5
548
330
545
100
AcDbEntity
  8
Make2D___U+9359_U+7EFE__U+93C5_U+20AC_U+6C31_U+568E
 62
     7
370
     0
  0
POLYLINE
  5
549
330
435
100
AcDbEntity
  8
Make2D___U+9359_U+7EFE__U+93C5_U+20AC_U+6C31_U+568E
 62
     7
370
     0
100
AcDb2dPolyline
 66
     1
 10
0.0
 20
0.0
 30
0.0
  0
VERTEX
  5
54A
330
549
100
AcDbEntity
  8
Make2D___U+9359_U+7EFE__U+93C5_U+20AC_U+6C31_U+568E
 62
     7
370
     0
100
AcDbVertex
100
AcDb2dVertex
 10
-19.37599342931935
 20
175.5424987389888
 30
0.0
  0
VERTEX
  5
54B
330
549
100
AcDbEntity
  8
Make2D___U+9359_U+7EFE__U+93C5_U+20AC_U+6C31_U+568E
 62
     7
370
     0
100
AcDbVertex
100
AcDb2dVertex
 10
-19.37599342931935
 20
172.3846085417753
 30
0.0
  0
SEQEND
  5
54C
330
549
100
AcDbEntity
  8
Make2D___U+9359_U+7EFE__U+93C5_U+20AC_U+6C31_U+568E
 62
     7
370
     0
  0
POLYLINE
  5
54D
330
435
100
AcDbEntity
  8
Make2D___U+9359_U+7EFE__U+93C5_U+20AC_U+6C31_U+568E
 62
     7
370
     0
100
AcDb2dPolyline
 66
     1
 10
0.0
 20
0.0
 30
0.0
  0
VERTEX
  5
54E
330
54D
100
AcDbEntity
  8
Make2D___U+9359_U+7EFE__U+93C5_U+20AC_U+6C31_U+568E
 62
     7
370
     0
100
AcDbVertex
100
AcDb2dVertex
 10
-19.37599342931924
 20
190.2269086421356
 30
0.0
  0
VERTEX
  5
54F
330
54D
100
AcDbEntity
  8
Make2D___U+9359_U+7EFE__U+93C5_U+20AC_U+6C31_U+568E
 62
     7
370
     0
100
AcDbVertex
100
AcDb2dVertex
 10
-19.37599342931935
 20
175.5424987389888
 30
0.0
  0
SEQEND
  5
550
330
54D
100
AcDbEntity
  8
Make2D___U+9359_U+7EFE__U+93C5_U+20AC_U+6C31_U+568E
 62
     7
370
     0
  0
POLYLINE
  5
551
330
435
100
AcDbEntity
  8
Make2D___U+9359_U+7EFE__U+93C5_U+20AC_U+6C31_U+568E
 62
     7
370
     0
100
AcDb2dPolyline
 66
     1
 10
0.0
 20
0.0
 30
0.0
  0
VERTEX
  5
552
330
551
100
AcDbEntity
  8
Make2D___U+9359_U+7EFE__U+93C5_U+20AC_U+6C31_U+568E
 62
     7
370
     0
100
AcDbVertex
100
AcDb2dVertex
 10
-19.37599342931924
 20
193.3847988393489
 30
0.0
  0
VERTEX
  5
553
330
551
100
AcDbEntity
  8
Make2D___U+9359_U+7EFE__U+93C5_U+20AC_U+6C31_U+568E
 62
     7
370
     0
100
AcDbVertex
100
AcDb2dVertex
 10
-19.37599342931924
 20
190.2269086421356
 30
0.0
  0
SEQEND
  5
554
330
551
100
AcDbEntity
  8
Make2D___U+9359_U+7EFE__U+93C5_U+20AC_U+6C31_U+568E
 62
     7
370
     0
  0
POLYLINE
  5
555
330
435
100
AcDbEntity
  8
Make2D___U+9359_U+7EFE__U+93C5_U+20AC_U+6C31_U+568E
 62
     7
370
     0
100
AcDb2dPolyline
 66
     1
 10
0.0
 20
0.0
 30
0.0
  0
VERTEX
  5
556
330
555
100
AcDbEntity
  8
Make2D___U+9359_U+7EFE__U+93C5_U+20AC_U+6C31_U+568E
 62
     7
370
     0
100
AcDbVertex
100
AcDb2dVertex
 10
-21.37599648437583
 20
172.9089421395092
 30
0.0
  0
VERTEX
  5
557
330
555
100
AcDbEntity
  8
Make2D___U+9359_U+7EFE__U+93C5_U+20AC_U+6C31_U+568E
 62
     7
370
     0
100
AcDbVertex
100
AcDb2dVertex
 10
-19.37599342931935
 20
172.9089421395092
 30
0.0
  0
SEQEND
  5
558
330
555
100
AcDbEntity
  8
Make2D___U+9359_U+7EFE__U+93C5_U+20AC_U+6C31_U+568E
 62
     7
370
     0
  0
POLYLINE
  5
559
330
435
100
AcDbEntity
  8
Make2D___U+9359_U+7EFE__U+93C5_U+20AC_U+6C31_U+568E
 62
     7
370
     0
100
AcDb2dPolyline
 66
     1
 10
0.0
 20
0.0
 30
0.0
  0
VERTEX
  5
55A
330
559
100
AcDbEntity
  8
Make2D___U+9359_U+7EFE__U+93C5_U+20AC_U+6C31_U+568E
 62
     7
370
     0
100
AcDbVertex
100
AcDb2dVertex
 10
-35.87600981408423
 20
192.8527746862564
 30
0.0
  0
VERTEX
  5
55B
330
559
100
AcDbEntity
  8
Make2D___U+9359_U+7EFE__U+93C5_U+20AC_U+6C31_U+568E
 62
     7
370
     0
100
AcDbVertex
100
AcDb2dVertex
 10
-19.37599342931924
 20
192.8527746862564
 30
0.0
  0
SEQEND
  5
55C
330
559
100
AcDbEntity
  8
Make2D___U+9359_U+7EFE__U+93C5_U+20AC_U+6C31_U+568E
 62
     7
370
     0
  0
POLYLINE
  5
55D
330
435
100
AcDbEntity
  8
Make2D___U+9359_U+7EFE__U+93C5_U+20AC_U+6C31_U+568E
 62
     7
370
     0
100
AcDb2dPolyline
 66
     1
 10
0.0
 20
0.0
 30
0.0
  0
VERTEX
  5
55E
330
55D
100
AcDbEntity
  8
Make2D___U+9359_U+7EFE__U+93C5_U+20AC_U+6C31_U+568E
 62
     7
370
     0
100
AcDbVertex
100
AcDb2dVertex
 10
-36.37600175840351
 20
192.3284410885226
 30
0.0
  0
VERTEX
  5
55F
330
55D
100
AcDbEntity
  8
Make2D___U+9359_U+7EFE__U+93C5_U+20AC_U+6C31_U+568E
 62
     7
370
     0
100
AcDbVertex
100
AcDb2dVertex
 10
-35.87600981408423
 20
192.8527746862564
 30
0.0
  0
SEQEND
  5
560
330
55D
100
AcDbEntity
  8
Make2D___U+9359_U+7EFE__U+93C5_U+20AC_U+6C31_U+568E
 62
     7
370
     0
  0
POLYLINE
  5
561
330
435
100
AcDbEntity
  8
Make2D___U+9359_U+7EFE__U+93C5_U+20AC_U+6C31_U+568E
 62
     7
370
     0
100
AcDb2dPolyline
 66
     1
 10
0.0
 20
0.0
 30
0.0
  0
VERTEX
  5
562
330
561
100
AcDbEntity
  8
Make2D___U+9359_U+7EFE__U+93C5_U+20AC_U+6C31_U+568E
 62
     7
370
     0
100
AcDbVertex
100
AcDb2dVertex
 10
-33.37601481470858
 20
172.9089421395092
 30
0.0
  0
VERTEX
  5
563
330
561
100
AcDbEntity
  8
Make2D___U+9359_U+7EFE__U+93C5_U+20AC_U+6C31_U+568E
 62
     7
370
     0
100
AcDbVertex
100
AcDb2dVertex
 10
-35.87600981408434
 20
172.9089421395092
 30
0.0
  0
SEQEND
  5
564
330
561
100
AcDbEntity
  8
Make2D___U+9359_U+7EFE__U+93C5_U+20AC_U+6C31_U+568E
 62
     7
370
     0
  0
POLYLINE
  5
565
330
435
100
AcDbEntity
  8
Make2D___U+9359_U+7EFE__U+93C5_U+20AC_U+6C31_U+568E
 62
     7
370
     0
100
AcDb2dPolyline
 66
     1
 10
0.0
 20
0.0
 30
0.0
  0
VERTEX
  5
566
330
565
100
AcDbEntity
  8
Make2D___U+9359_U+7EFE__U+93C5_U+20AC_U+6C31_U+568E
 62
     7
370
     0
100
AcDbVertex
100
AcDb2dVertex
 10
-28.37598953818087
 20
172.9089421395092
 30
0.0
  0
VERTEX
  5
567
330
565
100
AcDbEntity
  8
Make2D___U+9359_U+7EFE__U+93C5_U+20AC_U+6C31_U+568E
 62
     7
370
     0
100
AcDbVertex
100
AcDb2dVertex
 10
-31.37601175965358
 20
172.9089421395092
 30
0.0
  0
SEQEND
  5
568
330
565
100
AcDbEntity
  8
Make2D___U+9359_U+7EFE__U+93C5_U+20AC_U+6C31_U+568E
 62
     7
370
     0
  0
POLYLINE
  5
569
330
435
100
AcDbEntity
  8
Make2D___U+9359_U+7EFE__U+93C5_U+20AC_U+6C31_U+568E
 62
     7
370
     0
100
AcDb2dPolyline
 66
     1
 10
0.0
 20
0.0
 30
0.0
  0
VERTEX
  5
56A
330
569
100
AcDbEntity
  8
Make2D___U+9359_U+7EFE__U+93C5_U+20AC_U+6C31_U+568E
 62
     7
370
     0
100
AcDbVertex
100
AcDb2dVertex
 10
-23.37599953943118
 20
172.9089421395092
 30
0.0
  0
VERTEX
  5
56B
330
569
100
AcDbEntity
  8
Make2D___U+9359_U+7EFE__U+93C5_U+20AC_U+6C31_U+568E
 62
     7
370
     0
100
AcDbVertex
100
AcDb2dVertex
 10
-26.37602176090331
 20
172.9089421395092
 30
0.0
  0
SEQEND
  5
56C
330
569
100
AcDbEntity
  8
Make2D___U+9359_U+7EFE__U+93C5_U+20AC_U+6C31_U+568E
 62
     7
370
     0
  0
POLYLINE
  5
56D
330
435
100
AcDbEntity
  8
Make2D___U+9359_U+7EFE__U+93C5_U+20AC_U+6C31_U+568E
 62
     7
370
     0
100
AcDb2dPolyline
 66
     1
 10
0.0
 20
0.0
 30
0.0
  0
VERTEX
  5
56E
330
56D
100
AcDbEntity
  8
Make2D___U+9359_U+7EFE__U+93C5_U+20AC_U+6C31_U+568E
 62
     7
370
     0
100
AcDbVertex
100
AcDb2dVertex
 10
-23.37599953943118
 20
175.1760684705605
 30
0.0
  0
VERTEX
  5
56F
330
56D
100
AcDbEntity
  8
Make2D___U+9359_U+7EFE__U+93C5_U+20AC_U+6C31_U+568E
 62
     7
370
     0
100
AcDbVertex
100
AcDb2dVertex
 10
-23.37599953943118
 20
171.8602749440415
 30
0.0
  0
SEQEND
  5
570
330
56D
100
AcDbEntity
  8
Make2D___U+9359_U+7EFE__U+93C5_U+20AC_U+6C31_U+568E
 62
     7
370
     0
  0
POLYLINE
  5
571
330
435
100
AcDbEntity
  8
Make2D___U+9359_U+7EFE__U+93C5_U+20AC_U+6C31_U+568E
 62
     7
370
     0
100
AcDb2dPolyline
 66
     1
 10
0.0
 20
0.0
 30
0.0
  0
VERTEX
  5
572
330
571
100
AcDbEntity
  8
Make2D___U+9359_U+7EFE__U+93C5_U+20AC_U+6C31_U+568E
 62
     7
370
     0
100
AcDbVertex
100
AcDb2dVertex
 10
-21.37599648437583
 20
171.8602749440415
 30
0.0
  0
VERTEX
  5
573
330
571
100
AcDbEntity
  8
Make2D___U+9359_U+7EFE__U+93C5_U+20AC_U+6C31_U+568E
 62
     7
370
     0
100
AcDbVertex
100
AcDb2dVertex
 10
-21.37599648437583
 20
175.1760684705605
 30
0.0
  0
SEQEND
  5
574
330
571
100
AcDbEntity
  8
Make2D___U+9359_U+7EFE__U+93C5_U+20AC_U+6C31_U+568E
 62
     7
370
     0
  0
POLYLINE
  5
575
330
435
100
AcDbEntity
  8
Make2D___U+9359_U+7EFE__U+93C5_U+20AC_U+6C31_U+568E
 62
     7
370
     0
100
AcDb2dPolyline
 66
     1
 10
0.0
 20
0.0
 30
0.0
  0
VERTEX
  5
576
330
575
100
AcDbEntity
  8
Make2D___U+9359_U+7EFE__U+93C5_U+20AC_U+6C31_U+568E
 62
     7
370
     0
100
AcDbVertex
100
AcDb2dVertex
 10
-23.37599953943118
 20
171.8602749440415
 30
0.0
  0
VERTEX
  5
577
330
575
100
AcDbEntity
  8
Make2D___U+9359_U+7EFE__U+93C5_U+20AC_U+6C31_U+568E
 62
     7
370
     0
100
AcDbVertex
100
AcDb2dVertex
 10
-21.37599648437583
 20
171.8602749440415
 30
0.0
  0
SEQEND
  5
578
330
575
100
AcDbEntity
  8
Make2D___U+9359_U+7EFE__U+93C5_U+20AC_U+6C31_U+568E
 62
     7
370
     0
  0
POLYLINE
  5
579
330
435
100
AcDbEntity
  8
Make2D___U+9359_U+7EFE__U+93C5_U+20AC_U+6C31_U+568E
 62
     7
370
     0
100
AcDb2dPolyline
 66
     1
 10
0.0
 20
0.0
 30
0.0
  0
VERTEX
  5
57A
330
579
100
AcDbEntity
  8
Make2D___U+9359_U+7EFE__U+93C5_U+20AC_U+6C31_U+568E
 62
     7
370
     0
100
AcDbVertex
100
AcDb2dVertex
 10
-28.37598953818087
 20
175.1760684705605
 30
0.0
  0
VERTEX
  5
57B
330
579
100
AcDbEntity
  8
Make2D___U+9359_U+7EFE__U+93C5_U+20AC_U+6C31_U+568E
 62
     7
370
     0
100
AcDbVertex
100
AcDb2dVertex
 10
-28.37598953818087
 20
171.8602749440415
 30
0.0
  0
SEQEND
  5
57C
330
579
100
AcDbEntity
  8
Make2D___U+9359_U+7EFE__U+93C5_U+20AC_U+6C31_U+568E
 62
     7
370
     0
  0
POLYLINE
  5
57D
330
435
100
AcDbEntity
  8
Make2D___U+9359_U+7EFE__U+93C5_U+20AC_U+6C31_U+568E
 62
     7
370
     0
100
AcDb2dPolyline
 66
     1
 10
0.0
 20
0.0
 30
0.0
  0
VERTEX
  5
57E
330
57D
100
AcDbEntity
  8
Make2D___U+9359_U+7EFE__U+93C5_U+20AC_U+6C31_U+568E
 62
     7
370
     0
100
AcDbVertex
100
AcDb2dVertex
 10
-26.37602176090331
 20
171.8602749440415
 30
0.0
  0
VERTEX
  5
57F
330
57D
100
AcDbEntity
  8
Make2D___U+9359_U+7EFE__U+93C5_U+20AC_U+6C31_U+568E
 62
     7
370
     0
100
AcDbVertex
100
AcDb2dVertex
 10
-26.37602176090331
 20
175.1760684705605
 30
0.0
  0
SEQEND
  5
580
330
57D
100
AcDbEntity
  8
Make2D___U+9359_U+7EFE__U+93C5_U+20AC_U+6C31_U+568E
 62
     7
370
     0
  0
POLYLINE
  5
581
330
435
100
AcDbEntity
  8
Make2D___U+9359_U+7EFE__U+93C5_U+20AC_U+6C31_U+568E
 62
     7
370
     0
100
AcDb2dPolyline
 66
     1
 10
0.0
 20
0.0
 30
0.0
  0
VERTEX
  5
582
330
581
100
AcDbEntity
  8
Make2D___U+9359_U+7EFE__U+93C5_U+20AC_U+6C31_U+568E
 62
     7
370
     0
100
AcDbVertex
100
AcDb2dVertex
 10
-28.37598953818087
 20
171.8602749440415
 30
0.0
  0
VERTEX
  5
583
330
581
100
AcDbEntity
  8
Make2D___U+9359_U+7EFE__U+93C5_U+20AC_U+6C31_U+568E
 62
     7
370
     0
100
AcDbVertex
100
AcDb2dVertex
 10
-26.37602176090331
 20
171.8602749440415
 30
0.0
  0
SEQEND
  5
584
330
581
100
AcDbEntity
  8
Make2D___U+9359_U+7EFE__U+93C5_U+20AC_U+6C31_U+568E
 62
     7
370
     0
  0
POLYLINE
  5
585
330
435
100
AcDbEntity
  8
Make2D___U+9359_U+7EFE__U+93C5_U+20AC_U+6C31_U+568E
 62
     7
370
     0
100
AcDb2dPolyline
 66
     1
 10
0.0
 20
0.0
 30
0.0
  0
VERTEX
  5
586
330
585
100
AcDbEntity
  8
Make2D___U+9359_U+7EFE__U+93C5_U+20AC_U+6C31_U+568E
 62
     7
370
     0
100
AcDbVertex
100
AcDb2dVertex
 10
-31.37601175965358
 20
171.8602749440415
 30
0.0
  0
VERTEX
  5
587
330
585
100
AcDbEntity
  8
Make2D___U+9359_U+7EFE__U+93C5_U+20AC_U+6C31_U+568E
 62
     7
370
     0
100
AcDbVertex
100
AcDb2dVertex
 10
-31.37601175965358
 20
175.1760684705605
 30
0.0
  0
SEQEND
  5
588
330
585
100
AcDbEntity
  8
Make2D___U+9359_U+7EFE__U+93C5_U+20AC_U+6C31_U+568E
 62
     7
370
     0
  0
POLYLINE
  5
589
330
435
100
AcDbEntity
  8
Make2D___U+9359_U+7EFE__U+93C5_U+20AC_U+6C31_U+568E
 62
     7
370
     0
100
AcDb2dPolyline
 66
     1
 10
0.0
 20
0.0
 30
0.0
  0
VERTEX
  5
58A
330
589
100
AcDbEntity
  8
Make2D___U+9359_U+7EFE__U+93C5_U+20AC_U+6C31_U+568E
 62
     7
370
     0
100
AcDbVertex
100
AcDb2dVertex
 10
-33.37601481470858
 20
171.8602749440415
 30
0.0
  0
VERTEX
  5
58B
330
589
100
AcDbEntity
  8
Make2D___U+9359_U+7EFE__U+93C5_U+20AC_U+6C31_U+568E
 62
     7
370
     0
100
AcDbVertex
100
AcDb2dVertex
 10
-31.37601175965358
 20
171.8602749440415
 30
0.0
  0
SEQEND
  5
58C
330
589
100
AcDbEntity
  8
Make2D___U+9359_U+7EFE__U+93C5_U+20AC_U+6C31_U+568E
 62
     7
370
     0
  0
POLYLINE
  5
58D
330
435
100
AcDbEntity
  8
Make2D___U+9359_U+7EFE__U+93C5_U+20AC_U+6C31_U+568E
 62
     7
370
     0
100
AcDb2dPolyline
 66
     1
 10
0.0
 20
0.0
 30
0.0
  0
VERTEX
  5
58E
330
58D
100
AcDbEntity
  8
Make2D___U+9359_U+7EFE__U+93C5_U+20AC_U+6C31_U+568E
 62
     7
370
     0
100
AcDbVertex
100
AcDb2dVertex
 10
-33.37601481470858
 20
175.1760684705605
 30
0.0
  0
VERTEX
  5
58F
330
58D
100
AcDbEntity
  8
Make2D___U+9359_U+7EFE__U+93C5_U+20AC_U+6C31_U+568E
 62
     7
370
     0
100
AcDbVertex
100
AcDb2dVertex
 10
-33.37601481470858
 20
171.8602749440415
 30
0.0
  0
SEQEND
  5
590
330
58D
100
AcDbEntity
  8
Make2D___U+9359_U+7EFE__U+93C5_U+20AC_U+6C31_U+568E
 62
     7
370
     0
  0
POLYLINE
  5
591
330
435
100
AcDbEntity
  8
Make2D___U+9359_U+7EFE__U+93C5_U+20AC_U+6C31_U+568E
 62
     7
370
     0
100
AcDb2dPolyline
 66
     1
 10
0.0
 20
0.0
 30
0.0
  0
VERTEX
  5
592
330
591
100
AcDbEntity
  8
Make2D___U+9359_U+7EFE__U+93C5_U+20AC_U+6C31_U+568E
 62
     7
370
     0
100
AcDbVertex
100
AcDb2dVertex
 10
-36.37600175840328
 20
176.2753945536242
 30
0.0
  0
VERTEX
  5
593
330
591
100
AcDbEntity
  8
Make2D___U+9359_U+7EFE__U+93C5_U+20AC_U+6C31_U+568E
 62
     7
370
     0
100
AcDbVertex
100
AcDb2dVertex
 10
-36.37600175840328
 20
173.433311015021
 30
0.0
  0
SEQEND
  5
594
330
591
100
AcDbEntity
  8
Make2D___U+9359_U+7EFE__U+93C5_U+20AC_U+6C31_U+568E
 62
     7
370
     0
  0
POLYLINE
  5
595
330
435
100
AcDbEntity
  8
Make2D___U+9359_U+7EFE__U+93C5_U+20AC_U+6C31_U+568E
 62
     7
370
     0
100
AcDb2dPolyline
 66
     1
 10
0.0
 20
0.0
 30
0.0
  0
VERTEX
  5
596
330
595
100
AcDbEntity
  8
Make2D___U+9359_U+7EFE__U+93C5_U+20AC_U+6C31_U+568E
 62
     7
370
     0
100
AcDbVertex
100
AcDb2dVertex
 10
-36.37600175840351
 20
189.4863222721405
 30
0.0
  0
VERTEX
  5
597
330
595
100
AcDbEntity
  8
Make2D___U+9359_U+7EFE__U+93C5_U+20AC_U+6C31_U+568E
 62
     7
370
     0
100
AcDbVertex
100
AcDb2dVertex
 10
-36.37600175840328
 20
176.2753945536242
 30
0.0
  0
SEQEND
  5
598
330
595
100
AcDbEntity
  8
Make2D___U+9359_U+7EFE__U+93C5_U+20AC_U+6C31_U+568E
 62
     7
370
     0
  0
POLYLINE
  5
599
330
435
100
AcDbEntity
  8
Make2D___U+9359_U+7EFE__U+93C5_U+20AC_U+6C31_U+568E
 62
     7
370
     0
100
AcDb2dPolyline
 66
     1
 10
0.0
 20
0.0
 30
0.0
  0
VERTEX
  5
59A
330
599
100
AcDbEntity
  8
Make2D___U+9359_U+7EFE__U+93C5_U+20AC_U+6C31_U+568E
 62
     7
370
     0
100
AcDbVertex
100
AcDb2dVertex
 10
-36.37600175840351
 20
192.3284410885226
 30
0.0
  0
VERTEX
  5
59B
330
599
100
AcDbEntity
  8
Make2D___U+9359_U+7EFE__U+93C5_U+20AC_U+6C31_U+568E
 62
     7
370
     0
100
AcDbVertex
100
AcDb2dVertex
 10
-36.37600175840351
 20
189.4863222721405
 30
0.0
  0
SEQEND
  5
59C
330
599
100
AcDbEntity
  8
Make2D___U+9359_U+7EFE__U+93C5_U+20AC_U+6C31_U+568E
 62
     7
370
     0
  0
POLYLINE
  5
59D
330
435
100
AcDbEntity
  8
Make2D___U+9359_U+7EFE__U+93C5_U+20AC_U+6C31_U+568E
 62
     7
370
     0
100
AcDb2dPolyline
 66
     1
 10
0.0
 20
0.0
 30
0.0
  0
VERTEX
  5
59E
330
59D
100
AcDbEntity
  8
Make2D___U+9359_U+7EFE__U+93C5_U+20AC_U+6C31_U+568E
 62
     7
370
     0
100
AcDbVertex
100
AcDb2dVertex
 10
-35.87600981408434
 20
172.9089421395092
 30
0.0
  0
VERTEX
  5
59F
330
59D
100
AcDbEntity
  8
Make2D___U+9359_U+7EFE__U+93C5_U+20AC_U+6C31_U+568E
 62
     7
370
     0
100
AcDbVertex
100
AcDb2dVertex
 10
-36.37600175840328
 20
173.433311015021
 30
0.0
  0
SEQEND
  5
5A0
330
59D
100
AcDbEntity
  8
Make2D___U+9359_U+7EFE__U+93C5_U+20AC_U+6C31_U+568E
 62
     7
370
     0
  0
POLYLINE
  5
5A1
330
435
100
AcDbEntity
  8
Make2D___U+9359_U+7EFE__U+93C5_U+20AC_U+6C31_U+568E
 62
     7
370
     0
100
AcDb2dPolyline
 66
     1
 10
0.0
 20
0.0
 30
0.0
  0
VERTEX
  5
5A2
330
5A1
100
AcDbEntity
  8
Make2D___U+9359_U+7EFE__U+93C5_U+20AC_U+6C31_U+568E
 62
     7
370
     0
100
AcDbVertex
100
AcDb2dVertex
 10
2.28505600970891
 20
150.8808632570481
 30
0.0
  0
VERTEX
  5
5A3
330
5A1
100
AcDbEntity
  8
Make2D___U+9359_U+7EFE__U+93C5_U+20AC_U+6C31_U+568E
 62
     7
370
     0
100
AcDbVertex
100
AcDb2dVertex
 10
1.760722398728716
 20
151.3808551887368
 30
0.0
  0
SEQEND
  5
5A4
330
5A1
100
AcDbEntity
  8
Make2D___U+9359_U+7EFE__U+93C5_U+20AC_U+6C31_U+568E
 62
     7
370
     0
  0
POLYLINE
  5
5A5
330
435
100
AcDbEntity
  8
Make2D___U+9359_U+7EFE__U+93C5_U+20AC_U+6C31_U+568E
 62
     7
370
     0
100
AcDb2dPolyline
 66
     1
 10
0.0
 20
0.0
 30
0.0
  0
VERTEX
  5
5A6
330
5A5
100
AcDbEntity
  8
Make2D___U+9359_U+7EFE__U+93C5_U+20AC_U+6C31_U+568E
 62
     7
370
     0
100
AcDbVertex
100
AcDb2dVertex
 10
1.760722398728716
 20
151.3808551887368
 30
0.0
  0
VERTEX
  5
5A7
330
5A5
100
AcDbEntity
  8
Make2D___U+9359_U+7EFE__U+93C5_U+20AC_U+6C31_U+568E
 62
     7
370
     0
100
AcDbVertex
100
AcDb2dVertex
 10
1.760722398728716
 20
161.1443679952053
 30
0.0
  0
SEQEND
  5
5A8
330
5A5
100
AcDbEntity
  8
Make2D___U+9359_U+7EFE__U+93C5_U+20AC_U+6C31_U+568E
 62
     7
370
     0
  0
POLYLINE
  5
5A9
330
435
100
AcDbEntity
  8
Make2D___U+9359_U+7EFE__U+93C5_U+20AC_U+6C31_U+568E
 62
     7
370
     0
100
AcDb2dPolyline
 66
     1
 10
0.0
 20
0.0
 30
0.0
  0
VERTEX
  5
5AA
330
5A9
100
AcDbEntity
  8
Make2D___U+9359_U+7EFE__U+93C5_U+20AC_U+6C31_U+568E
 62
     7
370
     0
100
AcDbVertex
100
AcDb2dVertex
 10
-18.87600148500041
 20
171.8602749440415
 30
0.0
  0
VERTEX
  5
5AB
330
5A9
100
AcDbEntity
  8
Make2D___U+9359_U+7EFE__U+93C5_U+20AC_U+6C31_U+568E
 62
     7
370
     0
100
AcDbVertex
100
AcDb2dVertex
 10
-9.112488431886047
 20
171.8602749440415
 30
0.0
  0
SEQEND
  5
5AC
330
5A9
100
AcDbEntity
  8
Make2D___U+9359_U+7EFE__U+93C5_U+20AC_U+6C31_U+568E
 62
     7
370
     0
  0
POLYLINE
  5
5AD
330
435
100
AcDbEntity
  8
Make2D___U+9359_U+7EFE__U+93C5_U+20AC_U+6C31_U+568E
 62
     7
370
     0
100
AcDb2dPolyline
 66
     1
 10
0.0
 20
0.0
 30
0.0
  0
VERTEX
  5
5AE
330
5AD
100
AcDbEntity
  8
Make2D___U+9359_U+7EFE__U+93C5_U+20AC_U+6C31_U+568E
 62
     7
370
     0
100
AcDbVertex
100
AcDb2dVertex
 10
-9.125999820771426
 20
193.9091324370829
 30
0.0
  0
VERTEX
  5
5AF
330
5AD
100
AcDbEntity
  8
Make2D___U+9359_U+7EFE__U+93C5_U+20AC_U+6C31_U+568E
 62
     7
370
     0
100
AcDbVertex
100
AcDb2dVertex
 10
-18.87600148500087
 20
193.9091324370829
 30
0.0
  0
SEQEND
  5
5B0
330
5AD
100
AcDbEntity
  8
Make2D___U+9359_U+7EFE__U+93C5_U+20AC_U+6C31_U+568E
 62
     7
370
     0
  0
POLYLINE
  5
5B1
330
435
100
AcDbEntity
  8
Make2D___U+9359_U+7EFE__U+93C5_U+20AC_U+6C31_U+568E
 62
     7
370
     0
100
AcDb2dPolyline
 66
     1
 10
0.0
 20
0.0
 30
0.0
  0
VERTEX
  5
5B2
330
5B1
100
AcDbEntity
  8
Make2D___U+9359_U+7EFE__U+93C5_U+20AC_U+6C31_U+568E
 62
     7
370
     0
100
AcDbVertex
100
AcDb2dVertex
 10
29.18513766965089
 20
194.2684718723603
 30
0.0
  0
VERTEX
  5
5B3
330
5B1
100
AcDbEntity
  8
Make2D___U+9359_U+7EFE__U+93C5_U+20AC_U+6C31_U+568E
 62
     7
370
     0
100
AcDbVertex
100
AcDb2dVertex
 10
31.18514072470646
 20
195.3171743456059
 30
0.0
  0
SEQEND
  5
5B4
330
5B1
100
AcDbEntity
  8
Make2D___U+9359_U+7EFE__U+93C5_U+20AC_U+6C31_U+568E
 62
     7
370
     0
  0
POLYLINE
  5
5B5
330
435
100
AcDbEntity
  8
Make2D___U+9359_U+7EFE__U+93C5_U+20AC_U+6C31_U+568E
 62
     7
370
     0
100
AcDb2dPolyline
 66
     1
 10
0.0
 20
0.0
 30
0.0
  0
VERTEX
  5
5B6
330
5B5
100
AcDbEntity
  8
Make2D___U+9359_U+7EFE__U+93C5_U+20AC_U+6C31_U+568E
 62
     7
370
     0
100
AcDbVertex
100
AcDb2dVertex
 10
34.37400489057609
 20
195.3171743456059
 30
0.0
  0
VERTEX
  5
5B7
330
5B5
100
AcDbEntity
  8
Make2D___U+9359_U+7EFE__U+93C5_U+20AC_U+6C31_U+568E
 62
     7
370
     0
100
AcDbVertex
100
AcDb2dVertex
 10
34.37400489057609
 20
191.6855741604776
 30
0.0
  0
SEQEND
  5
5B8
330
5B5
100
AcDbEntity
  8
Make2D___U+9359_U+7EFE__U+93C5_U+20AC_U+6C31_U+568E
 62
     7
370
     0
  0
POLYLINE
  5
5B9
330
435
100
AcDbEntity
  8
Make2D___U+9359_U+7EFE__U+93C5_U+20AC_U+6C31_U+568E
 62
     7
370
     0
100
AcDb2dPolyline
 66
     1
 10
0.0
 20
0.0
 30
0.0
  0
VERTEX
  5
5BA
330
5B9
100
AcDbEntity
  8
Make2D___U+9359_U+7EFE__U+93C5_U+20AC_U+6C31_U+568E
 62
     7
370
     0
100
AcDbVertex
100
AcDb2dVertex
 10
31.18514072470646
 20
195.3171743456059
 30
0.0
  0
VERTEX
  5
5BB
330
5B9
100
AcDbEntity
  8
Make2D___U+9359_U+7EFE__U+93C5_U+20AC_U+6C31_U+568E
 62
     7
370
     0
100
AcDbVertex
100
AcDb2dVertex
 10
34.37400489057609
 20
195.3171743456059
 30
0.0
  0
SEQEND
  5
5BC
330
5B9
100
AcDbEntity
  8
Make2D___U+9359_U+7EFE__U+93C5_U+20AC_U+6C31_U+568E
 62
     7
370
     0
  0
POLYLINE
  5
5BD
330
435
100
AcDbEntity
  8
Make2D___U+9359_U+7EFE__U+93C5_U+20AC_U+6C31_U+568E
 62
     7
370
     0
100
AcDb2dPolyline
 66
     1
 10
0.0
 20
0.0
 30
0.0
  0
VERTEX
  5
5BE
330
5BD
100
AcDbEntity
  8
Make2D___U+9359_U+7EFE__U+93C5_U+20AC_U+6C31_U+568E
 62
     7
370
     0
100
AcDbVertex
100
AcDb2dVertex
 10
34.37400489057609
 20
188.6137617388458
 30
0.0
  0
VERTEX
  5
5BF
330
5BD
100
AcDbEntity
  8
Make2D___U+9359_U+7EFE__U+93C5_U+20AC_U+6C31_U+568E
 62
     7
370
     0
100
AcDbVertex
100
AcDb2dVertex
 10
34.37400489057609
 20
191.6855741604776
 30
0.0
  0
SEQEND
  5
5C0
330
5BD
100
AcDbEntity
  8
Make2D___U+9359_U+7EFE__U+93C5_U+20AC_U+6C31_U+568E
 62
     7
370
     0
  0
POLYLINE
  5
5C1
330
435
100
AcDbEntity
  8
Make2D___U+9359_U+7EFE__U+93C5_U+20AC_U+6C31_U+568E
 62
     7
370
     0
100
AcDb2dPolyline
 66
     1
 10
0.0
 20
0.0
 30
0.0
  0
VERTEX
  5
5C2
330
5C1
100
AcDbEntity
  8
Make2D___U+9359_U+7EFE__U+93C5_U+20AC_U+6C31_U+568E
 62
     7
370
     0
100
AcDbVertex
100
AcDb2dVertex
 10
24.01161628205534
 20
171.4932449534044
 30
0.0
  0
VERTEX
  5
5C3
330
5C1
100
AcDbEntity
  8
Make2D___U+9359_U+7EFE__U+93C5_U+20AC_U+6C31_U+568E
 62
     7
370
     0
100
AcDbVertex
100
AcDb2dVertex
 10
29.17014461409872
 20
171.4932449534044
 30
0.0
  0
SEQEND
  5
5C4
330
5C1
100
AcDbEntity
  8
Make2D___U+9359_U+7EFE__U+93C5_U+20AC_U+6C31_U+568E
 62
     7
370
     0
  0
POLYLINE
  5
5C5
330
435
100
AcDbEntity
  8
Make2D___U+9359_U+7EFE__U+93C5_U+20AC_U+6C31_U+568E
 62
     7
370
     0
100
AcDb2dPolyline
 66
     1
 10
0.0
 20
0.0
 30
0.0
  0
VERTEX
  5
5C6
330
5C5
100
AcDbEntity
  8
Make2D___U+9359_U+7EFE__U+93C5_U+20AC_U+6C31_U+568E
 62
     7
370
     0
100
AcDbVertex
100
AcDb2dVertex
 10
24.01161628205534
 20
166.3368334182896
 30
0.0
  0
VERTEX
  5
5C7
330
5C5
100
AcDbEntity
  8
Make2D___U+9359_U+7EFE__U+93C5_U+20AC_U+6C31_U+568E
 62
     7
370
     0
100
AcDbVertex
100
AcDb2dVertex
 10
24.01161628205534
 20
171.4932449534044
 30
0.0
  0
SEQEND
  5
5C8
330
5C5
100
AcDbEntity
  8
Make2D___U+9359_U+7EFE__U+93C5_U+20AC_U+6C31_U+568E
 62
     7
370
     0
  0
POLYLINE
  5
5C9
330
435
100
AcDbEntity
  8
Make2D___U+9359_U+7EFE__U+93C5_U+20AC_U+6C31_U+568E
 62
     7
370
     0
100
AcDb2dPolyline
 66
     1
 10
0.0
 20
0.0
 30
0.0
  0
VERTEX
  5
5CA
330
5C9
100
AcDbEntity
  8
Make2D___U+9359_U+7EFE__U+93C5_U+20AC_U+6C31_U+568E
 62
     7
370
     0
100
AcDbVertex
100
AcDb2dVertex
 10
24.53594989303565
 20
165.336814277136
 30
0.0
  0
VERTEX
  5
5CB
330
5C9
100
AcDbEntity
  8
Make2D___U+9359_U+7EFE__U+93C5_U+20AC_U+6C31_U+568E
 62
     7
370
     0
100
AcDbVertex
100
AcDb2dVertex
 10
24.01161628205534
 20
166.3368334182896
 30
0.0
  0
SEQEND
  5
5CC
330
5C9
100
AcDbEntity
  8
Make2D___U+9359_U+7EFE__U+93C5_U+20AC_U+6C31_U+568E
 62
     7
370
     0
  0
POLYLINE
  5
5CD
330
435
100
AcDbEntity
  8
Make2D___U+9359_U+7EFE__U+93C5_U+20AC_U+6C31_U+568E
 62
     7
370
     0
100
AcDb2dPolyline
 66
     1
 10
0.0
 20
0.0
 30
0.0
  0
VERTEX
  5
5CE
330
5CD
100
AcDbEntity
  8
Make2D___U+9359_U+7EFE__U+93C5_U+20AC_U+6C31_U+568E
 62
     7
370
     0
100
AcDbVertex
100
AcDb2dVertex
 10
29.17014461409872
 20
171.4932449534044
 30
0.0
  0
VERTEX
  5
5CF
330
5CD
100
AcDbEntity
  8
Make2D___U+9359_U+7EFE__U+93C5_U+20AC_U+6C31_U+568E
 62
     7
370
     0
100
AcDbVertex
100
AcDb2dVertex
 10
31.17014766915463
 20
170.4445777579367
 30
0.0
  0
SEQEND
  5
5D0
330
5CD
100
AcDbEntity
  8
Make2D___U+9359_U+7EFE__U+93C5_U+20AC_U+6C31_U+568E
 62
     7
370
     0
  0
POLYLINE
  5
5D1
330
435
100
AcDbEntity
  8
Make2D___U+9359_U+7EFE__U+93C5_U+20AC_U+6C31_U+568E
 62
     7
370
     0
100
AcDb2dPolyline
 66
     1
 10
0.0
 20
0.0
 30
0.0
  0
VERTEX
  5
5D2
330
5D1
100
AcDbEntity
  8
Make2D___U+9359_U+7EFE__U+93C5_U+20AC_U+6C31_U+568E
 62
     7
370
     0
100
AcDbVertex
100
AcDb2dVertex
 10
18.35687072791313
 20
177.147990364695
 30
0.0
  0
VERTEX
  5
5D3
330
5D1
100
AcDbEntity
  8
Make2D___U+9359_U+7EFE__U+93C5_U+20AC_U+6C31_U+568E
 62
     7
370
     0
100
AcDbVertex
100
AcDb2dVertex
 10
18.35687072791313
 20
161.1443679952053
 30
0.0
  0
SEQEND
  5
5D4
330
5D1
100
AcDbEntity
  8
Make2D___U+9359_U+7EFE__U+93C5_U+20AC_U+6C31_U+568E
 62
     7
370
     0
  0
POLYLINE
  5
5D5
330
435
100
AcDbEntity
  8
Make2D___U+9359_U+7EFE__U+93C5_U+20AC_U+6C31_U+568E
 62
     7
370
     0
100
AcDb2dPolyline
 66
     1
 10
0.0
 20
0.0
 30
0.0
  0
VERTEX
  5
5D6
330
5D5
100
AcDbEntity
  8
Make2D___U+9359_U+7EFE__U+93C5_U+20AC_U+6C31_U+568E
 62
     7
370
     0
100
AcDbVertex
100
AcDb2dVertex
 10
34.36049350169014
 20
174.0761426652871
 30
0.0
  0
VERTEX
  5
5D7
330
5D5
100
AcDbEntity
  8
Make2D___U+9359_U+7EFE__U+93C5_U+20AC_U+6C31_U+568E
 62
     7
370
     0
100
AcDbVertex
100
AcDb2dVertex
 10
34.36049350169014
 20
177.147990364695
 30
0.0
  0
SEQEND
  5
5D8
330
5D5
100
AcDbEntity
  8
Make2D___U+9359_U+7EFE__U+93C5_U+20AC_U+6C31_U+568E
 62
     7
370
     0
  0
POLYLINE
  5
5D9
330
435
100
AcDbEntity
  8
Make2D___U+9359_U+7EFE__U+93C5_U+20AC_U+6C31_U+568E
 62
     7
370
     0
100
AcDb2dPolyline
 66
     1
 10
0.0
 20
0.0
 30
0.0
  0
VERTEX
  5
5DA
330
5D9
100
AcDbEntity
  8
Make2D___U+9359_U+7EFE__U+93C5_U+20AC_U+6C31_U+568E
 62
     7
370
     0
100
AcDbVertex
100
AcDb2dVertex
 10
34.36049350169014
 20
170.4445777579367
 30
0.0
  0
VERTEX
  5
5DB
330
5D9
100
AcDbEntity
  8
Make2D___U+9359_U+7EFE__U+93C5_U+20AC_U+6C31_U+568E
 62
     7
370
     0
100
AcDbVertex
100
AcDb2dVertex
 10
34.36049350169014
 20
174.0761426652871
 30
0.0
  0
SEQEND
  5
5DC
330
5D9
100
AcDbEntity
  8
Make2D___U+9359_U+7EFE__U+93C5_U+20AC_U+6C31_U+568E
 62
     7
370
     0
  0
POLYLINE
  5
5DD
330
435
100
AcDbEntity
  8
Make2D___U+9359_U+7EFE__U+93C5_U+20AC_U+6C31_U+568E
 62
     7
370
     0
100
AcDb2dPolyline
 66
     1
 10
0.0
 20
0.0
 30
0.0
  0
VERTEX
  5
5DE
330
5DD
100
AcDbEntity
  8
Make2D___U+9359_U+7EFE__U+93C5_U+20AC_U+6C31_U+568E
 62
     7
370
     0
100
AcDbVertex
100
AcDb2dVertex
 10
34.36049350169014
 20
170.4445777579367
 30
0.0
  0
VERTEX
  5
5DF
330
5DD
100
AcDbEntity
  8
Make2D___U+9359_U+7EFE__U+93C5_U+20AC_U+6C31_U+568E
 62
     7
370
     0
100
AcDbVertex
100
AcDb2dVertex
 10
31.17014766915463
 20
170.4445777579367
 30
0.0
  0
SEQEND
  5
5E0
330
5DD
100
AcDbEntity
  8
Make2D___U+9359_U+7EFE__U+93C5_U+20AC_U+6C31_U+568E
 62
     7
370
     0
  0
POLYLINE
  5
5E1
330
435
100
AcDbEntity
  8
Make2D___U+9359_U+7EFE__U+93C5_U+20AC_U+6C31_U+568E
 62
     7
370
     0
100
AcDb2dPolyline
 66
     1
 10
0.0
 20
0.0
 30
0.0
  0
VERTEX
  5
5E2
330
5E1
100
AcDbEntity
  8
Make2D___U+9359_U+7EFE__U+93C5_U+20AC_U+6C31_U+568E
 62
     7
370
     0
100
AcDbVertex
100
AcDb2dVertex
 10
20.90438489394319
 20
161.1443679952053
 30
0.0
  0
VERTEX
  5
5E3
330
5E1
100
AcDbEntity
  8
Make2D___U+9359_U+7EFE__U+93C5_U+20AC_U+6C31_U+568E
 62
     7
370
     0
100
AcDbVertex
100
AcDb2dVertex
 10
24.53594989303565
 20
161.1443679952053
 30
0.0
  0
SEQEND
  5
5E4
330
5E1
100
AcDbEntity
  8
Make2D___U+9359_U+7EFE__U+93C5_U+20AC_U+6C31_U+568E
 62
     7
370
     0
  0
POLYLINE
  5
5E5
330
435
100
AcDbEntity
  8
Make2D___U+9359_U+7EFE__U+93C5_U+20AC_U+6C31_U+568E
 62
     7
370
     0
100
AcDb2dPolyline
 66
     1
 10
0.0
 20
0.0
 30
0.0
  0
VERTEX
  5
5E6
330
5E5
100
AcDbEntity
  8
Make2D___U+9359_U+7EFE__U+93C5_U+20AC_U+6C31_U+568E
 62
     7
370
     0
100
AcDbVertex
100
AcDb2dVertex
 10
24.53594989303565
 20
161.1443679952053
 30
0.0
  0
VERTEX
  5
5E7
330
5E5
100
AcDbEntity
  8
Make2D___U+9359_U+7EFE__U+93C5_U+20AC_U+6C31_U+568E
 62
     7
370
     0
100
AcDbVertex
100
AcDb2dVertex
 10
24.53594989303565
 20
165.336814277136
 30
0.0
  0
SEQEND
  5
5E8
330
5E5
100
AcDbEntity
  8
Make2D___U+9359_U+7EFE__U+93C5_U+20AC_U+6C31_U+568E
 62
     7
370
     0
  0
POLYLINE
  5
5E9
330
435
100
AcDbEntity
  8
Make2D___U+9359_U+7EFE__U+93C5_U+20AC_U+6C31_U+568E
 62
     7
370
     0
100
AcDb2dPolyline
 66
     1
 10
0.0
 20
0.0
 30
0.0
  0
VERTEX
  5
5EA
330
5E9
100
AcDbEntity
  8
Make2D___U+9359_U+7EFE__U+93C5_U+20AC_U+6C31_U+568E
 62
     7
370
     0
100
AcDbVertex
100
AcDb2dVertex
 10
18.35687072791313
 20
161.1443679952053
 30
0.0
  0
VERTEX
  5
5EB
330
5E9
100
AcDbEntity
  8
Make2D___U+9359_U+7EFE__U+93C5_U+20AC_U+6C31_U+568E
 62
     7
370
     0
100
AcDbVertex
100
AcDb2dVertex
 10
20.90438489394319
 20
161.1443679952053
 30
0.0
  0
SEQEND
  5
5EC
330
5E9
100
AcDbEntity
  8
Make2D___U+9359_U+7EFE__U+93C5_U+20AC_U+6C31_U+568E
 62
     7
370
     0
  0
POLYLINE
  5
5ED
330
435
100
AcDbEntity
  8
Make2D___U+9359_U+7EFE__U+93C5_U+20AC_U+6C31_U+568E
 62
     7
370
     0
100
AcDb2dPolyline
 66
     1
 10
0.0
 20
0.0
 30
0.0
  0
VERTEX
  5
5EE
330
5ED
100
AcDbEntity
  8
Make2D___U+9359_U+7EFE__U+93C5_U+20AC_U+6C31_U+568E
 62
     7
370
     0
100
AcDbVertex
100
AcDb2dVertex
 10
34.36049350169014
 20
177.147990364695
 30
0.0
  0
VERTEX
  5
5EF
330
5ED
100
AcDbEntity
  8
Make2D___U+9359_U+7EFE__U+93C5_U+20AC_U+6C31_U+568E
 62
     7
370
     0
100
AcDbVertex
100
AcDb2dVertex
 10
18.35687072791313
 20
177.147990364695
 30
0.0
  0
SEQEND
  5
5F0
330
5ED
100
AcDbEntity
  8
Make2D___U+9359_U+7EFE__U+93C5_U+20AC_U+6C31_U+568E
 62
     7
370
     0
  0
POLYLINE
  5
5F1
330
435
100
AcDbEntity
  8
Make2D___U+9359_U+7EFE__U+93C5_U+20AC_U+6C31_U+568E
 62
     7
370
     0
100
AcDb2dPolyline
 66
     1
 10
0.0
 20
0.0
 30
0.0
  0
VERTEX
  5
5F2
330
5F1
100
AcDbEntity
  8
Make2D___U+9359_U+7EFE__U+93C5_U+20AC_U+6C31_U+568E
 62
     7
370
     0
100
AcDbVertex
100
AcDb2dVertex
 10
44.12400655480484
 20
171.8602749440415
 30
0.0
  0
VERTEX
  5
5F3
330
5F1
100
AcDbEntity
  8
Make2D___U+9359_U+7EFE__U+93C5_U+20AC_U+6C31_U+568E
 62
     7
370
     0
100
AcDbVertex
100
AcDb2dVertex
 10
44.62399849912435
 20
172.3846085417753
 30
0.0
  0
SEQEND
  5
5F4
330
5F1
100
AcDbEntity
  8
Make2D___U+9359_U+7EFE__U+93C5_U+20AC_U+6C31_U+568E
 62
     7
370
     0
  0
POLYLINE
  5
5F5
330
435
100
AcDbEntity
  8
Make2D___U+9359_U+7EFE__U+93C5_U+20AC_U+6C31_U+568E
 62
     7
370
     0
100
AcDb2dPolyline
 66
     1
 10
0.0
 20
0.0
 30
0.0
  0
VERTEX
  5
5F6
330
5F5
100
AcDbEntity
  8
Make2D___U+9359_U+7EFE__U+93C5_U+20AC_U+6C31_U+568E
 62
     7
370
     0
100
AcDbVertex
100
AcDb2dVertex
 10
44.12400655480496
 20
193.9091324370829
 30
0.0
  0
VERTEX
  5
5F7
330
5F5
100
AcDbEntity
  8
Make2D___U+9359_U+7EFE__U+93C5_U+20AC_U+6C31_U+568E
 62
     7
370
     0
100
AcDbVertex
100
AcDb2dVertex
 10
44.62399849912446
 20
193.3847988393489
 30
0.0
  0
SEQEND
  5
5F8
330
5F5
100
AcDbEntity
  8
Make2D___U+9359_U+7EFE__U+93C5_U+20AC_U+6C31_U+568E
 62
     7
370
     0
  0
POLYLINE
  5
5F9
330
435
100
AcDbEntity
  8
Make2D___U+9359_U+7EFE__U+93C5_U+20AC_U+6C31_U+568E
 62
     7
370
     0
100
AcDb2dPolyline
 66
     1
 10
0.0
 20
0.0
 30
0.0
  0
VERTEX
  5
5FA
330
5F9
100
AcDbEntity
  8
Make2D___U+9359_U+7EFE__U+93C5_U+20AC_U+6C31_U+568E
 62
     7
370
     0
100
AcDbVertex
100
AcDb2dVertex
 10
44.62399849912446
 20
190.2269086421356
 30
0.0
  0
VERTEX
  5
5FB
330
5F9
100
AcDbEntity
  8
Make2D___U+9359_U+7EFE__U+93C5_U+20AC_U+6C31_U+568E
 62
     7
370
     0
100
AcDbVertex
100
AcDb2dVertex
 10
44.62399849912446
 20
193.3847988393489
 30
0.0
  0
SEQEND
  5
5FC
330
5F9
100
AcDbEntity
  8
Make2D___U+9359_U+7EFE__U+93C5_U+20AC_U+6C31_U+568E
 62
     7
370
     0
  0
POLYLINE
  5
5FD
330
435
100
AcDbEntity
  8
Make2D___U+9359_U+7EFE__U+93C5_U+20AC_U+6C31_U+568E
 62
     7
370
     0
100
AcDb2dPolyline
 66
     1
 10
0.0
 20
0.0
 30
0.0
  0
VERTEX
  5
5FE
330
5FD
100
AcDbEntity
  8
Make2D___U+9359_U+7EFE__U+93C5_U+20AC_U+6C31_U+568E
 62
     7
370
     0
100
AcDbVertex
100
AcDb2dVertex
 10
44.62399849912435
 20
175.5424987389888
 30
0.0
  0
VERTEX
  5
5FF
330
5FD
100
AcDbEntity
  8
Make2D___U+9359_U+7EFE__U+93C5_U+20AC_U+6C31_U+568E
 62
     7
370
     0
100
AcDbVertex
100
AcDb2dVertex
 10
44.62399849912446
 20
190.2269086421356
 30
0.0
  0
SEQEND
  5
600
330
5FD
100
AcDbEntity
  8
Make2D___U+9359_U+7EFE__U+93C5_U+20AC_U+6C31_U+568E
 62
     7
370
     0
  0
POLYLINE
  5
601
330
435
100
AcDbEntity
  8
Make2D___U+9359_U+7EFE__U+93C5_U+20AC_U+6C31_U+568E
 62
     7
370
     0
100
AcDb2dPolyline
 66
     1
 10
0.0
 20
0.0
 30
0.0
  0
VERTEX
  5
602
330
601
100
AcDbEntity
  8
Make2D___U+9359_U+7EFE__U+93C5_U+20AC_U+6C31_U+568E
 62
     7
370
     0
100
AcDbVertex
100
AcDb2dVertex
 10
44.62399849912435
 20
172.3846085417753
 30
0.0
  0
VERTEX
  5
603
330
601
100
AcDbEntity
  8
Make2D___U+9359_U+7EFE__U+93C5_U+20AC_U+6C31_U+568E
 62
     7
370
     0
100
AcDbVertex
100
AcDb2dVertex
 10
44.62399849912435
 20
175.5424987389888
 30
0.0
  0
SEQEND
  5
604
330
601
100
AcDbEntity
  8
Make2D___U+9359_U+7EFE__U+93C5_U+20AC_U+6C31_U+568E
 62
     7
370
     0
  0
POLYLINE
  5
605
330
435
100
AcDbEntity
  8
Make2D___U+9359_U+7EFE__U+93C5_U+20AC_U+6C31_U+568E
 62
     7
370
     0
100
AcDb2dPolyline
 66
     1
 10
0.0
 20
0.0
 30
0.0
  0
VERTEX
  5
606
330
605
100
AcDbEntity
  8
Make2D___U+9359_U+7EFE__U+93C5_U+20AC_U+6C31_U+568E
 62
     7
370
     0
100
AcDbVertex
100
AcDb2dVertex
 10
44.62399849912435
 20
172.9089421395092
 30
0.0
  0
VERTEX
  5
607
330
605
100
AcDbEntity
  8
Make2D___U+9359_U+7EFE__U+93C5_U+20AC_U+6C31_U+568E
 62
     7
370
     0
100
AcDbVertex
100
AcDb2dVertex
 10
46.62400155417969
 20
172.9089421395092
 30
0.0
  0
SEQEND
  5
608
330
605
100
AcDbEntity
  8
Make2D___U+9359_U+7EFE__U+93C5_U+20AC_U+6C31_U+568E
 62
     7
370
     0
  0
POLYLINE
  5
609
330
435
100
AcDbEntity
  8
Make2D___U+9359_U+7EFE__U+93C5_U+20AC_U+6C31_U+568E
 62
     7
370
     0
100
AcDb2dPolyline
 66
     1
 10
0.0
 20
0.0
 30
0.0
  0
VERTEX
  5
60A
330
609
100
AcDbEntity
  8
Make2D___U+9359_U+7EFE__U+93C5_U+20AC_U+6C31_U+568E
 62
     7
370
     0
100
AcDbVertex
100
AcDb2dVertex
 10
44.62399849912446
 20
192.8527746862564
 30
0.0
  0
VERTEX
  5
60B
330
609
100
AcDbEntity
  8
Make2D___U+9359_U+7EFE__U+93C5_U+20AC_U+6C31_U+568E
 62
     7
370
     0
100
AcDbVertex
100
AcDb2dVertex
 10
61.12397960611054
 20
192.8527746862564
 30
0.0
  0
SEQEND
  5
60C
330
609
100
AcDbEntity
  8
Make2D___U+9359_U+7EFE__U+93C5_U+20AC_U+6C31_U+568E
 62
     7
370
     0
  0
POLYLINE
  5
60D
330
435
100
AcDbEntity
  8
Make2D___U+9359_U+7EFE__U+93C5_U+20AC_U+6C31_U+568E
 62
     7
370
     0
100
AcDb2dPolyline
 66
     1
 10
0.0
 20
0.0
 30
0.0
  0
VERTEX
  5
60E
330
60D
100
AcDbEntity
  8
Make2D___U+9359_U+7EFE__U+93C5_U+20AC_U+6C31_U+568E
 62
     7
370
     0
100
AcDbVertex
100
AcDb2dVertex
 10
61.12397960611054
 20
192.8527746862564
 30
0.0
  0
VERTEX
  5
60F
330
60D
100
AcDbEntity
  8
Make2D___U+9359_U+7EFE__U+93C5_U+20AC_U+6C31_U+568E
 62
     7
370
     0
100
AcDbVertex
100
AcDb2dVertex
 10
61.62400682820782
 20
192.3284410885226
 30
0.0
  0
SEQEND
  5
610
330
60D
100
AcDbEntity
  8
Make2D___U+9359_U+7EFE__U+93C5_U+20AC_U+6C31_U+568E
 62
     7
370
     0
  0
POLYLINE
  5
611
330
435
100
AcDbEntity
  8
Make2D___U+9359_U+7EFE__U+93C5_U+20AC_U+6C31_U+568E
 62
     7
370
     0
100
AcDb2dPolyline
 66
     1
 10
0.0
 20
0.0
 30
0.0
  0
VERTEX
  5
612
330
611
100
AcDbEntity
  8
Make2D___U+9359_U+7EFE__U+93C5_U+20AC_U+6C31_U+568E
 62
     7
370
     0
100
AcDbVertex
100
AcDb2dVertex
 10
61.12397960611041
 20
172.9089421395092
 30
0.0
  0
VERTEX
  5
613
330
611
100
AcDbEntity
  8
Make2D___U+9359_U+7EFE__U+93C5_U+20AC_U+6C31_U+568E
 62
     7
370
     0
100
AcDbVertex
100
AcDb2dVertex
 10
58.623984606735
 20
172.9089421395092
 30
0.0
  0
SEQEND
  5
614
330
611
100
AcDbEntity
  8
Make2D___U+9359_U+7EFE__U+93C5_U+20AC_U+6C31_U+568E
 62
     7
370
     0
  0
POLYLINE
  5
615
330
435
100
AcDbEntity
  8
Make2D___U+9359_U+7EFE__U+93C5_U+20AC_U+6C31_U+568E
 62
     7
370
     0
100
AcDb2dPolyline
 66
     1
 10
0.0
 20
0.0
 30
0.0
  0
VERTEX
  5
616
330
615
100
AcDbEntity
  8
Make2D___U+9359_U+7EFE__U+93C5_U+20AC_U+6C31_U+568E
 62
     7
370
     0
100
AcDbVertex
100
AcDb2dVertex
 10
56.62398155168
 20
172.9089421395092
 30
0.0
  0
VERTEX
  5
617
330
615
100
AcDbEntity
  8
Make2D___U+9359_U+7EFE__U+93C5_U+20AC_U+6C31_U+568E
 62
     7
370
     0
100
AcDbVertex
100
AcDb2dVertex
 10
53.62399460798531
 20
172.9089421395092
 30
0.0
  0
SEQEND
  5
618
330
615
100
AcDbEntity
  8
Make2D___U+9359_U+7EFE__U+93C5_U+20AC_U+6C31_U+568E
 62
     7
370
     0
  0
POLYLINE
  5
619
330
435
100
AcDbEntity
  8
Make2D___U+9359_U+7EFE__U+93C5_U+20AC_U+6C31_U+568E
 62
     7
370
     0
100
AcDb2dPolyline
 66
     1
 10
0.0
 20
0.0
 30
0.0
  0
VERTEX
  5
61A
330
619
100
AcDbEntity
  8
Make2D___U+9359_U+7EFE__U+93C5_U+20AC_U+6C31_U+568E
 62
     7
370
     0
100
AcDbVertex
100
AcDb2dVertex
 10
51.6239915529303
 20
172.9089421395092
 30
0.0
  0
VERTEX
  5
61B
330
619
100
AcDbEntity
  8
Make2D___U+9359_U+7EFE__U+93C5_U+20AC_U+6C31_U+568E
 62
     7
370
     0
100
AcDbVertex
100
AcDb2dVertex
 10
48.62400460923561
 20
172.9089421395092
 30
0.0
  0
SEQEND
  5
61C
330
619
100
AcDbEntity
  8
Make2D___U+9359_U+7EFE__U+93C5_U+20AC_U+6C31_U+568E
 62
     7
370
     0
  0
POLYLINE
  5
61D
330
435
100
AcDbEntity
  8
Make2D___U+9359_U+7EFE__U+93C5_U+20AC_U+6C31_U+568E
 62
     7
370
     0
100
AcDb2dPolyline
 66
     1
 10
0.0
 20
0.0
 30
0.0
  0
VERTEX
  5
61E
330
61D
100
AcDbEntity
  8
Make2D___U+9359_U+7EFE__U+93C5_U+20AC_U+6C31_U+568E
 62
     7
370
     0
100
AcDbVertex
100
AcDb2dVertex
 10
46.62400155417969
 20
175.1760684705605
 30
0.0
  0
VERTEX
  5
61F
330
61D
100
AcDbEntity
  8
Make2D___U+9359_U+7EFE__U+93C5_U+20AC_U+6C31_U+568E
 62
     7
370
     0
100
AcDbVertex
100
AcDb2dVertex
 10
46.62400155417969
 20
171.8602749440415
 30
0.0
  0
SEQEND
  5
620
330
61D
100
AcDbEntity
  8
Make2D___U+9359_U+7EFE__U+93C5_U+20AC_U+6C31_U+568E
 62
     7
370
     0
  0
POLYLINE
  5
621
330
435
100
AcDbEntity
  8
Make2D___U+9359_U+7EFE__U+93C5_U+20AC_U+6C31_U+568E
 62
     7
370
     0
100
AcDb2dPolyline
 66
     1
 10
0.0
 20
0.0
 30
0.0
  0
VERTEX
  5
622
330
621
100
AcDbEntity
  8
Make2D___U+9359_U+7EFE__U+93C5_U+20AC_U+6C31_U+568E
 62
     7
370
     0
100
AcDbVertex
100
AcDb2dVertex
 10
48.62400460923561
 20
171.8602749440415
 30
0.0
  0
VERTEX
  5
623
330
621
100
AcDbEntity
  8
Make2D___U+9359_U+7EFE__U+93C5_U+20AC_U+6C31_U+568E
 62
     7
370
     0
100
AcDbVertex
100
AcDb2dVertex
 10
48.62400460923561
 20
175.1760684705605
 30
0.0
  0
SEQEND
  5
624
330
621
100
AcDbEntity
  8
Make2D___U+9359_U+7EFE__U+93C5_U+20AC_U+6C31_U+568E
 62
     7
370
     0
  0
POLYLINE
  5
625
330
435
100
AcDbEntity
  8
Make2D___U+9359_U+7EFE__U+93C5_U+20AC_U+6C31_U+568E
 62
     7
370
     0
100
AcDb2dPolyline
 66
     1
 10
0.0
 20
0.0
 30
0.0
  0
VERTEX
  5
626
330
625
100
AcDbEntity
  8
Make2D___U+9359_U+7EFE__U+93C5_U+20AC_U+6C31_U+568E
 62
     7
370
     0
100
AcDbVertex
100
AcDb2dVertex
 10
46.62400155417969
 20
171.8602749440415
 30
0.0
  0
VERTEX
  5
627
330
625
100
AcDbEntity
  8
Make2D___U+9359_U+7EFE__U+93C5_U+20AC_U+6C31_U+568E
 62
     7
370
     0
100
AcDbVertex
100
AcDb2dVertex
 10
48.62400460923561
 20
171.8602749440415
 30
0.0
  0
SEQEND
  5
628
330
625
100
AcDbEntity
  8
Make2D___U+9359_U+7EFE__U+93C5_U+20AC_U+6C31_U+568E
 62
     7
370
     0
  0
POLYLINE
  5
629
330
435
100
AcDbEntity
  8
Make2D___U+9359_U+7EFE__U+93C5_U+20AC_U+6C31_U+568E
 62
     7
370
     0
100
AcDb2dPolyline
 66
     1
 10
0.0
 20
0.0
 30
0.0
  0
VERTEX
  5
62A
330
629
100
AcDbEntity
  8
Make2D___U+9359_U+7EFE__U+93C5_U+20AC_U+6C31_U+568E
 62
     7
370
     0
100
AcDbVertex
100
AcDb2dVertex
 10
51.6239915529303
 20
175.1760684705605
 30
0.0
  0
VERTEX
  5
62B
330
629
100
AcDbEntity
  8
Make2D___U+9359_U+7EFE__U+93C5_U+20AC_U+6C31_U+568E
 62
     7
370
     0
100
AcDbVertex
100
AcDb2dVertex
 10
51.6239915529303
 20
171.8602749440415
 30
0.0
  0
SEQEND
  5
62C
330
629
100
AcDbEntity
  8
Make2D___U+9359_U+7EFE__U+93C5_U+20AC_U+6C31_U+568E
 62
     7
370
     0
  0
POLYLINE
  5
62D
330
435
100
AcDbEntity
  8
Make2D___U+9359_U+7EFE__U+93C5_U+20AC_U+6C31_U+568E
 62
     7
370
     0
100
AcDb2dPolyline
 66
     1
 10
0.0
 20
0.0
 30
0.0
  0
VERTEX
  5
62E
330
62D
100
AcDbEntity
  8
Make2D___U+9359_U+7EFE__U+93C5_U+20AC_U+6C31_U+568E
 62
     7
370
     0
100
AcDbVertex
100
AcDb2dVertex
 10
53.62399460798531
 20
171.8602749440415
 30
0.0
  0
VERTEX
  5
62F
330
62D
100
AcDbEntity
  8
Make2D___U+9359_U+7EFE__U+93C5_U+20AC_U+6C31_U+568E
 62
     7
370
     0
100
AcDbVertex
100
AcDb2dVertex
 10
53.62399460798531
 20
175.1760684705605
 30
0.0
  0
SEQEND
  5
630
330
62D
100
AcDbEntity
  8
Make2D___U+9359_U+7EFE__U+93C5_U+20AC_U+6C31_U+568E
 62
     7
370
     0
  0
POLYLINE
  5
631
330
435
100
AcDbEntity
  8
Make2D___U+9359_U+7EFE__U+93C5_U+20AC_U+6C31_U+568E
 62
     7
370
     0
100
AcDb2dPolyline
 66
     1
 10
0.0
 20
0.0
 30
0.0
  0
VERTEX
  5
632
330
631
100
AcDbEntity
  8
Make2D___U+9359_U+7EFE__U+93C5_U+20AC_U+6C31_U+568E
 62
     7
370
     0
100
AcDbVertex
100
AcDb2dVertex
 10
51.6239915529303
 20
171.8602749440415
 30
0.0
  0
VERTEX
  5
633
330
631
100
AcDbEntity
  8
Make2D___U+9359_U+7EFE__U+93C5_U+20AC_U+6C31_U+568E
 62
     7
370
     0
100
AcDbVertex
100
AcDb2dVertex
 10
53.62399460798531
 20
171.8602749440415
 30
0.0
  0
SEQEND
  5
634
330
631
100
AcDbEntity
  8
Make2D___U+9359_U+7EFE__U+93C5_U+20AC_U+6C31_U+568E
 62
     7
370
     0
  0
POLYLINE
  5
635
330
435
100
AcDbEntity
  8
Make2D___U+9359_U+7EFE__U+93C5_U+20AC_U+6C31_U+568E
 62
     7
370
     0
100
AcDb2dPolyline
 66
     1
 10
0.0
 20
0.0
 30
0.0
  0
VERTEX
  5
636
330
635
100
AcDbEntity
  8
Make2D___U+9359_U+7EFE__U+93C5_U+20AC_U+6C31_U+568E
 62
     7
370
     0
100
AcDbVertex
100
AcDb2dVertex
 10
56.62398155168
 20
171.8602749440415
 30
0.0
  0
VERTEX
  5
637
330
635
100
AcDbEntity
  8
Make2D___U+9359_U+7EFE__U+93C5_U+20AC_U+6C31_U+568E
 62
     7
370
     0
100
AcDbVertex
100
AcDb2dVertex
 10
58.623984606735
 20
171.8602749440415
 30
0.0
  0
SEQEND
  5
638
330
635
100
AcDbEntity
  8
Make2D___U+9359_U+7EFE__U+93C5_U+20AC_U+6C31_U+568E
 62
     7
370
     0
  0
POLYLINE
  5
639
330
435
100
AcDbEntity
  8
Make2D___U+9359_U+7EFE__U+93C5_U+20AC_U+6C31_U+568E
 62
     7
370
     0
100
AcDb2dPolyline
 66
     1
 10
0.0
 20
0.0
 30
0.0
  0
VERTEX
  5
63A
330
639
100
AcDbEntity
  8
Make2D___U+9359_U+7EFE__U+93C5_U+20AC_U+6C31_U+568E
 62
     7
370
     0
100
AcDbVertex
100
AcDb2dVertex
 10
56.62398155168
 20
175.1760684705605
 30
0.0
  0
VERTEX
  5
63B
330
639
100
AcDbEntity
  8
Make2D___U+9359_U+7EFE__U+93C5_U+20AC_U+6C31_U+568E
 62
     7
370
     0
100
AcDbVertex
100
AcDb2dVertex
 10
56.62398155168
 20
171.8602749440415
 30
0.0
  0
SEQEND
  5
63C
330
639
100
AcDbEntity
  8
Make2D___U+9359_U+7EFE__U+93C5_U+20AC_U+6C31_U+568E
 62
     7
370
     0
  0
POLYLINE
  5
63D
330
435
100
AcDbEntity
  8
Make2D___U+9359_U+7EFE__U+93C5_U+20AC_U+6C31_U+568E
 62
     7
370
     0
100
AcDb2dPolyline
 66
     1
 10
0.0
 20
0.0
 30
0.0
  0
VERTEX
  5
63E
330
63D
100
AcDbEntity
  8
Make2D___U+9359_U+7EFE__U+93C5_U+20AC_U+6C31_U+568E
 62
     7
370
     0
100
AcDbVertex
100
AcDb2dVertex
 10
58.623984606735
 20
171.8602749440415
 30
0.0
  0
VERTEX
  5
63F
330
63D
100
AcDbEntity
  8
Make2D___U+9359_U+7EFE__U+93C5_U+20AC_U+6C31_U+568E
 62
     7
370
     0
100
AcDbVertex
100
AcDb2dVertex
 10
58.623984606735
 20
175.1760684705605
 30
0.0
  0
SEQEND
  5
640
330
63D
100
AcDbEntity
  8
Make2D___U+9359_U+7EFE__U+93C5_U+20AC_U+6C31_U+568E
 62
     7
370
     0
  0
POLYLINE
  5
641
330
435
100
AcDbEntity
  8
Make2D___U+9359_U+7EFE__U+93C5_U+20AC_U+6C31_U+568E
 62
     7
370
     0
100
AcDb2dPolyline
 66
     1
 10
0.0
 20
0.0
 30
0.0
  0
VERTEX
  5
642
330
641
100
AcDbEntity
  8
Make2D___U+9359_U+7EFE__U+93C5_U+20AC_U+6C31_U+568E
 62
     7
370
     0
100
AcDbVertex
100
AcDb2dVertex
 10
61.62400682820782
 20
189.4863222721405
 30
0.0
  0
VERTEX
  5
643
330
641
100
AcDbEntity
  8
Make2D___U+9359_U+7EFE__U+93C5_U+20AC_U+6C31_U+568E
 62
     7
370
     0
100
AcDbVertex
100
AcDb2dVertex
 10
61.62400682820782
 20
192.3284410885226
 30
0.0
  0
SEQEND
  5
644
330
641
100
AcDbEntity
  8
Make2D___U+9359_U+7EFE__U+93C5_U+20AC_U+6C31_U+568E
 62
     7
370
     0
  0
POLYLINE
  5
645
330
435
100
AcDbEntity
  8
Make2D___U+9359_U+7EFE__U+93C5_U+20AC_U+6C31_U+568E
 62
     7
370
     0
100
AcDb2dPolyline
 66
     1
 10
0.0
 20
0.0
 30
0.0
  0
VERTEX
  5
646
330
645
100
AcDbEntity
  8
Make2D___U+9359_U+7EFE__U+93C5_U+20AC_U+6C31_U+568E
 62
     7
370
     0
100
AcDbVertex
100
AcDb2dVertex
 10
61.62400682820771
 20
176.2753945536242
 30
0.0
  0
VERTEX
  5
647
330
645
100
AcDbEntity
  8
Make2D___U+9359_U+7EFE__U+93C5_U+20AC_U+6C31_U+568E
 62
     7
370
     0
100
AcDbVertex
100
AcDb2dVertex
 10
61.62400682820782
 20
189.4863222721405
 30
0.0
  0
SEQEND
  5
648
330
645
100
AcDbEntity
  8
Make2D___U+9359_U+7EFE__U+93C5_U+20AC_U+6C31_U+568E
 62
     7
370
     0
  0
POLYLINE
  5
649
330
435
100
AcDbEntity
  8
Make2D___U+9359_U+7EFE__U+93C5_U+20AC_U+6C31_U+568E
 62
     7
370
     0
100
AcDb2dPolyline
 66
     1
 10
0.0
 20
0.0
 30
0.0
  0
VERTEX
  5
64A
330
649
100
AcDbEntity
  8
Make2D___U+9359_U+7EFE__U+93C5_U+20AC_U+6C31_U+568E
 62
     7
370
     0
100
AcDbVertex
100
AcDb2dVertex
 10
61.62400682820771
 20
173.433311015021
 30
0.0
  0
VERTEX
  5
64B
330
649
100
AcDbEntity
  8
Make2D___U+9359_U+7EFE__U+93C5_U+20AC_U+6C31_U+568E
 62
     7
370
     0
100
AcDbVertex
100
AcDb2dVertex
 10
61.62400682820771
 20
176.2753945536242
 30
0.0
  0
SEQEND
  5
64C
330
649
100
AcDbEntity
  8
Make2D___U+9359_U+7EFE__U+93C5_U+20AC_U+6C31_U+568E
 62
     7
370
     0
  0
POLYLINE
  5
64D
330
435
100
AcDbEntity
  8
Make2D___U+9359_U+7EFE__U+93C5_U+20AC_U+6C31_U+568E
 62
     7
370
     0
100
AcDb2dPolyline
 66
     1
 10
0.0
 20
0.0
 30
0.0
  0
VERTEX
  5
64E
330
64D
100
AcDbEntity
  8
Make2D___U+9359_U+7EFE__U+93C5_U+20AC_U+6C31_U+568E
 62
     7
370
     0
100
AcDbVertex
100
AcDb2dVertex
 10
61.62400682820771
 20
173.433311015021
 30
0.0
  0
VERTEX
  5
64F
330
64D
100
AcDbEntity
  8
Make2D___U+9359_U+7EFE__U+93C5_U+20AC_U+6C31_U+568E
 62
     7
370
     0
100
AcDbVertex
100
AcDb2dVertex
 10
61.12397960611041
 20
172.9089421395092
 30
0.0
  0
SEQEND
  5
650
330
64D
100
AcDbEntity
  8
Make2D___U+9359_U+7EFE__U+93C5_U+20AC_U+6C31_U+568E
 62
     7
370
     0
  0
POLYLINE
  5
651
330
435
100
AcDbEntity
  8
Make2D___U+9359_U+7EFE__U+93C5_U+20AC_U+6C31_U+568E
 62
     7
370
     0
100
AcDb2dPolyline
 66
     1
 10
0.0
 20
0.0
 30
0.0
  0
VERTEX
  5
652
330
651
100
AcDbEntity
  8
Make2D___U+9359_U+7EFE__U+93C5_U+20AC_U+6C31_U+568E
 62
     7
370
     0
100
AcDbVertex
100
AcDb2dVertex
 10
23.48728267107515
 20
151.3808551887368
 30
0.0
  0
VERTEX
  5
653
330
651
100
AcDbEntity
  8
Make2D___U+9359_U+7EFE__U+93C5_U+20AC_U+6C31_U+568E
 62
     7
370
     0
100
AcDbVertex
100
AcDb2dVertex
 10
22.96294906009507
 20
150.8808632570481
 30
0.0
  0
SEQEND
  5
654
330
651
100
AcDbEntity
  8
Make2D___U+9359_U+7EFE__U+93C5_U+20AC_U+6C31_U+568E
 62
     7
370
     0
  0
POLYLINE
  5
655
330
435
100
AcDbEntity
  8
Make2D___U+9359_U+7EFE__U+93C5_U+20AC_U+6C31_U+568E
 62
     7
370
     0
100
AcDb2dPolyline
 66
     1
 10
0.0
 20
0.0
 30
0.0
  0
VERTEX
  5
656
330
655
100
AcDbEntity
  8
Make2D___U+9359_U+7EFE__U+93C5_U+20AC_U+6C31_U+568E
 62
     7
370
     0
100
AcDbVertex
100
AcDb2dVertex
 10
23.48728267107515
 20
161.1443679952053
 30
0.0
  0
VERTEX
  5
657
330
655
100
AcDbEntity
  8
Make2D___U+9359_U+7EFE__U+93C5_U+20AC_U+6C31_U+568E
 62
     7
370
     0
100
AcDbVertex
100
AcDb2dVertex
 10
23.48728267107515
 20
151.3808551887368
 30
0.0
  0
SEQEND
  5
658
330
655
100
AcDbEntity
  8
Make2D___U+9359_U+7EFE__U+93C5_U+20AC_U+6C31_U+568E
 62
     7
370
     0
  0
POLYLINE
  5
659
330
435
100
AcDbEntity
  8
Make2D___U+9359_U+7EFE__U+93C5_U+20AC_U+6C31_U+568E
 62
     7
370
     0
100
AcDb2dPolyline
 66
     1
 10
0.0
 20
0.0
 30
0.0
  0
VERTEX
  5
65A
330
659
100
AcDbEntity
  8
Make2D___U+9359_U+7EFE__U+93C5_U+20AC_U+6C31_U+568E
 62
     7
370
     0
100
AcDbVertex
100
AcDb2dVertex
 10
34.36049350169014
 20
171.8602749440415
 30
0.0
  0
VERTEX
  5
65B
330
659
100
AcDbEntity
  8
Make2D___U+9359_U+7EFE__U+93C5_U+20AC_U+6C31_U+568E
 62
     7
370
     0
100
AcDbVertex
100
AcDb2dVertex
 10
44.12400655480484
 20
171.8602749440415
 30
0.0
  0
SEQEND
  5
65C
330
659
100
AcDbEntity
  8
Make2D___U+9359_U+7EFE__U+93C5_U+20AC_U+6C31_U+568E
 62
     7
370
     0
  0
POLYLINE
  5
65D
330
435
100
AcDbEntity
  8
Make2D___U+9359_U+7EFE__U+93C5_U+20AC_U+6C31_U+568E
 62
     7
370
     0
100
AcDb2dPolyline
 66
     1
 10
0.0
 20
0.0
 30
0.0
  0
VERTEX
  5
65E
330
65D
100
AcDbEntity
  8
Make2D___U+9359_U+7EFE__U+93C5_U+20AC_U+6C31_U+568E
 62
     7
370
     0
100
AcDbVertex
100
AcDb2dVertex
 10
44.12400655480496
 20
193.9091324370829
 30
0.0
  0
VERTEX
  5
65F
330
65D
100
AcDbEntity
  8
Make2D___U+9359_U+7EFE__U+93C5_U+20AC_U+6C31_U+568E
 62
     7
370
     0
100
AcDbVertex
100
AcDb2dVertex
 10
34.37400489057609
 20
193.9091324370829
 30
0.0
  0
SEQEND
  5
660
330
65D
100
AcDbEntity
  8
Make2D___U+9359_U+7EFE__U+93C5_U+20AC_U+6C31_U+568E
 62
     7
370
     0
  0
POLYLINE
  5
661
330
435
100
AcDbEntity
  8
Make2D___U+9359_U+7EFE__U+93C5_U+20AC_U+6C31_U+568E
 62
     7
370
     0
100
AcDb2dPolyline
 66
     1
 10
0.0
 20
0.0
 30
0.0
  0
VERTEX
  5
662
330
661
100
AcDbEntity
  8
Make2D___U+9359_U+7EFE__U+93C5_U+20AC_U+6C31_U+568E
 62
     7
370
     0
100
AcDbVertex
100
AcDb2dVertex
 10
29.18513766965089
 20
194.2684718723603
 30
0.0
  0
VERTEX
  5
663
330
661
100
AcDbEntity
  8
Make2D___U+9359_U+7EFE__U+93C5_U+20AC_U+6C31_U+568E
 62
     7
370
     0
100
AcDbVertex
100
AcDb2dVertex
 10
-3.937167877624233
 20
194.2684718723603
 30
0.0
  0
SEQEND
  5
664
330
661
100
AcDbEntity
  8
Make2D___U+9359_U+7EFE__U+93C5_U+20AC_U+6C31_U+568E
 62
     7
370
     0
  0
POLYLINE
  5
665
330
435
100
AcDbEntity
  8
Make2D___U+9359_U+7EFE__U+93C5_U+20AC_U+6C31_U+568E
 62
     7
370
     0
100
AcDb2dPolyline
 66
     1
 10
0.0
 20
0.0
 30
0.0
  0
VERTEX
  5
666
330
665
100
AcDbEntity
  8
Make2D___U+9359_U+7EFE__U+93C5_U+20AC_U+6C31_U+568E
 62
     7
370
     0
100
AcDbVertex
100
AcDb2dVertex
 10
-9.125999820771426
 20
188.6137617388458
 30
0.0
  0
VERTEX
  5
667
330
665
100
AcDbEntity
  8
Make2D___U+9359_U+7EFE__U+93C5_U+20AC_U+6C31_U+568E
 62
     7
370
     0
100
AcDbVertex
100
AcDb2dVertex
 10
34.37400489057609
 20
188.6137617388458
 30
0.0
  0
SEQEND
  5
668
330
665
100
AcDbEntity
  8
Make2D___U+9359_U+7EFE__U+93C5_U+20AC_U+6C31_U+568E
 62
     7
370
     0
  0
POLYLINE
  5
669
330
435
100
AcDbEntity
  8
Make2D___U+9359_U+7EFE__U+93C5_U+20AC_U+6C31_U+568E
 62
     7
370
     0
100
AcDb2dPolyline
 66
     1
 10
0.0
 20
0.0
 30
0.0
  0
VERTEX
  5
66A
330
669
100
AcDbEntity
  8
Make2D___U+9359_U+7EFE__U+93C5_U+20AC_U+6C31_U+568E
 62
     7
370
     0
100
AcDbVertex
100
AcDb2dVertex
 10
2.28505600970891
 20
150.8808632570481
 30
0.0
  0
VERTEX
  5
66B
330
669
100
AcDbEntity
  8
Make2D___U+9359_U+7EFE__U+93C5_U+20AC_U+6C31_U+568E
 62
     7
370
     0
100
AcDbVertex
100
AcDb2dVertex
 10
5.442946286696951
 20
150.8808632570481
 30
0.0
  0
SEQEND
  5
66C
330
669
100
AcDbEntity
  8
Make2D___U+9359_U+7EFE__U+93C5_U+20AC_U+6C31_U+568E
 62
     7
370
     0
  0
POLYLINE
  5
66D
330
435
100
AcDbEntity
  8
Make2D___U+9359_U+7EFE__U+93C5_U+20AC_U+6C31_U+568E
 62
     7
370
     0
100
AcDb2dPolyline
 66
     1
 10
0.0
 20
0.0
 30
0.0
  0
VERTEX
  5
66E
330
66D
100
AcDbEntity
  8
Make2D___U+9359_U+7EFE__U+93C5_U+20AC_U+6C31_U+568E
 62
     7
370
     0
100
AcDbVertex
100
AcDb2dVertex
 10
19.80502350532868
 20
150.8808632570481
 30
0.0
  0
VERTEX
  5
66F
330
66D
100
AcDbEntity
  8
Make2D___U+9359_U+7EFE__U+93C5_U+20AC_U+6C31_U+568E
 62
     7
370
     0
100
AcDbVertex
100
AcDb2dVertex
 10
22.96294906009507
 20
150.8808632570481
 30
0.0
  0
SEQEND
  5
670
330
66D
100
AcDbEntity
  8
Make2D___U+9359_U+7EFE__U+93C5_U+20AC_U+6C31_U+568E
 62
     7
370
     0
  0
POLYLINE
  5
671
330
435
100
AcDbEntity
  8
Make2D___U+9359_U+7EFE__U+59DD_U+FF45_U+578F_U+7EFE
 62
     7
370
     0
100
AcDb2dPolyline
 66
     1
 10
0.0
 20
0.0
 30
0.0
  0
VERTEX
  5
672
330
671
100
AcDbEntity
  8
Make2D___U+9359_U+7EFE__U+59DD_U+FF45_U+578F_U+7EFE
 62
     7
370
     0
100
AcDbVertex
100
AcDb2dVertex
 10
19.80502350532868
 20
150.880863372784
 30
0.0
  0
VERTEX
  5
673
330
671
100
AcDbEntity
  8
Make2D___U+9359_U+7EFE__U+59DD_U+FF45_U+578F_U+7EFE
 62
     7
370
     0
100
AcDbVertex
100
AcDb2dVertex
 10
5.442946419606869
 20
150.8808633733006
 30
0.0
  0
SEQEND
  5
674
330
671
100
AcDbEntity
  8
Make2D___U+9359_U+7EFE__U+59DD_U+FF45_U+578F_U+7EFE
 62
     7
370
     0
  0
ENDBLK
  0
BLOCK
  5
237
330
234
100
AcDbEntity
  8
0
100
AcDbBlockBegin
  2
L1
 70
     0
 10
0.0
 20
0.0
 30
0.0
  3
L1
  1

  0
POLYLINE
  5
238
330
234
100
AcDbEntity
  8
Make2D___U+9359_U+7EFE__U+93C5_U+20AC_U+6C31_U+568E
 62
     7
370
     0
100
AcDb2dPolyline
 66
     1
 10
0.0
 20
0.0
 30
0.0
  0
VERTEX
  5
239
330
238
100
AcDbEntity
  8
Make2D___U+9359_U+7EFE__U+93C5_U+20AC_U+6C31_U+568E
 62
     7
370
     0
100
AcDbVertex
100
AcDb2dVertex
 10
30.31696374241987
 20
7.995955073784442
 30
0.0
  0
VERTEX
  5
23A
330
238
100
AcDbEntity
  8
Make2D___U+9359_U+7EFE__U+93C5_U+20AC_U+6C31_U+568E
 62
     7
370
     0
100
AcDbVertex
100
AcDb2dVertex
 10
30.31696374241987
 20
12.26107357608316
 30
0.0
  0
SEQEND
  5
23B
330
238
100
AcDbEntity
  8
Make2D___U+9359_U+7EFE__U+93C5_U+20AC_U+6C31_U+568E
 62
     7
370
     0
  0
POLYLINE
  5
23C
330
234
100
AcDbEntity
  8
Make2D___U+9359_U+7EFE__U+93C5_U+20AC_U+6C31_U+568E
 62
     7
370
     0
100
AcDb2dPolyline
 66
     1
 10
0.0
 20
0.0
 30
0.0
  0
VERTEX
  5
23D
330
23C
100
AcDbEntity
  8
Make2D___U+9359_U+7EFE__U+93C5_U+20AC_U+6C31_U+568E
 62
     7
370
     0
100
AcDbVertex
100
AcDb2dVertex
 10
-30.31696374242196
 20
17.32622150241559
 30
0.0
  0
VERTEX
  5
23E
330
23C
100
AcDbEntity
  8
Make2D___U+9359_U+7EFE__U+93C5_U+20AC_U+6C31_U+568E
 62
     7
370
     0
100
AcDbVertex
100
AcDb2dVertex
 10
-30.31696374242196
 20
12.26107357608316
 30
0.0
  0
SEQEND
  5
23F
330
23C
100
AcDbEntity
  8
Make2D___U+9359_U+7EFE__U+93C5_U+20AC_U+6C31_U+568E
 62
     7
370
     0
  0
POLYLINE
  5
240
330
234
100
AcDbEntity
  8
Make2D___U+9359_U+7EFE__U+93C5_U+20AC_U+6C31_U+568E
 62
     7
370
     0
100
AcDb2dPolyline
 66
     1
 10
0.0
 20
0.0
 30
0.0
  0
VERTEX
  5
241
330
240
100
AcDbEntity
  8
Make2D___U+9359_U+7EFE__U+93C5_U+20AC_U+6C31_U+568E
 62
     7
370
     0
100
AcDbVertex
100
AcDb2dVertex
 10
-25.87157568797735
 20
17.32622150241559
 30
0.0
  0
VERTEX
  5
242
330
240
100
AcDbEntity
  8
Make2D___U+9359_U+7EFE__U+93C5_U+20AC_U+6C31_U+568E
 62
     7
370
     0
100
AcDbVertex
100
AcDb2dVertex
 10
-30.31696374242196
 20
17.32622150241559
 30
0.0
  0
SEQEND
  5
243
330
240
100
AcDbEntity
  8
Make2D___U+9359_U+7EFE__U+93C5_U+20AC_U+6C31_U+568E
 62
     7
370
     0
  0
POLYLINE
  5
244
330
234
100
AcDbEntity
  8
Make2D___U+9359_U+7EFE__U+93C5_U+20AC_U+6C31_U+568E
 62
     7
370
     0
100
AcDb2dPolyline
 66
     1
 10
0.0
 20
0.0
 30
0.0
  0
VERTEX
  5
245
330
244
100
AcDbEntity
  8
Make2D___U+9359_U+7EFE__U+93C5_U+20AC_U+6C31_U+568E
 62
     7
370
     0
100
AcDbVertex
100
AcDb2dVertex
 10
30.31696374241987
 20
12.26107357608316
 30
0.0
  0
VERTEX
  5
246
330
244
100
AcDbEntity
  8
Make2D___U+9359_U+7EFE__U+93C5_U+20AC_U+6C31_U+568E
 62
     7
370
     0
100
AcDbVertex
100
AcDb2dVertex
 10
30.31696374241987
 20
17.32622150241559
 30
0.0
  0
SEQEND
  5
247
330
244
100
AcDbEntity
  8
Make2D___U+9359_U+7EFE__U+93C5_U+20AC_U+6C31_U+568E
 62
     7
370
     0
  0
POLYLINE
  5
248
330
234
100
AcDbEntity
  8
Make2D___U+9359_U+7EFE__U+93C5_U+20AC_U+6C31_U+568E
 62
     7
370
     0
100
AcDb2dPolyline
 66
     1
 10
0.0
 20
0.0
 30
0.0
  0
VERTEX
  5
249
330
248
100
AcDbEntity
  8
Make2D___U+9359_U+7EFE__U+93C5_U+20AC_U+6C31_U+568E
 62
     7
370
     0
100
AcDbVertex
100
AcDb2dVertex
 10
25.8716109657535
 20
17.32622150241559
 30
0.0
  0
VERTEX
  5
24A
330
248
100
AcDbEntity
  8
Make2D___U+9359_U+7EFE__U+93C5_U+20AC_U+6C31_U+568E
 62
     7
370
     0
100
AcDbVertex
100
AcDb2dVertex
 10
30.31696374241987
 20
17.32622150241559
 30
0.0
  0
SEQEND
  5
24B
330
248
100
AcDbEntity
  8
Make2D___U+9359_U+7EFE__U+93C5_U+20AC_U+6C31_U+568E
 62
     7
370
     0
  0
POLYLINE
  5
24C
330
234
100
AcDbEntity
  8
Make2D___U+9359_U+7EFE__U+93C5_U+20AC_U+6C31_U+568E
 62
     7
370
     0
100
AcDb2dPolyline
 66
     1
 10
0.0
 20
0.0
 30
0.0
  0
VERTEX
  5
24D
330
24C
100
AcDbEntity
  8
Make2D___U+9359_U+7EFE__U+93C5_U+20AC_U+6C31_U+568E
 62
     7
370
     0
100
AcDbVertex
100
AcDb2dVertex
 10
-25.87157568797735
 20
17.32622150241559
 30
0.0
  0
VERTEX
  5
24E
330
24C
100
AcDbEntity
  8
Make2D___U+9359_U+7EFE__U+93C5_U+20AC_U+6C31_U+568E
 62
     7
370
     0
100
AcDbVertex
100
AcDb2dVertex
 10
-23.08209124422987
 20
15.86356959528757
 30
0.0
  0
SEQEND
  5
24F
330
24C
100
AcDbEntity
  8
Make2D___U+9359_U+7EFE__U+93C5_U+20AC_U+6C31_U+568E
 62
     7
370
     0
  0
POLYLINE
  5
250
330
234
100
AcDbEntity
  8
Make2D___U+9359_U+7EFE__U+93C5_U+20AC_U+6C31_U+568E
 62
     7
370
     0
100
AcDb2dPolyline
 66
     1
 10
0.0
 20
0.0
 30
0.0
  0
VERTEX
  5
251
330
250
100
AcDbEntity
  8
Make2D___U+9359_U+7EFE__U+93C5_U+20AC_U+6C31_U+568E
 62
     7
370
     0
100
AcDbVertex
100
AcDb2dVertex
 10
23.08209124422869
 20
15.86356959528757
 30
0.0
  0
VERTEX
  5
252
330
250
100
AcDbEntity
  8
Make2D___U+9359_U+7EFE__U+93C5_U+20AC_U+6C31_U+568E
 62
     7
370
     0
100
AcDbVertex
100
AcDb2dVertex
 10
25.8716109657535
 20
17.32622150241559
 30
0.0
  0
SEQEND
  5
253
330
250
100
AcDbEntity
  8
Make2D___U+9359_U+7EFE__U+93C5_U+20AC_U+6C31_U+568E
 62
     7
370
     0
  0
POLYLINE
  5
254
330
234
100
AcDbEntity
  8
Make2D___U+9359_U+7EFE__U+93C5_U+20AC_U+6C31_U+568E
 62
     7
370
     0
100
AcDb2dPolyline
 66
     1
 10
0.0
 20
0.0
 30
0.0
  0
VERTEX
  5
255
330
254
100
AcDbEntity
  8
Make2D___U+9359_U+7EFE__U+93C5_U+20AC_U+6C31_U+568E
 62
     7
370
     0
100
AcDbVertex
100
AcDb2dVertex
 10
23.08209124422869
 20
15.86356959528757
 30
0.0
  0
VERTEX
  5
256
330
254
100
AcDbEntity
  8
Make2D___U+9359_U+7EFE__U+93C5_U+20AC_U+6C31_U+568E
 62
     7
370
     0
100
AcDbVertex
100
AcDb2dVertex
 10
-23.08209124422987
 20
15.86356959528757
 30
0.0
  0
SEQEND
  5
257
330
254
100
AcDbEntity
  8
Make2D___U+9359_U+7EFE__U+93C5_U+20AC_U+6C31_U+568E
 62
     7
370
     0
  0
POLYLINE
  5
258
330
234
100
AcDbEntity
  8
Make2D___U+9359_U+7EFE__U+93C5_U+20AC_U+6C31_U+568E
 62
     7
370
     0
100
AcDb2dPolyline
 66
     1
 10
0.0
 20
0.0
 30
0.0
  0
VERTEX
  5
259
330
258
100
AcDbEntity
  8
Make2D___U+9359_U+7EFE__U+93C5_U+20AC_U+6C31_U+568E
 62
     7
370
     0
100
AcDbVertex
100
AcDb2dVertex
 10
-30.31696374242196
 20
12.26107357608316
 30
0.0
  0
VERTEX
  5
25A
330
258
100
AcDbEntity
  8
Make2D___U+9359_U+7EFE__U+93C5_U+20AC_U+6C31_U+568E
 62
     7
370
     0
100
AcDbVertex
100
AcDb2dVertex
 10
-30.31696374242196
 20
7.995955073784442
 30
0.0
  0
SEQEND
  5
25B
330
258
100
AcDbEntity
  8
Make2D___U+9359_U+7EFE__U+93C5_U+20AC_U+6C31_U+568E
 62
     7
370
     0
  0
POLYLINE
  5
25C
330
234
100
AcDbEntity
  8
Make2D___U+9359_U+7EFE__U+93C5_U+20AC_U+6C31_U+568E
 62
     7
370
     0
100
AcDb2dPolyline
 66
     1
 10
0.0
 20
0.0
 30
0.0
  0
VERTEX
  5
25D
330
25C
100
AcDbEntity
  8
Make2D___U+9359_U+7EFE__U+93C5_U+20AC_U+6C31_U+568E
 62
     7
370
     0
100
AcDbVertex
100
AcDb2dVertex
 10
-30.31696374242196
 20
7.995955073784442
 30
0.0
  0
VERTEX
  5
25E
330
25C
100
AcDbEntity
  8
Make2D___U+9359_U+7EFE__U+93C5_U+20AC_U+6C31_U+568E
 62
     7
370
     0
100
AcDbVertex
100
AcDb2dVertex
 10
30.31696374241987
 20
7.995955073784442
 30
0.0
  0
SEQEND
  5
25F
330
25C
100
AcDbEntity
  8
Make2D___U+9359_U+7EFE__U+93C5_U+20AC_U+6C31_U+568E
 62
     7
370
     0
  0
POLYLINE
  5
260
330
234
100
AcDbEntity
  8
Make2D___U+9359_U+7EFE__U+93C5_U+20AC_U+6C31_U+568E
 62
     7
370
     0
100
AcDb2dPolyline
 66
     1
 10
0.0
 20
0.0
 30
0.0
  0
VERTEX
  5
261
330
260
100
AcDbEntity
  8
Make2D___U+9359_U+7EFE__U+93C5_U+20AC_U+6C31_U+568E
 62
     7
370
     0
100
AcDbVertex
100
AcDb2dVertex
 10
30.31696374241987
 20
-12.26103829830526
 30
0.0
  0
VERTEX
  5
262
330
260
100
AcDbEntity
  8
Make2D___U+9359_U+7EFE__U+93C5_U+20AC_U+6C31_U+568E
 62
     7
370
     0
100
AcDbVertex
100
AcDb2dVertex
 10
30.31696374241987
 20
-7.995955073783535
 30
0.0
  0
SEQEND
  5
263
330
260
100
AcDbEntity
  8
Make2D___U+9359_U+7EFE__U+93C5_U+20AC_U+6C31_U+568E
 62
     7
370
     0
  0
POLYLINE
  5
264
330
234
100
AcDbEntity
  8
Make2D___U+9359_U+7EFE__U+93C5_U+20AC_U+6C31_U+568E
 62
     7
370
     0
100
AcDb2dPolyline
 66
     1
 10
0.0
 20
0.0
 30
0.0
  0
VERTEX
  5
265
330
264
100
AcDbEntity
  8
Make2D___U+9359_U+7EFE__U+93C5_U+20AC_U+6C31_U+568E
 62
     7
370
     0
100
AcDbVertex
100
AcDb2dVertex
 10
-30.31696374242196
 20
-17.32618622463769
 30
0.0
  0
VERTEX
  5
266
330
264
100
AcDbEntity
  8
Make2D___U+9359_U+7EFE__U+93C5_U+20AC_U+6C31_U+568E
 62
     7
370
     0
100
AcDbVertex
100
AcDb2dVertex
 10
-25.87157568797735
 20
-17.32618622463769
 30
0.0
  0
SEQEND
  5
267
330
264
100
AcDbEntity
  8
Make2D___U+9359_U+7EFE__U+93C5_U+20AC_U+6C31_U+568E
 62
     7
370
     0
  0
POLYLINE
  5
268
330
234
100
AcDbEntity
  8
Make2D___U+9359_U+7EFE__U+93C5_U+20AC_U+6C31_U+568E
 62
     7
370
     0
100
AcDb2dPolyline
 66
     1
 10
0.0
 20
0.0
 30
0.0
  0
VERTEX
  5
269
330
268
100
AcDbEntity
  8
Make2D___U+9359_U+7EFE__U+93C5_U+20AC_U+6C31_U+568E
 62
     7
370
     0
100
AcDbVertex
100
AcDb2dVertex
 10
-30.31696374242196
 20
-12.26103829830526
 30
0.0
  0
VERTEX
  5
26A
330
268
100
AcDbEntity
  8
Make2D___U+9359_U+7EFE__U+93C5_U+20AC_U+6C31_U+568E
 62
     7
370
     0
100
AcDbVertex
100
AcDb2dVertex
 10
-30.31696374242196
 20
-17.32618622463769
 30
0.0
  0
SEQEND
  5
26B
330
268
100
AcDbEntity
  8
Make2D___U+9359_U+7EFE__U+93C5_U+20AC_U+6C31_U+568E
 62
     7
370
     0
  0
POLYLINE
  5
26C
330
234
100
AcDbEntity
  8
Make2D___U+9359_U+7EFE__U+93C5_U+20AC_U+6C31_U+568E
 62
     7
370
     0
100
AcDb2dPolyline
 66
     1
 10
0.0
 20
0.0
 30
0.0
  0
VERTEX
  5
26D
330
26C
100
AcDbEntity
  8
Make2D___U+9359_U+7EFE__U+93C5_U+20AC_U+6C31_U+568E
 62
     7
370
     0
100
AcDbVertex
100
AcDb2dVertex
 10
30.31696374241987
 20
-17.32618622463769
 30
0.0
  0
VERTEX
  5
26E
330
26C
100
AcDbEntity
  8
Make2D___U+9359_U+7EFE__U+93C5_U+20AC_U+6C31_U+568E
 62
     7
370
     0
100
AcDbVertex
100
AcDb2dVertex
 10
30.31696374241987
 20
-12.26103829830526
 30
0.0
  0
SEQEND
  5
26F
330
26C
100
AcDbEntity
  8
Make2D___U+9359_U+7EFE__U+93C5_U+20AC_U+6C31_U+568E
 62
     7
370
     0
  0
POLYLINE
  5
270
330
234
100
AcDbEntity
  8
Make2D___U+9359_U+7EFE__U+93C5_U+20AC_U+6C31_U+568E
 62
     7
370
     0
100
AcDb2dPolyline
 66
     1
 10
0.0
 20
0.0
 30
0.0
  0
VERTEX
  5
271
330
270
100
AcDbEntity
  8
Make2D___U+9359_U+7EFE__U+93C5_U+20AC_U+6C31_U+568E
 62
     7
370
     0
100
AcDbVertex
100
AcDb2dVertex
 10
30.31696374241987
 20
-17.32618622463769
 30
0.0
  0
VERTEX
  5
272
330
270
100
AcDbEntity
  8
Make2D___U+9359_U+7EFE__U+93C5_U+20AC_U+6C31_U+568E
 62
     7
370
     0
100
AcDbVertex
100
AcDb2dVertex
 10
25.8716109657535
 20
-17.32618622463769
 30
0.0
  0
SEQEND
  5
273
330
270
100
AcDbEntity
  8
Make2D___U+9359_U+7EFE__U+93C5_U+20AC_U+6C31_U+568E
 62
     7
370
     0
  0
POLYLINE
  5
274
330
234
100
AcDbEntity
  8
Make2D___U+9359_U+7EFE__U+93C5_U+20AC_U+6C31_U+568E
 62
     7
370
     0
100
AcDb2dPolyline
 66
     1
 10
0.0
 20
0.0
 30
0.0
  0
VERTEX
  5
275
330
274
100
AcDbEntity
  8
Make2D___U+9359_U+7EFE__U+93C5_U+20AC_U+6C31_U+568E
 62
     7
370
     0
100
AcDbVertex
100
AcDb2dVertex
 10
-23.08209124422987
 20
-15.86356959528666
 30
0.0
  0
VERTEX
  5
276
330
274
100
AcDbEntity
  8
Make2D___U+9359_U+7EFE__U+93C5_U+20AC_U+6C31_U+568E
 62
     7
370
     0
100
AcDbVertex
100
AcDb2dVertex
 10
-25.87157568797735
 20
-17.32618622463769
 30
0.0
  0
SEQEND
  5
277
330
274
100
AcDbEntity
  8
Make2D___U+9359_U+7EFE__U+93C5_U+20AC_U+6C31_U+568E
 62
     7
370
     0
  0
POLYLINE
  5
278
330
234
100
AcDbEntity
  8
Make2D___U+9359_U+7EFE__U+93C5_U+20AC_U+6C31_U+568E
 62
     7
370
     0
100
AcDb2dPolyline
 66
     1
 10
0.0
 20
0.0
 30
0.0
  0
VERTEX
  5
279
330
278
100
AcDbEntity
  8
Make2D___U+9359_U+7EFE__U+93C5_U+20AC_U+6C31_U+568E
 62
     7
370
     0
100
AcDbVertex
100
AcDb2dVertex
 10
25.8716109657535
 20
-17.32618622463769
 30
0.0
  0
VERTEX
  5
27A
330
278
100
AcDbEntity
  8
Make2D___U+9359_U+7EFE__U+93C5_U+20AC_U+6C31_U+568E
 62
     7
370
     0
100
AcDbVertex
100
AcDb2dVertex
 10
23.08209124422869
 20
-15.86356959528666
 30
0.0
  0
SEQEND
  5
27B
330
278
100
AcDbEntity
  8
Make2D___U+9359_U+7EFE__U+93C5_U+20AC_U+6C31_U+568E
 62
     7
370
     0
  0
POLYLINE
  5
27C
330
234
100
AcDbEntity
  8
Make2D___U+9359_U+7EFE__U+93C5_U+20AC_U+6C31_U+568E
 62
     7
370
     0
100
AcDb2dPolyline
 66
     1
 10
0.0
 20
0.0
 30
0.0
  0
VERTEX
  5
27D
330
27C
100
AcDbEntity
  8
Make2D___U+9359_U+7EFE__U+93C5_U+20AC_U+6C31_U+568E
 62
     7
370
     0
100
AcDbVertex
100
AcDb2dVertex
 10
-23.08209124422987
 20
-15.86356959528666
 30
0.0
  0
VERTEX
  5
27E
330
27C
100
AcDbEntity
  8
Make2D___U+9359_U+7EFE__U+93C5_U+20AC_U+6C31_U+568E
 62
     7
370
     0
100
AcDbVertex
100
AcDb2dVertex
 10
23.08209124422869
 20
-15.86356959528666
 30
0.0
  0
SEQEND
  5
27F
330
27C
100
AcDbEntity
  8
Make2D___U+9359_U+7EFE__U+93C5_U+20AC_U+6C31_U+568E
 62
     7
370
     0
  0
POLYLINE
  5
280
330
234
100
AcDbEntity
  8
Make2D___U+9359_U+7EFE__U+93C5_U+20AC_U+6C31_U+568E
 62
     7
370
     0
100
AcDb2dPolyline
 66
     1
 10
0.0
 20
0.0
 30
0.0
  0
VERTEX
  5
281
330
280
100
AcDbEntity
  8
Make2D___U+9359_U+7EFE__U+93C5_U+20AC_U+6C31_U+568E
 62
     7
370
     0
100
AcDbVertex
100
AcDb2dVertex
 10
-30.31696374242196
 20
-7.995955073783535
 30
0.0
  0
VERTEX
  5
282
330
280
100
AcDbEntity
  8
Make2D___U+9359_U+7EFE__U+93C5_U+20AC_U+6C31_U+568E
 62
     7
370
     0
100
AcDbVertex
100
AcDb2dVertex
 10
-30.31696374242196
 20
-12.26103829830526
 30
0.0
  0
SEQEND
  5
283
330
280
100
AcDbEntity
  8
Make2D___U+9359_U+7EFE__U+93C5_U+20AC_U+6C31_U+568E
 62
     7
370
     0
  0
POLYLINE
  5
284
330
234
100
AcDbEntity
  8
Make2D___U+9359_U+7EFE__U+93C5_U+20AC_U+6C31_U+568E
 62
     7
370
     0
100
AcDb2dPolyline
 66
     1
 10
0.0
 20
0.0
 30
0.0
  0
VERTEX
  5
285
330
284
100
AcDbEntity
  8
Make2D___U+9359_U+7EFE__U+93C5_U+20AC_U+6C31_U+568E
 62
     7
370
     0
100
AcDbVertex
100
AcDb2dVertex
 10
30.31696374241987
 20
-7.995955073783535
 30
0.0
  0
VERTEX
  5
286
330
284
100
AcDbEntity
  8
Make2D___U+9359_U+7EFE__U+93C5_U+20AC_U+6C31_U+568E
 62
     7
370
     0
100
AcDbVertex
100
AcDb2dVertex
 10
-30.31696374242196
 20
-7.995955073783535
 30
0.0
  0
SEQEND
  5
287
330
284
100
AcDbEntity
  8
Make2D___U+9359_U+7EFE__U+93C5_U+20AC_U+6C31_U+568E
 62
     7
370
     0
  0
POLYLINE
  5
288
330
234
100
AcDbEntity
  8
Make2D___U+9359_U+7EFE__U+93C5_U+20AC_U+6C31_U+568E
 62
     7
370
     0
100
AcDb2dPolyline
 66
     1
 10
0.0
 20
0.0
 30
0.0
  0
VERTEX
  5
289
330
288
100
AcDbEntity
  8
Make2D___U+9359_U+7EFE__U+93C5_U+20AC_U+6C31_U+568E
 62
     7
370
     0
100
AcDbVertex
100
AcDb2dVertex
 10
73.0000056761933
 20
13.40742493572588
 30
0.0
  0
VERTEX
  5
28A
330
288
100
AcDbEntity
  8
Make2D___U+9359_U+7EFE__U+93C5_U+20AC_U+6C31_U+568E
 62
     7
370
     0
100
AcDbVertex
100
AcDb2dVertex
 10
72.50001373187402
 20
13.93175853345974
 30
0.0
  0
SEQEND
  5
28B
330
288
100
AcDbEntity
  8
Make2D___U+9359_U+7EFE__U+93C5_U+20AC_U+6C31_U+568E
 62
     7
370
     0
  0
POLYLINE
  5
28C
330
234
100
AcDbEntity
  8
Make2D___U+9359_U+7EFE__U+93C5_U+20AC_U+6C31_U+568E
 62
     7
370
     0
100
AcDb2dPolyline
 66
     1
 10
0.0
 20
0.0
 30
0.0
  0
VERTEX
  5
28D
330
28C
100
AcDbEntity
  8
Make2D___U+9359_U+7EFE__U+93C5_U+20AC_U+6C31_U+568E
 62
     7
370
     0
100
AcDbVertex
100
AcDb2dVertex
 10
73.0000056761933
 20
9.443402259079904
 30
0.0
  0
VERTEX
  5
28E
330
28C
100
AcDbEntity
  8
Make2D___U+9359_U+7EFE__U+93C5_U+20AC_U+6C31_U+568E
 62
     7
370
     0
100
AcDbVertex
100
AcDb2dVertex
 10
73.0000056761933
 20
13.40742493572588
 30
0.0
  0
SEQEND
  5
28F
330
28C
100
AcDbEntity
  8
Make2D___U+9359_U+7EFE__U+93C5_U+20AC_U+6C31_U+568E
 62
     7
370
     0
  0
POLYLINE
  5
290
330
234
100
AcDbEntity
  8
Make2D___U+9359_U+7EFE__U+93C5_U+20AC_U+6C31_U+568E
 62
     7
370
     0
100
AcDb2dPolyline
 66
     1
 10
0.0
 20
0.0
 30
0.0
  0
VERTEX
  5
291
330
290
100
AcDbEntity
  8
Make2D___U+9359_U+7EFE__U+93C5_U+20AC_U+6C31_U+568E
 62
     7
370
     0
100
AcDbVertex
100
AcDb2dVertex
 10
73.0000056761933
 20
-9.443402259078991
 30
0.0
  0
VERTEX
  5
292
330
290
100
AcDbEntity
  8
Make2D___U+9359_U+7EFE__U+93C5_U+20AC_U+6C31_U+568E
 62
     7
370
     0
100
AcDbVertex
100
AcDb2dVertex
 10
73.0000056761933
 20
9.443402259079904
 30
0.0
  0
SEQEND
  5
293
330
290
100
AcDbEntity
  8
Make2D___U+9359_U+7EFE__U+93C5_U+20AC_U+6C31_U+568E
 62
     7
370
     0
  0
POLYLINE
  5
294
330
234
100
AcDbEntity
  8
Make2D___U+9359_U+7EFE__U+93C5_U+20AC_U+6C31_U+568E
 62
     7
370
     0
100
AcDb2dPolyline
 66
     1
 10
0.0
 20
0.0
 30
0.0
  0
VERTEX
  5
295
330
294
100
AcDbEntity
  8
Make2D___U+9359_U+7EFE__U+93C5_U+20AC_U+6C31_U+568E
 62
     7
370
     0
100
AcDbVertex
100
AcDb2dVertex
 10
73.0000056761933
 20
-13.40742493572497
 30
0.0
  0
VERTEX
  5
296
330
294
100
AcDbEntity
  8
Make2D___U+9359_U+7EFE__U+93C5_U+20AC_U+6C31_U+568E
 62
     7
370
     0
100
AcDbVertex
100
AcDb2dVertex
 10
73.0000056761933
 20
-9.443402259078991
 30
0.0
  0
SEQEND
  5
297
330
294
100
AcDbEntity
  8
Make2D___U+9359_U+7EFE__U+93C5_U+20AC_U+6C31_U+568E
 62
     7
370
     0
  0
POLYLINE
  5
298
330
234
100
AcDbEntity
  8
Make2D___U+9359_U+7EFE__U+93C5_U+20AC_U+6C31_U+568E
 62
     7
370
     0
100
AcDb2dPolyline
 66
     1
 10
0.0
 20
0.0
 30
0.0
  0
VERTEX
  5
299
330
298
100
AcDbEntity
  8
Make2D___U+9359_U+7EFE__U+93C5_U+20AC_U+6C31_U+568E
 62
     7
370
     0
100
AcDbVertex
100
AcDb2dVertex
 10
73.0000056761933
 20
-13.40742493572497
 30
0.0
  0
VERTEX
  5
29A
330
298
100
AcDbEntity
  8
Make2D___U+9359_U+7EFE__U+93C5_U+20AC_U+6C31_U+568E
 62
     7
370
     0
100
AcDbVertex
100
AcDb2dVertex
 10
72.50001373187402
 20
-13.93175853345883
 30
0.0
  0
SEQEND
  5
29B
330
298
100
AcDbEntity
  8
Make2D___U+9359_U+7EFE__U+93C5_U+20AC_U+6C31_U+568E
 62
     7
370
     0
  0
POLYLINE
  5
29C
330
234
100
AcDbEntity
  8
Make2D___U+9359_U+7EFE__U+93C5_U+20AC_U+6C31_U+568E
 62
     7
370
     0
100
AcDb2dPolyline
 66
     1
 10
0.0
 20
0.0
 30
0.0
  0
VERTEX
  5
29D
330
29C
100
AcDbEntity
  8
Make2D___U+9359_U+7EFE__U+93C5_U+20AC_U+6C31_U+568E
 62
     7
370
     0
100
AcDbVertex
100
AcDb2dVertex
 10
72.50001373187402
 20
13.93175853345974
 30
0.0
  0
VERTEX
  5
29E
330
29C
100
AcDbEntity
  8
Make2D___U+9359_U+7EFE__U+93C5_U+20AC_U+6C31_U+568E
 62
     7
370
     0
100
AcDbVertex
100
AcDb2dVertex
 10
68.81574373279514
 20
13.93175853345974
 30
0.0
  0
SEQEND
  5
29F
330
29C
100
AcDbEntity
  8
Make2D___U+9359_U+7EFE__U+93C5_U+20AC_U+6C31_U+568E
 62
     7
370
     0
  0
POLYLINE
  5
2A0
330
234
100
AcDbEntity
  8
Make2D___U+9359_U+7EFE__U+93C5_U+20AC_U+6C31_U+568E
 62
     7
370
     0
100
AcDb2dPolyline
 66
     1
 10
0.0
 20
0.0
 30
0.0
  0
VERTEX
  5
2A1
330
2A0
100
AcDbEntity
  8
Make2D___U+9359_U+7EFE__U+93C5_U+20AC_U+6C31_U+568E
 62
     7
370
     0
100
AcDbVertex
100
AcDb2dVertex
 10
72.50001373187402
 20
-13.93175853345883
 30
0.0
  0
VERTEX
  5
2A2
330
2A0
100
AcDbEntity
  8
Make2D___U+9359_U+7EFE__U+93C5_U+20AC_U+6C31_U+568E
 62
     7
370
     0
100
AcDbVertex
100
AcDb2dVertex
 10
68.81574373279514
 20
-13.93175853345883
 30
0.0
  0
SEQEND
  5
2A3
330
2A0
100
AcDbEntity
  8
Make2D___U+9359_U+7EFE__U+93C5_U+20AC_U+6C31_U+568E
 62
     7
370
     0
  0
POLYLINE
  5
2A4
330
234
100
AcDbEntity
  8
Make2D___U+9359_U+7EFE__U+93C5_U+20AC_U+6C31_U+568E
 62
     7
370
     0
100
AcDb2dPolyline
 66
     1
 10
0.0
 20
0.0
 30
0.0
  0
VERTEX
  5
2A5
330
2A4
100
AcDbEntity
  8
Make2D___U+9359_U+7EFE__U+93C5_U+20AC_U+6C31_U+568E
 62
     7
370
     0
100
AcDbVertex
100
AcDb2dVertex
 10
68.81574373279514
 20
-15.39441044058867
 30
0.0
  0
VERTEX
  5
2A6
330
2A4
100
AcDbEntity
  8
Make2D___U+9359_U+7EFE__U+93C5_U+20AC_U+6C31_U+568E
 62
     7
370
     0
100
AcDbVertex
100
AcDb2dVertex
 10
68.81574373279514
 20
-10.7697055585736
 30
0.0
  0
SEQEND
  5
2A7
330
2A4
100
AcDbEntity
  8
Make2D___U+9359_U+7EFE__U+93C5_U+20AC_U+6C31_U+568E
 62
     7
370
     0
  0
POLYLINE
  5
2A8
330
234
100
AcDbEntity
  8
Make2D___U+9359_U+7EFE__U+93C5_U+20AC_U+6C31_U+568E
 62
     7
370
     0
100
AcDb2dPolyline
 66
     1
 10
0.0
 20
0.0
 30
0.0
  0
VERTEX
  5
2A9
330
2A8
100
AcDbEntity
  8
Make2D___U+9359_U+7EFE__U+93C5_U+20AC_U+6C31_U+568E
 62
     7
370
     0
100
AcDbVertex
100
AcDb2dVertex
 10
66.02625928904811
 20
-15.39441044058867
 30
0.0
  0
VERTEX
  5
2AA
330
2A8
100
AcDbEntity
  8
Make2D___U+9359_U+7EFE__U+93C5_U+20AC_U+6C31_U+568E
 62
     7
370
     0
100
AcDbVertex
100
AcDb2dVertex
 10
66.02625928904811
 20
-10.7697055585736
 30
0.0
  0
SEQEND
  5
2AB
330
2A8
100
AcDbEntity
  8
Make2D___U+9359_U+7EFE__U+93C5_U+20AC_U+6C31_U+568E
 62
     7
370
     0
  0
POLYLINE
  5
2AC
330
234
100
AcDbEntity
  8
Make2D___U+9359_U+7EFE__U+93C5_U+20AC_U+6C31_U+568E
 62
     7
370
     0
100
AcDb2dPolyline
 66
     1
 10
0.0
 20
0.0
 30
0.0
  0
VERTEX
  5
2AD
330
2AC
100
AcDbEntity
  8
Make2D___U+9359_U+7EFE__U+93C5_U+20AC_U+6C31_U+568E
 62
     7
370
     0
100
AcDbVertex
100
AcDb2dVertex
 10
68.81574373279514
 20
-15.39441044058867
 30
0.0
  0
VERTEX
  5
2AE
330
2AC
100
AcDbEntity
  8
Make2D___U+9359_U+7EFE__U+93C5_U+20AC_U+6C31_U+568E
 62
     7
370
     0
100
AcDbVertex
100
AcDb2dVertex
 10
66.02625928904811
 20
-15.39441044058867
 30
0.0
  0
SEQEND
  5
2AF
330
2AC
100
AcDbEntity
  8
Make2D___U+9359_U+7EFE__U+93C5_U+20AC_U+6C31_U+568E
 62
     7
370
     0
  0
POLYLINE
  5
2B0
330
234
100
AcDbEntity
  8
Make2D___U+9359_U+7EFE__U+93C5_U+20AC_U+6C31_U+568E
 62
     7
370
     0
100
AcDb2dPolyline
 66
     1
 10
0.0
 20
0.0
 30
0.0
  0
VERTEX
  5
2B1
330
2B0
100
AcDbEntity
  8
Make2D___U+9359_U+7EFE__U+93C5_U+20AC_U+6C31_U+568E
 62
     7
370
     0
100
AcDbVertex
100
AcDb2dVertex
 10
68.81574373279514
 20
10.76970555857633
 30
0.0
  0
VERTEX
  5
2B2
330
2B0
100
AcDbEntity
  8
Make2D___U+9359_U+7EFE__U+93C5_U+20AC_U+6C31_U+568E
 62
     7
370
     0
100
AcDbVertex
100
AcDb2dVertex
 10
68.81574373279514
 20
15.39441044058958
 30
0.0
  0
SEQEND
  5
2B3
330
2B0
100
AcDbEntity
  8
Make2D___U+9359_U+7EFE__U+93C5_U+20AC_U+6C31_U+568E
 62
     7
370
     0
  0
POLYLINE
  5
2B4
330
234
100
AcDbEntity
  8
Make2D___U+9359_U+7EFE__U+93C5_U+20AC_U+6C31_U+568E
 62
     7
370
     0
100
AcDb2dPolyline
 66
     1
 10
0.0
 20
0.0
 30
0.0
  0
VERTEX
  5
2B5
330
2B4
100
AcDbEntity
  8
Make2D___U+9359_U+7EFE__U+93C5_U+20AC_U+6C31_U+568E
 62
     7
370
     0
100
AcDbVertex
100
AcDb2dVertex
 10
66.02625928904811
 20
10.76970555857633
 30
0.0
  0
VERTEX
  5
2B6
330
2B4
100
AcDbEntity
  8
Make2D___U+9359_U+7EFE__U+93C5_U+20AC_U+6C31_U+568E
 62
     7
370
     0
100
AcDbVertex
100
AcDb2dVertex
 10
66.02625928904811
 20
15.39441044058958
 30
0.0
  0
SEQEND
  5
2B7
330
2B4
100
AcDbEntity
  8
Make2D___U+9359_U+7EFE__U+93C5_U+20AC_U+6C31_U+568E
 62
     7
370
     0
  0
POLYLINE
  5
2B8
330
234
100
AcDbEntity
  8
Make2D___U+9359_U+7EFE__U+93C5_U+20AC_U+6C31_U+568E
 62
     7
370
     0
100
AcDb2dPolyline
 66
     1
 10
0.0
 20
0.0
 30
0.0
  0
VERTEX
  5
2B9
330
2B8
100
AcDbEntity
  8
Make2D___U+9359_U+7EFE__U+93C5_U+20AC_U+6C31_U+568E
 62
     7
370
     0
100
AcDbVertex
100
AcDb2dVertex
 10
68.81574373279514
 20
15.39441044058958
 30
0.0
  0
VERTEX
  5
2BA
330
2B8
100
AcDbEntity
  8
Make2D___U+9359_U+7EFE__U+93C5_U+20AC_U+6C31_U+568E
 62
     7
370
     0
100
AcDbVertex
100
AcDb2dVertex
 10
66.02625928904811
 20
15.39441044058958
 30
0.0
  0
SEQEND
  5
2BB
330
2B8
100
AcDbEntity
  8
Make2D___U+9359_U+7EFE__U+93C5_U+20AC_U+6C31_U+568E
 62
     7
370
     0
  0
POLYLINE
  5
2BC
330
234
100
AcDbEntity
  8
Make2D___U+9359_U+7EFE__U+93C5_U+20AC_U+6C31_U+568E
 62
     7
370
     0
100
AcDb2dPolyline
 66
     1
 10
0.0
 20
0.0
 30
0.0
  0
VERTEX
  5
2BD
330
2BC
100
AcDbEntity
  8
Make2D___U+9359_U+7EFE__U+93C5_U+20AC_U+6C31_U+568E
 62
     7
370
     0
100
AcDbVertex
100
AcDb2dVertex
 10
52.07876651475684
 20
-13.93175853345883
 30
0.0
  0
VERTEX
  5
2BE
330
2BC
100
AcDbEntity
  8
Make2D___U+9359_U+7EFE__U+93C5_U+20AC_U+6C31_U+568E
 62
     7
370
     0
100
AcDbVertex
100
AcDb2dVertex
 10
49.28924679323214
 20
-13.93175853345883
 30
0.0
  0
SEQEND
  5
2BF
330
2BC
100
AcDbEntity
  8
Make2D___U+9359_U+7EFE__U+93C5_U+20AC_U+6C31_U+568E
 62
     7
370
     0
  0
POLYLINE
  5
2C0
330
234
100
AcDbEntity
  8
Make2D___U+9359_U+7EFE__U+93C5_U+20AC_U+6C31_U+568E
 62
     7
370
     0
100
AcDb2dPolyline
 66
     1
 10
0.0
 20
0.0
 30
0.0
  0
VERTEX
  5
2C1
330
2C0
100
AcDbEntity
  8
Make2D___U+9359_U+7EFE__U+93C5_U+20AC_U+6C31_U+568E
 62
     7
370
     0
100
AcDbVertex
100
AcDb2dVertex
 10
49.28924679323214
 20
13.93175853345974
 30
0.0
  0
VERTEX
  5
2C2
330
2C0
100
AcDbEntity
  8
Make2D___U+9359_U+7EFE__U+93C5_U+20AC_U+6C31_U+568E
 62
     7
370
     0
100
AcDbVertex
100
AcDb2dVertex
 10
52.07876651475684
 20
13.93175853345974
 30
0.0
  0
SEQEND
  5
2C3
330
2C0
100
AcDbEntity
  8
Make2D___U+9359_U+7EFE__U+93C5_U+20AC_U+6C31_U+568E
 62
     7
370
     0
  0
POLYLINE
  5
2C4
330
234
100
AcDbEntity
  8
Make2D___U+9359_U+7EFE__U+93C5_U+20AC_U+6C31_U+568E
 62
     7
370
     0
100
AcDb2dPolyline
 66
     1
 10
0.0
 20
0.0
 30
0.0
  0
VERTEX
  5
2C5
330
2C4
100
AcDbEntity
  8
Make2D___U+9359_U+7EFE__U+93C5_U+20AC_U+6C31_U+568E
 62
     7
370
     0
100
AcDbVertex
100
AcDb2dVertex
 10
52.07876651475684
 20
15.39441044058958
 30
0.0
  0
VERTEX
  5
2C6
330
2C4
100
AcDbEntity
  8
Make2D___U+9359_U+7EFE__U+93C5_U+20AC_U+6C31_U+568E
 62
     7
370
     0
100
AcDbVertex
100
AcDb2dVertex
 10
52.07876651475684
 20
10.76970555857633
 30
0.0
  0
SEQEND
  5
2C7
330
2C4
100
AcDbEntity
  8
Make2D___U+9359_U+7EFE__U+93C5_U+20AC_U+6C31_U+568E
 62
     7
370
     0
  0
POLYLINE
  5
2C8
330
234
100
AcDbEntity
  8
Make2D___U+9359_U+7EFE__U+93C5_U+20AC_U+6C31_U+568E
 62
     7
370
     0
100
AcDb2dPolyline
 66
     1
 10
0.0
 20
0.0
 30
0.0
  0
VERTEX
  5
2C9
330
2C8
100
AcDbEntity
  8
Make2D___U+9359_U+7EFE__U+93C5_U+20AC_U+6C31_U+568E
 62
     7
370
     0
100
AcDbVertex
100
AcDb2dVertex
 10
54.86825095850421
 20
10.76970555857633
 30
0.0
  0
VERTEX
  5
2CA
330
2C8
100
AcDbEntity
  8
Make2D___U+9359_U+7EFE__U+93C5_U+20AC_U+6C31_U+568E
 62
     7
370
     0
100
AcDbVertex
100
AcDb2dVertex
 10
54.86825095850421
 20
15.39441044058958
 30
0.0
  0
SEQEND
  5
2CB
330
2C8
100
AcDbEntity
  8
Make2D___U+9359_U+7EFE__U+93C5_U+20AC_U+6C31_U+568E
 62
     7
370
     0
  0
POLYLINE
  5
2CC
330
234
100
AcDbEntity
  8
Make2D___U+9359_U+7EFE__U+93C5_U+20AC_U+6C31_U+568E
 62
     7
370
     0
100
AcDb2dPolyline
 66
     1
 10
0.0
 20
0.0
 30
0.0
  0
VERTEX
  5
2CD
330
2CC
100
AcDbEntity
  8
Make2D___U+9359_U+7EFE__U+93C5_U+20AC_U+6C31_U+568E
 62
     7
370
     0
100
AcDbVertex
100
AcDb2dVertex
 10
52.07876651475684
 20
15.39441044058958
 30
0.0
  0
VERTEX
  5
2CE
330
2CC
100
AcDbEntity
  8
Make2D___U+9359_U+7EFE__U+93C5_U+20AC_U+6C31_U+568E
 62
     7
370
     0
100
AcDbVertex
100
AcDb2dVertex
 10
54.86825095850421
 20
15.39441044058958
 30
0.0
  0
SEQEND
  5
2CF
330
2CC
100
AcDbEntity
  8
Make2D___U+9359_U+7EFE__U+93C5_U+20AC_U+6C31_U+568E
 62
     7
370
     0
  0
POLYLINE
  5
2D0
330
234
100
AcDbEntity
  8
Make2D___U+9359_U+7EFE__U+93C5_U+20AC_U+6C31_U+568E
 62
     7
370
     0
100
AcDb2dPolyline
 66
     1
 10
0.0
 20
0.0
 30
0.0
  0
VERTEX
  5
2D1
330
2D0
100
AcDbEntity
  8
Make2D___U+9359_U+7EFE__U+93C5_U+20AC_U+6C31_U+568E
 62
     7
370
     0
100
AcDbVertex
100
AcDb2dVertex
 10
52.07876651475684
 20
-15.39441044058867
 30
0.0
  0
VERTEX
  5
2D2
330
2D0
100
AcDbEntity
  8
Make2D___U+9359_U+7EFE__U+93C5_U+20AC_U+6C31_U+568E
 62
     7
370
     0
100
AcDbVertex
100
AcDb2dVertex
 10
54.86825095850421
 20
-15.39441044058867
 30
0.0
  0
SEQEND
  5
2D3
330
2D0
100
AcDbEntity
  8
Make2D___U+9359_U+7EFE__U+93C5_U+20AC_U+6C31_U+568E
 62
     7
370
     0
  0
POLYLINE
  5
2D4
330
234
100
AcDbEntity
  8
Make2D___U+9359_U+7EFE__U+93C5_U+20AC_U+6C31_U+568E
 62
     7
370
     0
100
AcDb2dPolyline
 66
     1
 10
0.0
 20
0.0
 30
0.0
  0
VERTEX
  5
2D5
330
2D4
100
AcDbEntity
  8
Make2D___U+9359_U+7EFE__U+93C5_U+20AC_U+6C31_U+568E
 62
     7
370
     0
100
AcDbVertex
100
AcDb2dVertex
 10
52.07876651475684
 20
-10.7697055585736
 30
0.0
  0
VERTEX
  5
2D6
330
2D4
100
AcDbEntity
  8
Make2D___U+9359_U+7EFE__U+93C5_U+20AC_U+6C31_U+568E
 62
     7
370
     0
100
AcDbVertex
100
AcDb2dVertex
 10
52.07876651475684
 20
-15.39441044058867
 30
0.0
  0
SEQEND
  5
2D7
330
2D4
100
AcDbEntity
  8
Make2D___U+9359_U+7EFE__U+93C5_U+20AC_U+6C31_U+568E
 62
     7
370
     0
  0
POLYLINE
  5
2D8
330
234
100
AcDbEntity
  8
Make2D___U+9359_U+7EFE__U+93C5_U+20AC_U+6C31_U+568E
 62
     7
370
     0
100
AcDb2dPolyline
 66
     1
 10
0.0
 20
0.0
 30
0.0
  0
VERTEX
  5
2D9
330
2D8
100
AcDbEntity
  8
Make2D___U+9359_U+7EFE__U+93C5_U+20AC_U+6C31_U+568E
 62
     7
370
     0
100
AcDbVertex
100
AcDb2dVertex
 10
54.86825095850421
 20
-15.39441044058867
 30
0.0
  0
VERTEX
  5
2DA
330
2D8
100
AcDbEntity
  8
Make2D___U+9359_U+7EFE__U+93C5_U+20AC_U+6C31_U+568E
 62
     7
370
     0
100
AcDbVertex
100
AcDb2dVertex
 10
54.86825095850421
 20
-10.7697055585736
 30
0.0
  0
SEQEND
  5
2DB
330
2D8
100
AcDbEntity
  8
Make2D___U+9359_U+7EFE__U+93C5_U+20AC_U+6C31_U+568E
 62
     7
370
     0
  0
POLYLINE
  5
2DC
330
234
100
AcDbEntity
  8
Make2D___U+9359_U+7EFE__U+93C5_U+20AC_U+6C31_U+568E
 62
     7
370
     0
100
AcDb2dPolyline
 66
     1
 10
0.0
 20
0.0
 30
0.0
  0
VERTEX
  5
2DD
330
2DC
100
AcDbEntity
  8
Make2D___U+9359_U+7EFE__U+93C5_U+20AC_U+6C31_U+568E
 62
     7
370
     0
100
AcDbVertex
100
AcDb2dVertex
 10
54.86825095850421
 20
13.93175853345974
 30
0.0
  0
VERTEX
  5
2DE
330
2DC
100
AcDbEntity
  8
Make2D___U+9359_U+7EFE__U+93C5_U+20AC_U+6C31_U+568E
 62
     7
370
     0
100
AcDbVertex
100
AcDb2dVertex
 10
59.05251290190305
 20
13.93175853345974
 30
0.0
  0
SEQEND
  5
2DF
330
2DC
100
AcDbEntity
  8
Make2D___U+9359_U+7EFE__U+93C5_U+20AC_U+6C31_U+568E
 62
     7
370
     0
  0
POLYLINE
  5
2E0
330
234
100
AcDbEntity
  8
Make2D___U+9359_U+7EFE__U+93C5_U+20AC_U+6C31_U+568E
 62
     7
370
     0
100
AcDb2dPolyline
 66
     1
 10
0.0
 20
0.0
 30
0.0
  0
VERTEX
  5
2E1
330
2E0
100
AcDbEntity
  8
Make2D___U+9359_U+7EFE__U+93C5_U+20AC_U+6C31_U+568E
 62
     7
370
     0
100
AcDbVertex
100
AcDb2dVertex
 10
54.86825095850421
 20
-13.93175853345883
 30
0.0
  0
VERTEX
  5
2E2
330
2E0
100
AcDbEntity
  8
Make2D___U+9359_U+7EFE__U+93C5_U+20AC_U+6C31_U+568E
 62
     7
370
     0
100
AcDbVertex
100
AcDb2dVertex
 10
59.05251290190305
 20
-13.93175853345883
 30
0.0
  0
SEQEND
  5
2E3
330
2E0
100
AcDbEntity
  8
Make2D___U+9359_U+7EFE__U+93C5_U+20AC_U+6C31_U+568E
 62
     7
370
     0
  0
POLYLINE
  5
2E4
330
234
100
AcDbEntity
  8
Make2D___U+9359_U+7EFE__U+93C5_U+20AC_U+6C31_U+568E
 62
     7
370
     0
100
AcDb2dPolyline
 66
     1
 10
0.0
 20
0.0
 30
0.0
  0
VERTEX
  5
2E5
330
2E4
100
AcDbEntity
  8
Make2D___U+9359_U+7EFE__U+93C5_U+20AC_U+6C31_U+568E
 62
     7
370
     0
100
AcDbVertex
100
AcDb2dVertex
 10
59.05251290190305
 20
15.39441044058958
 30
0.0
  0
VERTEX
  5
2E6
330
2E4
100
AcDbEntity
  8
Make2D___U+9359_U+7EFE__U+93C5_U+20AC_U+6C31_U+568E
 62
     7
370
     0
100
AcDbVertex
100
AcDb2dVertex
 10
59.05251290190305
 20
10.76970555857633
 30
0.0
  0
SEQEND
  5
2E7
330
2E4
100
AcDbEntity
  8
Make2D___U+9359_U+7EFE__U+93C5_U+20AC_U+6C31_U+568E
 62
     7
370
     0
  0
POLYLINE
  5
2E8
330
234
100
AcDbEntity
  8
Make2D___U+9359_U+7EFE__U+93C5_U+20AC_U+6C31_U+568E
 62
     7
370
     0
100
AcDb2dPolyline
 66
     1
 10
0.0
 20
0.0
 30
0.0
  0
VERTEX
  5
2E9
330
2E8
100
AcDbEntity
  8
Make2D___U+9359_U+7EFE__U+93C5_U+20AC_U+6C31_U+568E
 62
     7
370
     0
100
AcDbVertex
100
AcDb2dVertex
 10
61.84199734564985
 20
10.76970555857633
 30
0.0
  0
VERTEX
  5
2EA
330
2E8
100
AcDbEntity
  8
Make2D___U+9359_U+7EFE__U+93C5_U+20AC_U+6C31_U+568E
 62
     7
370
     0
100
AcDbVertex
100
AcDb2dVertex
 10
61.84199734564985
 20
15.39441044058958
 30
0.0
  0
SEQEND
  5
2EB
330
2E8
100
AcDbEntity
  8
Make2D___U+9359_U+7EFE__U+93C5_U+20AC_U+6C31_U+568E
 62
     7
370
     0
  0
POLYLINE
  5
2EC
330
234
100
AcDbEntity
  8
Make2D___U+9359_U+7EFE__U+93C5_U+20AC_U+6C31_U+568E
 62
     7
370
     0
100
AcDb2dPolyline
 66
     1
 10
0.0
 20
0.0
 30
0.0
  0
VERTEX
  5
2ED
330
2EC
100
AcDbEntity
  8
Make2D___U+9359_U+7EFE__U+93C5_U+20AC_U+6C31_U+568E
 62
     7
370
     0
100
AcDbVertex
100
AcDb2dVertex
 10
59.05251290190305
 20
15.39441044058958
 30
0.0
  0
VERTEX
  5
2EE
330
2EC
100
AcDbEntity
  8
Make2D___U+9359_U+7EFE__U+93C5_U+20AC_U+6C31_U+568E
 62
     7
370
     0
100
AcDbVertex
100
AcDb2dVertex
 10
61.84199734564985
 20
15.39441044058958
 30
0.0
  0
SEQEND
  5
2EF
330
2EC
100
AcDbEntity
  8
Make2D___U+9359_U+7EFE__U+93C5_U+20AC_U+6C31_U+568E
 62
     7
370
     0
  0
POLYLINE
  5
2F0
330
234
100
AcDbEntity
  8
Make2D___U+9359_U+7EFE__U+93C5_U+20AC_U+6C31_U+568E
 62
     7
370
     0
100
AcDb2dPolyline
 66
     1
 10
0.0
 20
0.0
 30
0.0
  0
VERTEX
  5
2F1
330
2F0
100
AcDbEntity
  8
Make2D___U+9359_U+7EFE__U+93C5_U+20AC_U+6C31_U+568E
 62
     7
370
     0
100
AcDbVertex
100
AcDb2dVertex
 10
59.05251290190305
 20
-15.39441044058867
 30
0.0
  0
VERTEX
  5
2F2
330
2F0
100
AcDbEntity
  8
Make2D___U+9359_U+7EFE__U+93C5_U+20AC_U+6C31_U+568E
 62
     7
370
     0
100
AcDbVertex
100
AcDb2dVertex
 10
61.84199734564985
 20
-15.39441044058867
 30
0.0
  0
SEQEND
  5
2F3
330
2F0
100
AcDbEntity
  8
Make2D___U+9359_U+7EFE__U+93C5_U+20AC_U+6C31_U+568E
 62
     7
370
     0
  0
POLYLINE
  5
2F4
330
234
100
AcDbEntity
  8
Make2D___U+9359_U+7EFE__U+93C5_U+20AC_U+6C31_U+568E
 62
     7
370
     0
100
AcDb2dPolyline
 66
     1
 10
0.0
 20
0.0
 30
0.0
  0
VERTEX
  5
2F5
330
2F4
100
AcDbEntity
  8
Make2D___U+9359_U+7EFE__U+93C5_U+20AC_U+6C31_U+568E
 62
     7
370
     0
100
AcDbVertex
100
AcDb2dVertex
 10
59.05251290190305
 20
-10.7697055585736
 30
0.0
  0
VERTEX
  5
2F6
330
2F4
100
AcDbEntity
  8
Make2D___U+9359_U+7EFE__U+93C5_U+20AC_U+6C31_U+568E
 62
     7
370
     0
100
AcDbVertex
100
AcDb2dVertex
 10
59.05251290190305
 20
-15.39441044058867
 30
0.0
  0
SEQEND
  5
2F7
330
2F4
100
AcDbEntity
  8
Make2D___U+9359_U+7EFE__U+93C5_U+20AC_U+6C31_U+568E
 62
     7
370
     0
  0
POLYLINE
  5
2F8
330
234
100
AcDbEntity
  8
Make2D___U+9359_U+7EFE__U+93C5_U+20AC_U+6C31_U+568E
 62
     7
370
     0
100
AcDb2dPolyline
 66
     1
 10
0.0
 20
0.0
 30
0.0
  0
VERTEX
  5
2F9
330
2F8
100
AcDbEntity
  8
Make2D___U+9359_U+7EFE__U+93C5_U+20AC_U+6C31_U+568E
 62
     7
370
     0
100
AcDbVertex
100
AcDb2dVertex
 10
61.84199734564985
 20
-15.39441044058867
 30
0.0
  0
VERTEX
  5
2FA
330
2F8
100
AcDbEntity
  8
Make2D___U+9359_U+7EFE__U+93C5_U+20AC_U+6C31_U+568E
 62
     7
370
     0
100
AcDbVertex
100
AcDb2dVertex
 10
61.84199734564985
 20
-10.7697055585736
 30
0.0
  0
SEQEND
  5
2FB
330
2F8
100
AcDbEntity
  8
Make2D___U+9359_U+7EFE__U+93C5_U+20AC_U+6C31_U+568E
 62
     7
370
     0
  0
POLYLINE
  5
2FC
330
234
100
AcDbEntity
  8
Make2D___U+9359_U+7EFE__U+93C5_U+20AC_U+6C31_U+568E
 62
     7
370
     0
100
AcDb2dPolyline
 66
     1
 10
0.0
 20
0.0
 30
0.0
  0
VERTEX
  5
2FD
330
2FC
100
AcDbEntity
  8
Make2D___U+9359_U+7EFE__U+93C5_U+20AC_U+6C31_U+568E
 62
     7
370
     0
100
AcDbVertex
100
AcDb2dVertex
 10
66.02625928904811
 20
-13.93175853345883
 30
0.0
  0
VERTEX
  5
2FE
330
2FC
100
AcDbEntity
  8
Make2D___U+9359_U+7EFE__U+93C5_U+20AC_U+6C31_U+568E
 62
     7
370
     0
100
AcDbVertex
100
AcDb2dVertex
 10
61.84199734564985
 20
-13.93175853345883
 30
0.0
  0
SEQEND
  5
2FF
330
2FC
100
AcDbEntity
  8
Make2D___U+9359_U+7EFE__U+93C5_U+20AC_U+6C31_U+568E
 62
     7
370
     0
  0
POLYLINE
  5
300
330
234
100
AcDbEntity
  8
Make2D___U+9359_U+7EFE__U+93C5_U+20AC_U+6C31_U+568E
 62
     7
370
     0
100
AcDb2dPolyline
 66
     1
 10
0.0
 20
0.0
 30
0.0
  0
VERTEX
  5
301
330
300
100
AcDbEntity
  8
Make2D___U+9359_U+7EFE__U+93C5_U+20AC_U+6C31_U+568E
 62
     7
370
     0
100
AcDbVertex
100
AcDb2dVertex
 10
66.02625928904811
 20
13.93175853345974
 30
0.0
  0
VERTEX
  5
302
330
300
100
AcDbEntity
  8
Make2D___U+9359_U+7EFE__U+93C5_U+20AC_U+6C31_U+568E
 62
     7
370
     0
100
AcDbVertex
100
AcDb2dVertex
 10
61.84199734564985
 20
13.93175853345974
 30
0.0
  0
SEQEND
  5
303
330
300
100
AcDbEntity
  8
Make2D___U+9359_U+7EFE__U+93C5_U+20AC_U+6C31_U+568E
 62
     7
370
     0
  0
POLYLINE
  5
304
330
234
100
AcDbEntity
  8
Make2D___U+9359_U+7EFE__U+93C5_U+20AC_U+6C31_U+568E
 62
     7
370
     0
100
AcDb2dPolyline
 66
     1
 10
0.0
 20
0.0
 30
0.0
  0
VERTEX
  5
305
330
304
100
AcDbEntity
  8
Make2D___U+9359_U+7EFE__U+93C5_U+20AC_U+6C31_U+568E
 62
     7
370
     0
100
AcDbVertex
100
AcDb2dVertex
 10
-73.00000567619584
 20
-9.443402259078991
 30
0.0
  0
VERTEX
  5
306
330
304
100
AcDbEntity
  8
Make2D___U+9359_U+7EFE__U+93C5_U+20AC_U+6C31_U+568E
 62
     7
370
     0
100
AcDbVertex
100
AcDb2dVertex
 10
-73.00000567619584
 20
-13.40742493572497
 30
0.0
  0
SEQEND
  5
307
330
304
100
AcDbEntity
  8
Make2D___U+9359_U+7EFE__U+93C5_U+20AC_U+6C31_U+568E
 62
     7
370
     0
  0
POLYLINE
  5
308
330
234
100
AcDbEntity
  8
Make2D___U+9359_U+7EFE__U+93C5_U+20AC_U+6C31_U+568E
 62
     7
370
     0
100
AcDb2dPolyline
 66
     1
 10
0.0
 20
0.0
 30
0.0
  0
VERTEX
  5
309
330
308
100
AcDbEntity
  8
Make2D___U+9359_U+7EFE__U+93C5_U+20AC_U+6C31_U+568E
 62
     7
370
     0
100
AcDbVertex
100
AcDb2dVertex
 10
-73.00000567619584
 20
-13.40742493572497
 30
0.0
  0
VERTEX
  5
30A
330
308
100
AcDbEntity
  8
Make2D___U+9359_U+7EFE__U+93C5_U+20AC_U+6C31_U+568E
 62
     7
370
     0
100
AcDbVertex
100
AcDb2dVertex
 10
-72.49997845409765
 20
-13.93175853345883
 30
0.0
  0
SEQEND
  5
30B
330
308
100
AcDbEntity
  8
Make2D___U+9359_U+7EFE__U+93C5_U+20AC_U+6C31_U+568E
 62
     7
370
     0
  0
POLYLINE
  5
30C
330
234
100
AcDbEntity
  8
Make2D___U+9359_U+7EFE__U+93C5_U+20AC_U+6C31_U+568E
 62
     7
370
     0
100
AcDb2dPolyline
 66
     1
 10
0.0
 20
0.0
 30
0.0
  0
VERTEX
  5
30D
330
30C
100
AcDbEntity
  8
Make2D___U+9359_U+7EFE__U+93C5_U+20AC_U+6C31_U+568E
 62
     7
370
     0
100
AcDbVertex
100
AcDb2dVertex
 10
-73.00000567619584
 20
9.443402259079904
 30
0.0
  0
VERTEX
  5
30E
330
30C
100
AcDbEntity
  8
Make2D___U+9359_U+7EFE__U+93C5_U+20AC_U+6C31_U+568E
 62
     7
370
     0
100
AcDbVertex
100
AcDb2dVertex
 10
-73.00000567619584
 20
-9.443402259078991
 30
0.0
  0
SEQEND
  5
30F
330
30C
100
AcDbEntity
  8
Make2D___U+9359_U+7EFE__U+93C5_U+20AC_U+6C31_U+568E
 62
     7
370
     0
  0
POLYLINE
  5
310
330
234
100
AcDbEntity
  8
Make2D___U+9359_U+7EFE__U+93C5_U+20AC_U+6C31_U+568E
 62
     7
370
     0
100
AcDb2dPolyline
 66
     1
 10
0.0
 20
0.0
 30
0.0
  0
VERTEX
  5
311
330
310
100
AcDbEntity
  8
Make2D___U+9359_U+7EFE__U+93C5_U+20AC_U+6C31_U+568E
 62
     7
370
     0
100
AcDbVertex
100
AcDb2dVertex
 10
-73.00000567619584
 20
13.40742493572588
 30
0.0
  0
VERTEX
  5
312
330
310
100
AcDbEntity
  8
Make2D___U+9359_U+7EFE__U+93C5_U+20AC_U+6C31_U+568E
 62
     7
370
     0
100
AcDbVertex
100
AcDb2dVertex
 10
-73.00000567619584
 20
9.443402259079904
 30
0.0
  0
SEQEND
  5
313
330
310
100
AcDbEntity
  8
Make2D___U+9359_U+7EFE__U+93C5_U+20AC_U+6C31_U+568E
 62
     7
370
     0
  0
POLYLINE
  5
314
330
234
100
AcDbEntity
  8
Make2D___U+9359_U+7EFE__U+93C5_U+20AC_U+6C31_U+568E
 62
     7
370
     0
100
AcDb2dPolyline
 66
     1
 10
0.0
 20
0.0
 30
0.0
  0
VERTEX
  5
315
330
314
100
AcDbEntity
  8
Make2D___U+9359_U+7EFE__U+93C5_U+20AC_U+6C31_U+568E
 62
     7
370
     0
100
AcDbVertex
100
AcDb2dVertex
 10
-72.49997845409765
 20
13.93175853345974
 30
0.0
  0
VERTEX
  5
316
330
314
100
AcDbEntity
  8
Make2D___U+9359_U+7EFE__U+93C5_U+20AC_U+6C31_U+568E
 62
     7
370
     0
100
AcDbVertex
100
AcDb2dVertex
 10
-73.00000567619584
 20
13.40742493572588
 30
0.0
  0
SEQEND
  5
317
330
314
100
AcDbEntity
  8
Make2D___U+9359_U+7EFE__U+93C5_U+20AC_U+6C31_U+568E
 62
     7
370
     0
  0
POLYLINE
  5
318
330
234
100
AcDbEntity
  8
Make2D___U+9359_U+7EFE__U+93C5_U+20AC_U+6C31_U+568E
 62
     7
370
     0
100
AcDb2dPolyline
 66
     1
 10
0.0
 20
0.0
 30
0.0
  0
VERTEX
  5
319
330
318
100
AcDbEntity
  8
Make2D___U+9359_U+7EFE__U+93C5_U+20AC_U+6C31_U+568E
 62
     7
370
     0
100
AcDbVertex
100
AcDb2dVertex
 10
-72.49997845409765
 20
-13.93175853345883
 30
0.0
  0
VERTEX
  5
31A
330
318
100
AcDbEntity
  8
Make2D___U+9359_U+7EFE__U+93C5_U+20AC_U+6C31_U+568E
 62
     7
370
     0
100
AcDbVertex
100
AcDb2dVertex
 10
-68.81574373279668
 20
-13.93175853345883
 30
0.0
  0
SEQEND
  5
31B
330
318
100
AcDbEntity
  8
Make2D___U+9359_U+7EFE__U+93C5_U+20AC_U+6C31_U+568E
 62
     7
370
     0
  0
POLYLINE
  5
31C
330
234
100
AcDbEntity
  8
Make2D___U+9359_U+7EFE__U+93C5_U+20AC_U+6C31_U+568E
 62
     7
370
     0
100
AcDb2dPolyline
 66
     1
 10
0.0
 20
0.0
 30
0.0
  0
VERTEX
  5
31D
330
31C
100
AcDbEntity
  8
Make2D___U+9359_U+7EFE__U+93C5_U+20AC_U+6C31_U+568E
 62
     7
370
     0
100
AcDbVertex
100
AcDb2dVertex
 10
-68.81574373279668
 20
13.93175853345974
 30
0.0
  0
VERTEX
  5
31E
330
31C
100
AcDbEntity
  8
Make2D___U+9359_U+7EFE__U+93C5_U+20AC_U+6C31_U+568E
 62
     7
370
     0
100
AcDbVertex
100
AcDb2dVertex
 10
-72.49997845409765
 20
13.93175853345974
 30
0.0
  0
SEQEND
  5
31F
330
31C
100
AcDbEntity
  8
Make2D___U+9359_U+7EFE__U+93C5_U+20AC_U+6C31_U+568E
 62
     7
370
     0
  0
POLYLINE
  5
320
330
234
100
AcDbEntity
  8
Make2D___U+9359_U+7EFE__U+93C5_U+20AC_U+6C31_U+568E
 62
     7
370
     0
100
AcDb2dPolyline
 66
     1
 10
0.0
 20
0.0
 30
0.0
  0
VERTEX
  5
321
330
320
100
AcDbEntity
  8
Make2D___U+9359_U+7EFE__U+93C5_U+20AC_U+6C31_U+568E
 62
     7
370
     0
100
AcDbVertex
100
AcDb2dVertex
 10
-66.02625928904989
 20
15.39441044058958
 30
0.0
  0
VERTEX
  5
322
330
320
100
AcDbEntity
  8
Make2D___U+9359_U+7EFE__U+93C5_U+20AC_U+6C31_U+568E
 62
     7
370
     0
100
AcDbVertex
100
AcDb2dVertex
 10
-66.02625928904989
 20
10.76970555857633
 30
0.0
  0
SEQEND
  5
323
330
320
100
AcDbEntity
  8
Make2D___U+9359_U+7EFE__U+93C5_U+20AC_U+6C31_U+568E
 62
     7
370
     0
  0
POLYLINE
  5
324
330
234
100
AcDbEntity
  8
Make2D___U+9359_U+7EFE__U+93C5_U+20AC_U+6C31_U+568E
 62
     7
370
     0
100
AcDb2dPolyline
 66
     1
 10
0.0
 20
0.0
 30
0.0
  0
VERTEX
  5
325
330
324
100
AcDbEntity
  8
Make2D___U+9359_U+7EFE__U+93C5_U+20AC_U+6C31_U+568E
 62
     7
370
     0
100
AcDbVertex
100
AcDb2dVertex
 10
-68.81574373279668
 20
15.39441044058958
 30
0.0
  0
VERTEX
  5
326
330
324
100
AcDbEntity
  8
Make2D___U+9359_U+7EFE__U+93C5_U+20AC_U+6C31_U+568E
 62
     7
370
     0
100
AcDbVertex
100
AcDb2dVertex
 10
-68.81574373279668
 20
10.76970555857633
 30
0.0
  0
SEQEND
  5
327
330
324
100
AcDbEntity
  8
Make2D___U+9359_U+7EFE__U+93C5_U+20AC_U+6C31_U+568E
 62
     7
370
     0
  0
POLYLINE
  5
328
330
234
100
AcDbEntity
  8
Make2D___U+9359_U+7EFE__U+93C5_U+20AC_U+6C31_U+568E
 62
     7
370
     0
100
AcDb2dPolyline
 66
     1
 10
0.0
 20
0.0
 30
0.0
  0
VERTEX
  5
329
330
328
100
AcDbEntity
  8
Make2D___U+9359_U+7EFE__U+93C5_U+20AC_U+6C31_U+568E
 62
     7
370
     0
100
AcDbVertex
100
AcDb2dVertex
 10
-68.81574373279668
 20
15.39441044058958
 30
0.0
  0
VERTEX
  5
32A
330
328
100
AcDbEntity
  8
Make2D___U+9359_U+7EFE__U+93C5_U+20AC_U+6C31_U+568E
 62
     7
370
     0
100
AcDbVertex
100
AcDb2dVertex
 10
-66.02625928904989
 20
15.39441044058958
 30
0.0
  0
SEQEND
  5
32B
330
328
100
AcDbEntity
  8
Make2D___U+9359_U+7EFE__U+93C5_U+20AC_U+6C31_U+568E
 62
     7
370
     0
  0
POLYLINE
  5
32C
330
234
100
AcDbEntity
  8
Make2D___U+9359_U+7EFE__U+93C5_U+20AC_U+6C31_U+568E
 62
     7
370
     0
100
AcDb2dPolyline
 66
     1
 10
0.0
 20
0.0
 30
0.0
  0
VERTEX
  5
32D
330
32C
100
AcDbEntity
  8
Make2D___U+9359_U+7EFE__U+93C5_U+20AC_U+6C31_U+568E
 62
     7
370
     0
100
AcDbVertex
100
AcDb2dVertex
 10
-66.02625928904989
 20
-10.7697055585736
 30
0.0
  0
VERTEX
  5
32E
330
32C
100
AcDbEntity
  8
Make2D___U+9359_U+7EFE__U+93C5_U+20AC_U+6C31_U+568E
 62
     7
370
     0
100
AcDbVertex
100
AcDb2dVertex
 10
-66.02625928904989
 20
-15.39441044058867
 30
0.0
  0
SEQEND
  5
32F
330
32C
100
AcDbEntity
  8
Make2D___U+9359_U+7EFE__U+93C5_U+20AC_U+6C31_U+568E
 62
     7
370
     0
  0
POLYLINE
  5
330
330
234
100
AcDbEntity
  8
Make2D___U+9359_U+7EFE__U+93C5_U+20AC_U+6C31_U+568E
 62
     7
370
     0
100
AcDb2dPolyline
 66
     1
 10
0.0
 20
0.0
 30
0.0
  0
VERTEX
  5
331
330
330
100
AcDbEntity
  8
Make2D___U+9359_U+7EFE__U+93C5_U+20AC_U+6C31_U+568E
 62
     7
370
     0
100
AcDbVertex
100
AcDb2dVertex
 10
-68.81574373279668
 20
-15.39441044058867
 30
0.0
  0
VERTEX
  5
332
330
330
100
AcDbEntity
  8
Make2D___U+9359_U+7EFE__U+93C5_U+20AC_U+6C31_U+568E
 62
     7
370
     0
100
AcDbVertex
100
AcDb2dVertex
 10
-66.02625928904989
 20
-15.39441044058867
 30
0.0
  0
SEQEND
  5
333
330
330
100
AcDbEntity
  8
Make2D___U+9359_U+7EFE__U+93C5_U+20AC_U+6C31_U+568E
 62
     7
370
     0
  0
POLYLINE
  5
334
330
234
100
AcDbEntity
  8
Make2D___U+9359_U+7EFE__U+93C5_U+20AC_U+6C31_U+568E
 62
     7
370
     0
100
AcDb2dPolyline
 66
     1
 10
0.0
 20
0.0
 30
0.0
  0
VERTEX
  5
335
330
334
100
AcDbEntity
  8
Make2D___U+9359_U+7EFE__U+93C5_U+20AC_U+6C31_U+568E
 62
     7
370
     0
100
AcDbVertex
100
AcDb2dVertex
 10
-68.81574373279668
 20
-10.7697055585736
 30
0.0
  0
VERTEX
  5
336
330
334
100
AcDbEntity
  8
Make2D___U+9359_U+7EFE__U+93C5_U+20AC_U+6C31_U+568E
 62
     7
370
     0
100
AcDbVertex
100
AcDb2dVertex
 10
-68.81574373279668
 20
-15.39441044058867
 30
0.0
  0
SEQEND
  5
337
330
334
100
AcDbEntity
  8
Make2D___U+9359_U+7EFE__U+93C5_U+20AC_U+6C31_U+568E
 62
     7
370
     0
  0
POLYLINE
  5
338
330
234
100
AcDbEntity
  8
Make2D___U+9359_U+7EFE__U+93C5_U+20AC_U+6C31_U+568E
 62
     7
370
     0
100
AcDb2dPolyline
 66
     1
 10
0.0
 20
0.0
 30
0.0
  0
VERTEX
  5
339
330
338
100
AcDbEntity
  8
Make2D___U+9359_U+7EFE__U+93C5_U+20AC_U+6C31_U+568E
 62
     7
370
     0
100
AcDbVertex
100
AcDb2dVertex
 10
-52.07873123698103
 20
13.93175853345974
 30
0.0
  0
VERTEX
  5
33A
330
338
100
AcDbEntity
  8
Make2D___U+9359_U+7EFE__U+93C5_U+20AC_U+6C31_U+568E
 62
     7
370
     0
100
AcDbVertex
100
AcDb2dVertex
 10
-49.28924679323422
 20
13.93175853345974
 30
0.0
  0
SEQEND
  5
33B
330
338
100
AcDbEntity
  8
Make2D___U+9359_U+7EFE__U+93C5_U+20AC_U+6C31_U+568E
 62
     7
370
     0
  0
POLYLINE
  5
33C
330
234
100
AcDbEntity
  8
Make2D___U+9359_U+7EFE__U+93C5_U+20AC_U+6C31_U+568E
 62
     7
370
     0
100
AcDb2dPolyline
 66
     1
 10
0.0
 20
0.0
 30
0.0
  0
VERTEX
  5
33D
330
33C
100
AcDbEntity
  8
Make2D___U+9359_U+7EFE__U+93C5_U+20AC_U+6C31_U+568E
 62
     7
370
     0
100
AcDbVertex
100
AcDb2dVertex
 10
-52.07873123698103
 20
-13.93175853345883
 30
0.0
  0
VERTEX
  5
33E
330
33C
100
AcDbEntity
  8
Make2D___U+9359_U+7EFE__U+93C5_U+20AC_U+6C31_U+568E
 62
     7
370
     0
100
AcDbVertex
100
AcDb2dVertex
 10
-49.28924679323422
 20
-13.93175853345883
 30
0.0
  0
SEQEND
  5
33F
330
33C
100
AcDbEntity
  8
Make2D___U+9359_U+7EFE__U+93C5_U+20AC_U+6C31_U+568E
 62
     7
370
     0
  0
POLYLINE
  5
340
330
234
100
AcDbEntity
  8
Make2D___U+9359_U+7EFE__U+93C5_U+20AC_U+6C31_U+568E
 62
     7
370
     0
100
AcDb2dPolyline
 66
     1
 10
0.0
 20
0.0
 30
0.0
  0
VERTEX
  5
341
330
340
100
AcDbEntity
  8
Make2D___U+9359_U+7EFE__U+93C5_U+20AC_U+6C31_U+568E
 62
     7
370
     0
100
AcDbVertex
100
AcDb2dVertex
 10
-52.07873123698103
 20
-15.39441044058867
 30
0.0
  0
VERTEX
  5
342
330
340
100
AcDbEntity
  8
Make2D___U+9359_U+7EFE__U+93C5_U+20AC_U+6C31_U+568E
 62
     7
370
     0
100
AcDbVertex
100
AcDb2dVertex
 10
-52.07873123698103
 20
-10.7697055585736
 30
0.0
  0
SEQEND
  5
343
330
340
100
AcDbEntity
  8
Make2D___U+9359_U+7EFE__U+93C5_U+20AC_U+6C31_U+568E
 62
     7
370
     0
  0
POLYLINE
  5
344
330
234
100
AcDbEntity
  8
Make2D___U+9359_U+7EFE__U+93C5_U+20AC_U+6C31_U+568E
 62
     7
370
     0
100
AcDb2dPolyline
 66
     1
 10
0.0
 20
0.0
 30
0.0
  0
VERTEX
  5
345
330
344
100
AcDbEntity
  8
Make2D___U+9359_U+7EFE__U+93C5_U+20AC_U+6C31_U+568E
 62
     7
370
     0
100
AcDbVertex
100
AcDb2dVertex
 10
-54.86825095850583
 20
-10.7697055585736
 30
0.0
  0
VERTEX
  5
346
330
344
100
AcDbEntity
  8
Make2D___U+9359_U+7EFE__U+93C5_U+20AC_U+6C31_U+568E
 62
     7
370
     0
100
AcDbVertex
100
AcDb2dVertex
 10
-54.86825095850583
 20
-15.39441044058867
 30
0.0
  0
SEQEND
  5
347
330
344
100
AcDbEntity
  8
Make2D___U+9359_U+7EFE__U+93C5_U+20AC_U+6C31_U+568E
 62
     7
370
     0
  0
POLYLINE
  5
348
330
234
100
AcDbEntity
  8
Make2D___U+9359_U+7EFE__U+93C5_U+20AC_U+6C31_U+568E
 62
     7
370
     0
100
AcDb2dPolyline
 66
     1
 10
0.0
 20
0.0
 30
0.0
  0
VERTEX
  5
349
330
348
100
AcDbEntity
  8
Make2D___U+9359_U+7EFE__U+93C5_U+20AC_U+6C31_U+568E
 62
     7
370
     0
100
AcDbVertex
100
AcDb2dVertex
 10
-52.07873123698103
 20
-15.39441044058867
 30
0.0
  0
VERTEX
  5
34A
330
348
100
AcDbEntity
  8
Make2D___U+9359_U+7EFE__U+93C5_U+20AC_U+6C31_U+568E
 62
     7
370
     0
100
AcDbVertex
100
AcDb2dVertex
 10
-54.86825095850583
 20
-15.39441044058867
 30
0.0
  0
SEQEND
  5
34B
330
348
100
AcDbEntity
  8
Make2D___U+9359_U+7EFE__U+93C5_U+20AC_U+6C31_U+568E
 62
     7
370
     0
  0
POLYLINE
  5
34C
330
234
100
AcDbEntity
  8
Make2D___U+9359_U+7EFE__U+93C5_U+20AC_U+6C31_U+568E
 62
     7
370
     0
100
AcDb2dPolyline
 66
     1
 10
0.0
 20
0.0
 30
0.0
  0
VERTEX
  5
34D
330
34C
100
AcDbEntity
  8
Make2D___U+9359_U+7EFE__U+93C5_U+20AC_U+6C31_U+568E
 62
     7
370
     0
100
AcDbVertex
100
AcDb2dVertex
 10
-52.07873123698103
 20
15.39441044058958
 30
0.0
  0
VERTEX
  5
34E
330
34C
100
AcDbEntity
  8
Make2D___U+9359_U+7EFE__U+93C5_U+20AC_U+6C31_U+568E
 62
     7
370
     0
100
AcDbVertex
100
AcDb2dVertex
 10
-54.86825095850583
 20
15.39441044058958
 30
0.0
  0
SEQEND
  5
34F
330
34C
100
AcDbEntity
  8
Make2D___U+9359_U+7EFE__U+93C5_U+20AC_U+6C31_U+568E
 62
     7
370
     0
  0
POLYLINE
  5
350
330
234
100
AcDbEntity
  8
Make2D___U+9359_U+7EFE__U+93C5_U+20AC_U+6C31_U+568E
 62
     7
370
     0
100
AcDb2dPolyline
 66
     1
 10
0.0
 20
0.0
 30
0.0
  0
VERTEX
  5
351
330
350
100
AcDbEntity
  8
Make2D___U+9359_U+7EFE__U+93C5_U+20AC_U+6C31_U+568E
 62
     7
370
     0
100
AcDbVertex
100
AcDb2dVertex
 10
-52.07873123698103
 20
10.76970555857633
 30
0.0
  0
VERTEX
  5
352
330
350
100
AcDbEntity
  8
Make2D___U+9359_U+7EFE__U+93C5_U+20AC_U+6C31_U+568E
 62
     7
370
     0
100
AcDbVertex
100
AcDb2dVertex
 10
-52.07873123698103
 20
15.39441044058958
 30
0.0
  0
SEQEND
  5
353
330
350
100
AcDbEntity
  8
Make2D___U+9359_U+7EFE__U+93C5_U+20AC_U+6C31_U+568E
 62
     7
370
     0
  0
POLYLINE
  5
354
330
234
100
AcDbEntity
  8
Make2D___U+9359_U+7EFE__U+93C5_U+20AC_U+6C31_U+568E
 62
     7
370
     0
100
AcDb2dPolyline
 66
     1
 10
0.0
 20
0.0
 30
0.0
  0
VERTEX
  5
355
330
354
100
AcDbEntity
  8
Make2D___U+9359_U+7EFE__U+93C5_U+20AC_U+6C31_U+568E
 62
     7
370
     0
100
AcDbVertex
100
AcDb2dVertex
 10
-54.86825095850583
 20
15.39441044058958
 30
0.0
  0
VERTEX
  5
356
330
354
100
AcDbEntity
  8
Make2D___U+9359_U+7EFE__U+93C5_U+20AC_U+6C31_U+568E
 62
     7
370
     0
100
AcDbVertex
100
AcDb2dVertex
 10
-54.86825095850583
 20
10.76970555857633
 30
0.0
  0
SEQEND
  5
357
330
354
100
AcDbEntity
  8
Make2D___U+9359_U+7EFE__U+93C5_U+20AC_U+6C31_U+568E
 62
     7
370
     0
  0
POLYLINE
  5
358
330
234
100
AcDbEntity
  8
Make2D___U+9359_U+7EFE__U+93C5_U+20AC_U+6C31_U+568E
 62
     7
370
     0
100
AcDb2dPolyline
 66
     1
 10
0.0
 20
0.0
 30
0.0
  0
VERTEX
  5
359
330
358
100
AcDbEntity
  8
Make2D___U+9359_U+7EFE__U+93C5_U+20AC_U+6C31_U+568E
 62
     7
370
     0
100
AcDbVertex
100
AcDb2dVertex
 10
-54.86825095850583
 20
-13.93175853345883
 30
0.0
  0
VERTEX
  5
35A
330
358
100
AcDbEntity
  8
Make2D___U+9359_U+7EFE__U+93C5_U+20AC_U+6C31_U+568E
 62
     7
370
     0
100
AcDbVertex
100
AcDb2dVertex
 10
-59.05247762412678
 20
-13.93175853345883
 30
0.0
  0
SEQEND
  5
35B
330
358
100
AcDbEntity
  8
Make2D___U+9359_U+7EFE__U+93C5_U+20AC_U+6C31_U+568E
 62
     7
370
     0
  0
POLYLINE
  5
35C
330
234
100
AcDbEntity
  8
Make2D___U+9359_U+7EFE__U+93C5_U+20AC_U+6C31_U+568E
 62
     7
370
     0
100
AcDb2dPolyline
 66
     1
 10
0.0
 20
0.0
 30
0.0
  0
VERTEX
  5
35D
330
35C
100
AcDbEntity
  8
Make2D___U+9359_U+7EFE__U+93C5_U+20AC_U+6C31_U+568E
 62
     7
370
     0
100
AcDbVertex
100
AcDb2dVertex
 10
-59.05247762412678
 20
13.93175853345974
 30
0.0
  0
VERTEX
  5
35E
330
35C
100
AcDbEntity
  8
Make2D___U+9359_U+7EFE__U+93C5_U+20AC_U+6C31_U+568E
 62
     7
370
     0
100
AcDbVertex
100
AcDb2dVertex
 10
-54.86825095850583
 20
13.93175853345974
 30
0.0
  0
SEQEND
  5
35F
330
35C
100
AcDbEntity
  8
Make2D___U+9359_U+7EFE__U+93C5_U+20AC_U+6C31_U+568E
 62
     7
370
     0
  0
POLYLINE
  5
360
330
234
100
AcDbEntity
  8
Make2D___U+9359_U+7EFE__U+93C5_U+20AC_U+6C31_U+568E
 62
     7
370
     0
100
AcDb2dPolyline
 66
     1
 10
0.0
 20
0.0
 30
0.0
  0
VERTEX
  5
361
330
360
100
AcDbEntity
  8
Make2D___U+9359_U+7EFE__U+93C5_U+20AC_U+6C31_U+568E
 62
     7
370
     0
100
AcDbVertex
100
AcDb2dVertex
 10
-59.05247762412678
 20
-15.39441044058867
 30
0.0
  0
VERTEX
  5
362
330
360
100
AcDbEntity
  8
Make2D___U+9359_U+7EFE__U+93C5_U+20AC_U+6C31_U+568E
 62
     7
370
     0
100
AcDbVertex
100
AcDb2dVertex
 10
-59.05247762412678
 20
-10.7697055585736
 30
0.0
  0
SEQEND
  5
363
330
360
100
AcDbEntity
  8
Make2D___U+9359_U+7EFE__U+93C5_U+20AC_U+6C31_U+568E
 62
     7
370
     0
  0
POLYLINE
  5
364
330
234
100
AcDbEntity
  8
Make2D___U+9359_U+7EFE__U+93C5_U+20AC_U+6C31_U+568E
 62
     7
370
     0
100
AcDb2dPolyline
 66
     1
 10
0.0
 20
0.0
 30
0.0
  0
VERTEX
  5
365
330
364
100
AcDbEntity
  8
Make2D___U+9359_U+7EFE__U+93C5_U+20AC_U+6C31_U+568E
 62
     7
370
     0
100
AcDbVertex
100
AcDb2dVertex
 10
-61.84199734565104
 20
-10.7697055585736
 30
0.0
  0
VERTEX
  5
366
330
364
100
AcDbEntity
  8
Make2D___U+9359_U+7EFE__U+93C5_U+20AC_U+6C31_U+568E
 62
     7
370
     0
100
AcDbVertex
100
AcDb2dVertex
 10
-61.84199734565104
 20
-15.39441044058867
 30
0.0
  0
SEQEND
  5
367
330
364
100
AcDbEntity
  8
Make2D___U+9359_U+7EFE__U+93C5_U+20AC_U+6C31_U+568E
 62
     7
370
     0
  0
POLYLINE
  5
368
330
234
100
AcDbEntity
  8
Make2D___U+9359_U+7EFE__U+93C5_U+20AC_U+6C31_U+568E
 62
     7
370
     0
100
AcDb2dPolyline
 66
     1
 10
0.0
 20
0.0
 30
0.0
  0
VERTEX
  5
369
330
368
100
AcDbEntity
  8
Make2D___U+9359_U+7EFE__U+93C5_U+20AC_U+6C31_U+568E
 62
     7
370
     0
100
AcDbVertex
100
AcDb2dVertex
 10
-59.05247762412678
 20
-15.39441044058867
 30
0.0
  0
VERTEX
  5
36A
330
368
100
AcDbEntity
  8
Make2D___U+9359_U+7EFE__U+93C5_U+20AC_U+6C31_U+568E
 62
     7
370
     0
100
AcDbVertex
100
AcDb2dVertex
 10
-61.84199734565104
 20
-15.39441044058867
 30
0.0
  0
SEQEND
  5
36B
330
368
100
AcDbEntity
  8
Make2D___U+9359_U+7EFE__U+93C5_U+20AC_U+6C31_U+568E
 62
     7
370
     0
  0
POLYLINE
  5
36C
330
234
100
AcDbEntity
  8
Make2D___U+9359_U+7EFE__U+93C5_U+20AC_U+6C31_U+568E
 62
     7
370
     0
100
AcDb2dPolyline
 66
     1
 10
0.0
 20
0.0
 30
0.0
  0
VERTEX
  5
36D
330
36C
100
AcDbEntity
  8
Make2D___U+9359_U+7EFE__U+93C5_U+20AC_U+6C31_U+568E
 62
     7
370
     0
100
AcDbVertex
100
AcDb2dVertex
 10
-59.05247762412678
 20
15.39441044058958
 30
0.0
  0
VERTEX
  5
36E
330
36C
100
AcDbEntity
  8
Make2D___U+9359_U+7EFE__U+93C5_U+20AC_U+6C31_U+568E
 62
     7
370
     0
100
AcDbVertex
100
AcDb2dVertex
 10
-61.84199734565104
 20
15.39441044058958
 30
0.0
  0
SEQEND
  5
36F
330
36C
100
AcDbEntity
  8
Make2D___U+9359_U+7EFE__U+93C5_U+20AC_U+6C31_U+568E
 62
     7
370
     0
  0
POLYLINE
  5
370
330
234
100
AcDbEntity
  8
Make2D___U+9359_U+7EFE__U+93C5_U+20AC_U+6C31_U+568E
 62
     7
370
     0
100
AcDb2dPolyline
 66
     1
 10
0.0
 20
0.0
 30
0.0
  0
VERTEX
  5
371
330
370
100
AcDbEntity
  8
Make2D___U+9359_U+7EFE__U+93C5_U+20AC_U+6C31_U+568E
 62
     7
370
     0
100
AcDbVertex
100
AcDb2dVertex
 10
-59.05247762412678
 20
10.76970555857633
 30
0.0
  0
VERTEX
  5
372
330
370
100
AcDbEntity
  8
Make2D___U+9359_U+7EFE__U+93C5_U+20AC_U+6C31_U+568E
 62
     7
370
     0
100
AcDbVertex
100
AcDb2dVertex
 10
-59.05247762412678
 20
15.39441044058958
 30
0.0
  0
SEQEND
  5
373
330
370
100
AcDbEntity
  8
Make2D___U+9359_U+7EFE__U+93C5_U+20AC_U+6C31_U+568E
 62
     7
370
     0
  0
POLYLINE
  5
374
330
234
100
AcDbEntity
  8
Make2D___U+9359_U+7EFE__U+93C5_U+20AC_U+6C31_U+568E
 62
     7
370
     0
100
AcDb2dPolyline
 66
     1
 10
0.0
 20
0.0
 30
0.0
  0
VERTEX
  5
375
330
374
100
AcDbEntity
  8
Make2D___U+9359_U+7EFE__U+93C5_U+20AC_U+6C31_U+568E
 62
     7
370
     0
100
AcDbVertex
100
AcDb2dVertex
 10
-61.84199734565104
 20
15.39441044058958
 30
0.0
  0
VERTEX
  5
376
330
374
100
AcDbEntity
  8
Make2D___U+9359_U+7EFE__U+93C5_U+20AC_U+6C31_U+568E
 62
     7
370
     0
100
AcDbVertex
100
AcDb2dVertex
 10
-61.84199734565104
 20
10.76970555857633
 30
0.0
  0
SEQEND
  5
377
330
374
100
AcDbEntity
  8
Make2D___U+9359_U+7EFE__U+93C5_U+20AC_U+6C31_U+568E
 62
     7
370
     0
  0
POLYLINE
  5
378
330
234
100
AcDbEntity
  8
Make2D___U+9359_U+7EFE__U+93C5_U+20AC_U+6C31_U+568E
 62
     7
370
     0
100
AcDb2dPolyline
 66
     1
 10
0.0
 20
0.0
 30
0.0
  0
VERTEX
  5
379
330
378
100
AcDbEntity
  8
Make2D___U+9359_U+7EFE__U+93C5_U+20AC_U+6C31_U+568E
 62
     7
370
     0
100
AcDbVertex
100
AcDb2dVertex
 10
-66.02625928904989
 20
13.93175853345974
 30
0.0
  0
VERTEX
  5
37A
330
378
100
AcDbEntity
  8
Make2D___U+9359_U+7EFE__U+93C5_U+20AC_U+6C31_U+568E
 62
     7
370
     0
100
AcDbVertex
100
AcDb2dVertex
 10
-61.84199734565104
 20
13.93175853345974
 30
0.0
  0
SEQEND
  5
37B
330
378
100
AcDbEntity
  8
Make2D___U+9359_U+7EFE__U+93C5_U+20AC_U+6C31_U+568E
 62
     7
370
     0
  0
POLYLINE
  5
37C
330
234
100
AcDbEntity
  8
Make2D___U+9359_U+7EFE__U+93C5_U+20AC_U+6C31_U+568E
 62
     7
370
     0
100
AcDb2dPolyline
 66
     1
 10
0.0
 20
0.0
 30
0.0
  0
VERTEX
  5
37D
330
37C
100
AcDbEntity
  8
Make2D___U+9359_U+7EFE__U+93C5_U+20AC_U+6C31_U+568E
 62
     7
370
     0
100
AcDbVertex
100
AcDb2dVertex
 10
-61.84199734565104
 20
-13.93175853345883
 30
0.0
  0
VERTEX
  5
37E
330
37C
100
AcDbEntity
  8
Make2D___U+9359_U+7EFE__U+93C5_U+20AC_U+6C31_U+568E
 62
     7
370
     0
100
AcDbVertex
100
AcDb2dVertex
 10
-66.02625928904989
 20
-13.93175853345883
 30
0.0
  0
SEQEND
  5
37F
330
37C
100
AcDbEntity
  8
Make2D___U+9359_U+7EFE__U+93C5_U+20AC_U+6C31_U+568E
 62
     7
370
     0
  0
POLYLINE
  5
380
330
234
100
AcDbEntity
  8
Make2D___U+9359_U+7EFE__U+93C5_U+20AC_U+6C31_U+568E
 62
     7
370
     0
100
AcDb2dPolyline
 66
     1
 10
0.0
 20
0.0
 30
0.0
  0
VERTEX
  5
381
330
380
100
AcDbEntity
  8
Make2D___U+9359_U+7EFE__U+93C5_U+20AC_U+6C31_U+568E
 62
     7
370
     0
100
AcDbVertex
100
AcDb2dVertex
 10
-4.888388748778957
 20
6.58646677641127
 30
0.0
  0
VERTEX
  5
382
330
380
100
AcDbEntity
  8
Make2D___U+9359_U+7EFE__U+93C5_U+20AC_U+6C31_U+568E
 62
     7
370
     0
100
AcDbVertex
100
AcDb2dVertex
 10
-2.816136804852098
 20
2.207542165903304
 30
0.0
  0
SEQEND
  5
383
330
380
100
AcDbEntity
  8
Make2D___U+9359_U+7EFE__U+93C5_U+20AC_U+6C31_U+568E
 62
     7
370
     0
  0
POLYLINE
  5
384
330
234
100
AcDbEntity
  8
Make2D___U+9359_U+7EFE__U+93C5_U+20AC_U+6C31_U+568E
 62
     7
370
     0
100
AcDb2dPolyline
 66
     1
 10
0.0
 20
0.0
 30
0.0
  0
VERTEX
  5
385
330
384
100
AcDbEntity
  8
Make2D___U+9359_U+7EFE__U+93C5_U+20AC_U+6C31_U+568E
 62
     7
370
     0
100
AcDbVertex
100
AcDb2dVertex
 10
-2.816136804852098
 20
2.207542165903304
 30
0.0
  0
VERTEX
  5
386
330
384
100
AcDbEntity
  8
Make2D___U+9359_U+7EFE__U+93C5_U+20AC_U+6C31_U+568E
 62
     7
370
     0
100
AcDbVertex
100
AcDb2dVertex
 10
-4.841045971013008
 20
1.248798023696962
 30
0.0
  0
SEQEND
  5
387
330
384
100
AcDbEntity
  8
Make2D___U+9359_U+7EFE__U+93C5_U+20AC_U+6C31_U+568E
 62
     7
370
     0
  0
POLYLINE
  5
388
330
234
100
AcDbEntity
  8
Make2D___U+9359_U+7EFE__U+93C5_U+20AC_U+6C31_U+568E
 62
     7
370
     0
100
AcDb2dPolyline
 66
     1
 10
0.0
 20
0.0
 30
0.0
  0
VERTEX
  5
389
330
388
100
AcDbEntity
  8
Make2D___U+9359_U+7EFE__U+93C5_U+20AC_U+6C31_U+568E
 62
     7
370
     0
100
AcDbVertex
100
AcDb2dVertex
 10
-4.841045971013008
 20
1.248798023696962
 30
0.0
  0
VERTEX
  5
38A
330
388
100
AcDbEntity
  8
Make2D___U+9359_U+7EFE__U+93C5_U+20AC_U+6C31_U+568E
 62
     7
370
     0
100
AcDbVertex
100
AcDb2dVertex
 10
-7.364112637048797
 20
6.58646677641127
 30
0.0
  0
SEQEND
  5
38B
330
388
100
AcDbEntity
  8
Make2D___U+9359_U+7EFE__U+93C5_U+20AC_U+6C31_U+568E
 62
     7
370
     0
  0
POLYLINE
  5
38C
330
234
100
AcDbEntity
  8
Make2D___U+9359_U+7EFE__U+93C5_U+20AC_U+6C31_U+568E
 62
     7
370
     0
100
AcDb2dPolyline
 66
     1
 10
0.0
 20
0.0
 30
0.0
  0
VERTEX
  5
38D
330
38C
100
AcDbEntity
  8
Make2D___U+9359_U+7EFE__U+93C5_U+20AC_U+6C31_U+568E
 62
     7
370
     0
100
AcDbVertex
100
AcDb2dVertex
 10
-2.45461013827647
 20
6.586502054188257
 30
0.0
  0
VERTEX
  5
38E
330
38C
100
AcDbEntity
  8
Make2D___U+9359_U+7EFE__U+93C5_U+20AC_U+6C31_U+568E
 62
     7
370
     0
100
AcDbVertex
100
AcDb2dVertex
 10
-0.8144756942415012
 20
3.155279641725883
 30
0.0
  0
SEQEND
  5
38F
330
38C
100
AcDbEntity
  8
Make2D___U+9359_U+7EFE__U+93C5_U+20AC_U+6C31_U+568E
 62
     7
370
     0
  0
POLYLINE
  5
390
330
234
100
AcDbEntity
  8
Make2D___U+9359_U+7EFE__U+93C5_U+20AC_U+6C31_U+568E
 62
     7
370
     0
100
AcDb2dPolyline
 66
     1
 10
0.0
 20
0.0
 30
0.0
  0
VERTEX
  5
391
330
390
100
AcDbEntity
  8
Make2D___U+9359_U+7EFE__U+93C5_U+20AC_U+6C31_U+568E
 62
     7
370
     0
100
AcDbVertex
100
AcDb2dVertex
 10
-0.8144756942415012
 20
3.155279641725883
 30
0.0
  0
VERTEX
  5
392
330
390
100
AcDbEntity
  8
Make2D___U+9359_U+7EFE__U+93C5_U+20AC_U+6C31_U+568E
 62
     7
370
     0
100
AcDbVertex
100
AcDb2dVertex
 10
-2.180960416122465
 20
2.508285213787984
 30
0.0
  0
SEQEND
  5
393
330
390
100
AcDbEntity
  8
Make2D___U+9359_U+7EFE__U+93C5_U+20AC_U+6C31_U+568E
 62
     7
370
     0
  0
POLYLINE
  5
394
330
234
100
AcDbEntity
  8
Make2D___U+9359_U+7EFE__U+93C5_U+20AC_U+6C31_U+568E
 62
     7
370
     0
100
AcDb2dPolyline
 66
     1
 10
0.0
 20
0.0
 30
0.0
  0
VERTEX
  5
395
330
394
100
AcDbEntity
  8
Make2D___U+9359_U+7EFE__U+93C5_U+20AC_U+6C31_U+568E
 62
     7
370
     0
100
AcDbVertex
100
AcDb2dVertex
 10
-2.180960416122465
 20
2.508285213787984
 30
0.0
  0
VERTEX
  5
396
330
394
100
AcDbEntity
  8
Make2D___U+9359_U+7EFE__U+93C5_U+20AC_U+6C31_U+568E
 62
     7
370
     0
100
AcDbVertex
100
AcDb2dVertex
 10
-4.111713193417891
 20
6.586502054188257
 30
0.0
  0
SEQEND
  5
397
330
394
100
AcDbEntity
  8
Make2D___U+9359_U+7EFE__U+93C5_U+20AC_U+6C31_U+568E
 62
     7
370
     0
  0
POLYLINE
  5
398
330
234
100
AcDbEntity
  8
Make2D___U+9359_U+7EFE__U+93C5_U+20AC_U+6C31_U+568E
 62
     7
370
     0
100
AcDb2dPolyline
 66
     1
 10
0.0
 20
0.0
 30
0.0
  0
VERTEX
  5
399
330
398
100
AcDbEntity
  8
Make2D___U+9359_U+7EFE__U+93C5_U+20AC_U+6C31_U+568E
 62
     7
370
     0
100
AcDbVertex
100
AcDb2dVertex
 10
0.8626651386721633
 20
-0.3895372122838125
 30
0.0
  0
VERTEX
  5
39A
330
398
100
AcDbEntity
  8
Make2D___U+9359_U+7EFE__U+93C5_U+20AC_U+6C31_U+568E
 62
     7
370
     0
100
AcDbVertex
100
AcDb2dVertex
 10
0.0000176388881883
 20
-2.097757724258825
 30
0.0
  0
SEQEND
  5
39B
330
398
100
AcDbEntity
  8
Make2D___U+9359_U+7EFE__U+93C5_U+20AC_U+6C31_U+568E
 62
     7
370
     0
  0
POLYLINE
  5
39C
330
234
100
AcDbEntity
  8
Make2D___U+9359_U+7EFE__U+93C5_U+20AC_U+6C31_U+568E
 62
     7
370
     0
100
AcDb2dPolyline
 66
     1
 10
0.0
 20
0.0
 30
0.0
  0
VERTEX
  5
39D
330
39C
100
AcDbEntity
  8
Make2D___U+9359_U+7EFE__U+93C5_U+20AC_U+6C31_U+568E
 62
     7
370
     0
100
AcDbVertex
100
AcDb2dVertex
 10
0.0000176388881883
 20
-2.097757724258825
 30
0.0
  0
VERTEX
  5
39E
330
39C
100
AcDbEntity
  8
Make2D___U+9359_U+7EFE__U+93C5_U+20AC_U+6C31_U+568E
 62
     7
370
     0
100
AcDbVertex
100
AcDb2dVertex
 10
-1.928794860630168
 20
1.975731894039654
 30
0.0
  0
SEQEND
  5
39F
330
39C
100
AcDbEntity
  8
Make2D___U+9359_U+7EFE__U+93C5_U+20AC_U+6C31_U+568E
 62
     7
370
     0
  0
POLYLINE
  5
3A0
330
234
100
AcDbEntity
  8
Make2D___U+9359_U+7EFE__U+93C5_U+20AC_U+6C31_U+568E
 62
     7
370
     0
100
AcDb2dPolyline
 66
     1
 10
0.0
 20
0.0
 30
0.0
  0
VERTEX
  5
3A1
330
3A0
100
AcDbEntity
  8
Make2D___U+9359_U+7EFE__U+93C5_U+20AC_U+6C31_U+568E
 62
     7
370
     0
100
AcDbVertex
100
AcDb2dVertex
 10
-1.930911527296266
 20
1.98021217170435
 30
0.0
  0
VERTEX
  5
3A2
330
3A0
100
AcDbEntity
  8
Make2D___U+9359_U+7EFE__U+93C5_U+20AC_U+6C31_U+568E
 62
     7
370
     0
100
AcDbVertex
100
AcDb2dVertex
 10
-0.5655204165257928
 20
2.62671271076624
 30
0.0
  0
SEQEND
  5
3A3
330
3A0
100
AcDbEntity
  8
Make2D___U+9359_U+7EFE__U+93C5_U+20AC_U+6C31_U+568E
 62
     7
370
     0
  0
POLYLINE
  5
3A4
330
234
100
AcDbEntity
  8
Make2D___U+9359_U+7EFE__U+93C5_U+20AC_U+6C31_U+568E
 62
     7
370
     0
100
AcDb2dPolyline
 66
     1
 10
0.0
 20
0.0
 30
0.0
  0
VERTEX
  5
3A5
330
3A4
100
AcDbEntity
  8
Make2D___U+9359_U+7EFE__U+93C5_U+20AC_U+6C31_U+568E
 62
     7
370
     0
100
AcDbVertex
100
AcDb2dVertex
 10
-0.5655204165257928
 20
2.62671271076624
 30
0.0
  0
VERTEX
  5
3A6
330
3A4
100
AcDbEntity
  8
Make2D___U+9359_U+7EFE__U+93C5_U+20AC_U+6C31_U+568E
 62
     7
370
     0
100
AcDbVertex
100
AcDb2dVertex
 10
0.8626651386721633
 20
-0.3895372122838125
 30
0.0
  0
SEQEND
  5
3A7
330
3A4
100
AcDbEntity
  8
Make2D___U+9359_U+7EFE__U+93C5_U+20AC_U+6C31_U+568E
 62
     7
370
     0
  0
POLYLINE
  5
3A8
330
234
100
AcDbEntity
  8
Make2D___U+9359_U+7EFE__U+93C5_U+20AC_U+6C31_U+568E
 62
     7
370
     0
100
AcDb2dPolyline
 66
     1
 10
0.0
 20
0.0
 30
0.0
  0
VERTEX
  5
3A9
330
3A8
100
AcDbEntity
  8
Make2D___U+9359_U+7EFE__U+93C5_U+20AC_U+6C31_U+568E
 62
     7
370
     0
100
AcDbVertex
100
AcDb2dVertex
 10
7.370497914823352
 20
6.58646677641127
 30
0.0
  0
VERTEX
  5
3AA
330
3A8
100
AcDbEntity
  8
Make2D___U+9359_U+7EFE__U+93C5_U+20AC_U+6C31_U+568E
 62
     7
370
     0
100
AcDbVertex
100
AcDb2dVertex
 10
1.209375138586131
 20
-6.413535114155365
 30
0.0
  0
SEQEND
  5
3AB
330
3A8
100
AcDbEntity
  8
Make2D___U+9359_U+7EFE__U+93C5_U+20AC_U+6C31_U+568E
 62
     7
370
     0
  0
POLYLINE
  5
3AC
330
234
100
AcDbEntity
  8
Make2D___U+9359_U+7EFE__U+93C5_U+20AC_U+6C31_U+568E
 62
     7
370
     0
100
AcDb2dPolyline
 66
     1
 10
0.0
 20
0.0
 30
0.0
  0
VERTEX
  5
3AD
330
3AC
100
AcDbEntity
  8
Make2D___U+9359_U+7EFE__U+93C5_U+20AC_U+6C31_U+568E
 62
     7
370
     0
100
AcDbVertex
100
AcDb2dVertex
 10
-1.209339860809754
 20
-6.413535114155365
 30
0.0
  0
VERTEX
  5
3AE
330
3AC
100
AcDbEntity
  8
Make2D___U+9359_U+7EFE__U+93C5_U+20AC_U+6C31_U+568E
 62
     7
370
     0
100
AcDbVertex
100
AcDb2dVertex
 10
-4.590609026631078
 20
0.7209366482752558
 30
0.0
  0
SEQEND
  5
3AF
330
3AC
100
AcDbEntity
  8
Make2D___U+9359_U+7EFE__U+93C5_U+20AC_U+6C31_U+568E
 62
     7
370
     0
  0
POLYLINE
  5
3B0
330
234
100
AcDbEntity
  8
Make2D___U+9359_U+7EFE__U+93C5_U+20AC_U+6C31_U+568E
 62
     7
370
     0
100
AcDb2dPolyline
 66
     1
 10
0.0
 20
0.0
 30
0.0
  0
VERTEX
  5
3B1
330
3B0
100
AcDbEntity
  8
Make2D___U+9359_U+7EFE__U+93C5_U+20AC_U+6C31_U+568E
 62
     7
370
     0
100
AcDbVertex
100
AcDb2dVertex
 10
-4.590609026631078
 20
0.7209366482752558
 30
0.0
  0
VERTEX
  5
3B2
330
3B0
100
AcDbEntity
  8
Make2D___U+9359_U+7EFE__U+93C5_U+20AC_U+6C31_U+568E
 62
     7
370
     0
100
AcDbVertex
100
AcDb2dVertex
 10
-2.563195138249134
 20
1.680880234895538
 30
0.0
  0
SEQEND
  5
3B3
330
3B0
100
AcDbEntity
  8
Make2D___U+9359_U+7EFE__U+93C5_U+20AC_U+6C31_U+568E
 62
     7
370
     0
  0
POLYLINE
  5
3B4
330
234
100
AcDbEntity
  8
Make2D___U+9359_U+7EFE__U+93C5_U+20AC_U+6C31_U+568E
 62
     7
370
     0
100
AcDb2dPolyline
 66
     1
 10
0.0
 20
0.0
 30
0.0
  0
VERTEX
  5
3B5
330
3B4
100
AcDbEntity
  8
Make2D___U+9359_U+7EFE__U+93C5_U+20AC_U+6C31_U+568E
 62
     7
370
     0
100
AcDbVertex
100
AcDb2dVertex
 10
-2.563195138249134
 20
1.680880234895538
 30
0.0
  0
VERTEX
  5
3B6
330
3B4
100
AcDbEntity
  8
Make2D___U+9359_U+7EFE__U+93C5_U+20AC_U+6C31_U+568E
 62
     7
370
     0
100
AcDbVertex
100
AcDb2dVertex
 10
-0.0048859722217784
 20
-3.722122960594332
 30
0.0
  0
SEQEND
  5
3B7
330
3B4
100
AcDbEntity
  8
Make2D___U+9359_U+7EFE__U+93C5_U+20AC_U+6C31_U+568E
 62
     7
370
     0
  0
POLYLINE
  5
3B8
330
234
100
AcDbEntity
  8
Make2D___U+9359_U+7EFE__U+93C5_U+20AC_U+6C31_U+568E
 62
     7
370
     0
100
AcDb2dPolyline
 66
     1
 10
0.0
 20
0.0
 30
0.0
  0
VERTEX
  5
3B9
330
3B8
100
AcDbEntity
  8
Make2D___U+9359_U+7EFE__U+93C5_U+20AC_U+6C31_U+568E
 62
     7
370
     0
100
AcDbVertex
100
AcDb2dVertex
 10
-0.0048859722217784
 20
-3.722122960594332
 30
0.0
  0
VERTEX
  5
3BA
330
3B8
100
AcDbEntity
  8
Make2D___U+9359_U+7EFE__U+93C5_U+20AC_U+6C31_U+568E
 62
     7
370
     0
100
AcDbVertex
100
AcDb2dVertex
 10
4.87875791544608
 20
6.58646677641127
 30
0.0
  0
SEQEND
  5
3BB
330
3B8
100
AcDbEntity
  8
Make2D___U+9359_U+7EFE__U+93C5_U+20AC_U+6C31_U+568E
 62
     7
370
     0
  0
POLYLINE
  5
3BC
330
234
100
AcDbEntity
  8
Make2D___U+9359_U+7EFE__U+93C5_U+20AC_U+6C31_U+568E
 62
     7
370
     0
100
AcDb2dPolyline
 66
     1
 10
0.0
 20
0.0
 30
0.0
  0
VERTEX
  5
3BD
330
3BC
100
AcDbEntity
  8
Make2D___U+9359_U+7EFE__U+93C5_U+20AC_U+6C31_U+568E
 62
     7
370
     0
100
AcDbVertex
100
AcDb2dVertex
 10
48.78925484891321
 20
15.39441044058958
 30
0.0
  0
VERTEX
  5
3BE
330
3BC
100
AcDbEntity
  8
Make2D___U+9359_U+7EFE__U+93C5_U+20AC_U+6C31_U+568E
 62
     7
370
     0
100
AcDbVertex
100
AcDb2dVertex
 10
48.78925484891321
 20
10.76970555857633
 30
0.0
  0
SEQEND
  5
3BF
330
3BC
100
AcDbEntity
  8
Make2D___U+9359_U+7EFE__U+93C5_U+20AC_U+6C31_U+568E
 62
     7
370
     0
  0
POLYLINE
  5
3C0
330
234
100
AcDbEntity
  8
Make2D___U+9359_U+7EFE__U+93C5_U+20AC_U+6C31_U+568E
 62
     7
370
     0
100
AcDb2dPolyline
 66
     1
 10
0.0
 20
0.0
 30
0.0
  0
VERTEX
  5
3C1
330
3C0
100
AcDbEntity
  8
Make2D___U+9359_U+7EFE__U+93C5_U+20AC_U+6C31_U+568E
 62
     7
370
     0
100
AcDbVertex
100
AcDb2dVertex
 10
30.31696374241987
 20
10.76970555857633
 30
0.0
  0
VERTEX
  5
3C2
330
3C0
100
AcDbEntity
  8
Make2D___U+9359_U+7EFE__U+93C5_U+20AC_U+6C31_U+568E
 62
     7
370
     0
100
AcDbVertex
100
AcDb2dVertex
 10
48.78925484891321
 20
10.76970555857633
 30
0.0
  0
SEQEND
  5
3C3
330
3C0
100
AcDbEntity
  8
Make2D___U+9359_U+7EFE__U+93C5_U+20AC_U+6C31_U+568E
 62
     7
370
     0
  0
POLYLINE
  5
3C4
330
234
100
AcDbEntity
  8
Make2D___U+9359_U+7EFE__U+93C5_U+20AC_U+6C31_U+568E
 62
     7
370
     0
100
AcDb2dPolyline
 66
     1
 10
0.0
 20
0.0
 30
0.0
  0
VERTEX
  5
3C5
330
3C4
100
AcDbEntity
  8
Make2D___U+9359_U+7EFE__U+93C5_U+20AC_U+6C31_U+568E
 62
     7
370
     0
100
AcDbVertex
100
AcDb2dVertex
 10
-48.78925484891428
 20
10.76970555857633
 30
0.0
  0
VERTEX
  5
3C6
330
3C4
100
AcDbEntity
  8
Make2D___U+9359_U+7EFE__U+93C5_U+20AC_U+6C31_U+568E
 62
     7
370
     0
100
AcDbVertex
100
AcDb2dVertex
 10
-48.78925484891428
 20
15.39441044058958
 30
0.0
  0
SEQEND
  5
3C7
330
3C4
100
AcDbEntity
  8
Make2D___U+9359_U+7EFE__U+93C5_U+20AC_U+6C31_U+568E
 62
     7
370
     0
  0
POLYLINE
  5
3C8
330
234
100
AcDbEntity
  8
Make2D___U+9359_U+7EFE__U+93C5_U+20AC_U+6C31_U+568E
 62
     7
370
     0
100
AcDb2dPolyline
 66
     1
 10
0.0
 20
0.0
 30
0.0
  0
VERTEX
  5
3C9
330
3C8
100
AcDbEntity
  8
Make2D___U+9359_U+7EFE__U+93C5_U+20AC_U+6C31_U+568E
 62
     7
370
     0
100
AcDbVertex
100
AcDb2dVertex
 10
-48.78925484891428
 20
10.76970555857633
 30
0.0
  0
VERTEX
  5
3CA
330
3C8
100
AcDbEntity
  8
Make2D___U+9359_U+7EFE__U+93C5_U+20AC_U+6C31_U+568E
 62
     7
370
     0
100
AcDbVertex
100
AcDb2dVertex
 10
-30.31696374242196
 20
10.76970555857633
 30
0.0
  0
SEQEND
  5
3CB
330
3C8
100
AcDbEntity
  8
Make2D___U+9359_U+7EFE__U+93C5_U+20AC_U+6C31_U+568E
 62
     7
370
     0
  0
POLYLINE
  5
3CC
330
234
100
AcDbEntity
  8
Make2D___U+9359_U+7EFE__U+93C5_U+20AC_U+6C31_U+568E
 62
     7
370
     0
100
AcDb2dPolyline
 66
     1
 10
0.0
 20
0.0
 30
0.0
  0
VERTEX
  5
3CD
330
3CC
100
AcDbEntity
  8
Make2D___U+9359_U+7EFE__U+93C5_U+20AC_U+6C31_U+568E
 62
     7
370
     0
100
AcDbVertex
100
AcDb2dVertex
 10
-30.31696374242196
 20
-10.7697055585736
 30
0.0
  0
VERTEX
  5
3CE
330
3CC
100
AcDbEntity
  8
Make2D___U+9359_U+7EFE__U+93C5_U+20AC_U+6C31_U+568E
 62
     7
370
     0
100
AcDbVertex
100
AcDb2dVertex
 10
-48.78925484891428
 20
-10.7697055585736
 30
0.0
  0
SEQEND
  5
3CF
330
3CC
100
AcDbEntity
  8
Make2D___U+9359_U+7EFE__U+93C5_U+20AC_U+6C31_U+568E
 62
     7
370
     0
  0
POLYLINE
  5
3D0
330
234
100
AcDbEntity
  8
Make2D___U+9359_U+7EFE__U+93C5_U+20AC_U+6C31_U+568E
 62
     7
370
     0
100
AcDb2dPolyline
 66
     1
 10
0.0
 20
0.0
 30
0.0
  0
VERTEX
  5
3D1
330
3D0
100
AcDbEntity
  8
Make2D___U+9359_U+7EFE__U+93C5_U+20AC_U+6C31_U+568E
 62
     7
370
     0
100
AcDbVertex
100
AcDb2dVertex
 10
-48.78925484891428
 20
-15.39441044058867
 30
0.0
  0
VERTEX
  5
3D2
330
3D0
100
AcDbEntity
  8
Make2D___U+9359_U+7EFE__U+93C5_U+20AC_U+6C31_U+568E
 62
     7
370
     0
100
AcDbVertex
100
AcDb2dVertex
 10
-48.78925484891428
 20
-10.7697055585736
 30
0.0
  0
SEQEND
  5
3D3
330
3D0
100
AcDbEntity
  8
Make2D___U+9359_U+7EFE__U+93C5_U+20AC_U+6C31_U+568E
 62
     7
370
     0
  0
POLYLINE
  5
3D4
330
234
100
AcDbEntity
  8
Make2D___U+9359_U+7EFE__U+93C5_U+20AC_U+6C31_U+568E
 62
     7
370
     0
100
AcDb2dPolyline
 66
     1
 10
0.0
 20
0.0
 30
0.0
  0
VERTEX
  5
3D5
330
3D4
100
AcDbEntity
  8
Make2D___U+9359_U+7EFE__U+93C5_U+20AC_U+6C31_U+568E
 62
     7
370
     0
100
AcDbVertex
100
AcDb2dVertex
 10
48.78925484891321
 20
-10.7697055585736
 30
0.0
  0
VERTEX
  5
3D6
330
3D4
100
AcDbEntity
  8
Make2D___U+9359_U+7EFE__U+93C5_U+20AC_U+6C31_U+568E
 62
     7
370
     0
100
AcDbVertex
100
AcDb2dVertex
 10
48.78925484891321
 20
-15.39441044058867
 30
0.0
  0
SEQEND
  5
3D7
330
3D4
100
AcDbEntity
  8
Make2D___U+9359_U+7EFE__U+93C5_U+20AC_U+6C31_U+568E
 62
     7
370
     0
  0
POLYLINE
  5
3D8
330
234
100
AcDbEntity
  8
Make2D___U+9359_U+7EFE__U+93C5_U+20AC_U+6C31_U+568E
 62
     7
370
     0
100
AcDb2dPolyline
 66
     1
 10
0.0
 20
0.0
 30
0.0
  0
VERTEX
  5
3D9
330
3D8
100
AcDbEntity
  8
Make2D___U+9359_U+7EFE__U+93C5_U+20AC_U+6C31_U+568E
 62
     7
370
     0
100
AcDbVertex
100
AcDb2dVertex
 10
48.78925484891321
 20
-10.7697055585736
 30
0.0
  0
VERTEX
  5
3DA
330
3D8
100
AcDbEntity
  8
Make2D___U+9359_U+7EFE__U+93C5_U+20AC_U+6C31_U+568E
 62
     7
370
     0
100
AcDbVertex
100
AcDb2dVertex
 10
30.31696374241987
 20
-10.7697055585736
 30
0.0
  0
SEQEND
  5
3DB
330
3D8
100
AcDbEntity
  8
Make2D___U+9359_U+7EFE__U+93C5_U+20AC_U+6C31_U+568E
 62
     7
370
     0
  0
POLYLINE
  5
3DC
330
234
100
AcDbEntity
  8
Make2D___U+9359_U+7EFE__U+93C5_U+20AC_U+6C31_U+568E
 62
     7
370
     0
100
AcDb2dPolyline
 66
     1
 10
0.0
 20
0.0
 30
0.0
  0
VERTEX
  5
3DD
330
3DC
100
AcDbEntity
  8
Make2D___U+9359_U+7EFE__U+93C5_U+20AC_U+6C31_U+568E
 62
     7
370
     0
100
AcDbVertex
100
AcDb2dVertex
 10
48.78925484891321
 20
-15.39441044058867
 30
0.0
  0
VERTEX
  5
3DE
330
3DC
100
AcDbEntity
  8
Make2D___U+9359_U+7EFE__U+93C5_U+20AC_U+6C31_U+568E
 62
     7
370
     0
100
AcDbVertex
100
AcDb2dVertex
 10
30.31696374241987
 20
-15.39441044058867
 30
0.0
  0
SEQEND
  5
3DF
330
3DC
100
AcDbEntity
  8
Make2D___U+9359_U+7EFE__U+93C5_U+20AC_U+6C31_U+568E
 62
     7
370
     0
  0
POLYLINE
  5
3E0
330
234
100
AcDbEntity
  8
Make2D___U+9359_U+7EFE__U+93C5_U+20AC_U+6C31_U+568E
 62
     7
370
     0
100
AcDb2dPolyline
 66
     1
 10
0.0
 20
0.0
 30
0.0
  0
VERTEX
  5
3E1
330
3E0
100
AcDbEntity
  8
Make2D___U+9359_U+7EFE__U+93C5_U+20AC_U+6C31_U+568E
 62
     7
370
     0
100
AcDbVertex
100
AcDb2dVertex
 10
-30.31696374242196
 20
-15.39441044058867
 30
0.0
  0
VERTEX
  5
3E2
330
3E0
100
AcDbEntity
  8
Make2D___U+9359_U+7EFE__U+93C5_U+20AC_U+6C31_U+568E
 62
     7
370
     0
100
AcDbVertex
100
AcDb2dVertex
 10
-48.78925484891428
 20
-15.39441044058867
 30
0.0
  0
SEQEND
  5
3E3
330
3E0
100
AcDbEntity
  8
Make2D___U+9359_U+7EFE__U+93C5_U+20AC_U+6C31_U+568E
 62
     7
370
     0
  0
POLYLINE
  5
3E4
330
234
100
AcDbEntity
  8
Make2D___U+9359_U+7EFE__U+93C5_U+20AC_U+6C31_U+568E
 62
     7
370
     0
100
AcDb2dPolyline
 66
     1
 10
0.0
 20
0.0
 30
0.0
  0
VERTEX
  5
3E5
330
3E4
100
AcDbEntity
  8
Make2D___U+9359_U+7EFE__U+93C5_U+20AC_U+6C31_U+568E
 62
     7
370
     0
100
AcDbVertex
100
AcDb2dVertex
 10
-48.78925484891428
 20
15.39441044058958
 30
0.0
  0
VERTEX
  5
3E6
330
3E4
100
AcDbEntity
  8
Make2D___U+9359_U+7EFE__U+93C5_U+20AC_U+6C31_U+568E
 62
     7
370
     0
100
AcDbVertex
100
AcDb2dVertex
 10
-30.31696374242196
 20
15.39441044058958
 30
0.0
  0
SEQEND
  5
3E7
330
3E4
100
AcDbEntity
  8
Make2D___U+9359_U+7EFE__U+93C5_U+20AC_U+6C31_U+568E
 62
     7
370
     0
  0
POLYLINE
  5
3E8
330
234
100
AcDbEntity
  8
Make2D___U+9359_U+7EFE__U+93C5_U+20AC_U+6C31_U+568E
 62
     7
370
     0
100
AcDb2dPolyline
 66
     1
 10
0.0
 20
0.0
 30
0.0
  0
VERTEX
  5
3E9
330
3E8
100
AcDbEntity
  8
Make2D___U+9359_U+7EFE__U+93C5_U+20AC_U+6C31_U+568E
 62
     7
370
     0
100
AcDbVertex
100
AcDb2dVertex
 10
30.31696374241987
 20
15.39441044058958
 30
0.0
  0
VERTEX
  5
3EA
330
3E8
100
AcDbEntity
  8
Make2D___U+9359_U+7EFE__U+93C5_U+20AC_U+6C31_U+568E
 62
     7
370
     0
100
AcDbVertex
100
AcDb2dVertex
 10
48.78925484891321
 20
15.39441044058958
 30
0.0
  0
SEQEND
  5
3EB
330
3E8
100
AcDbEntity
  8
Make2D___U+9359_U+7EFE__U+93C5_U+20AC_U+6C31_U+568E
 62
     7
370
     0
  0
POLYLINE
  5
3EC
330
234
100
AcDbEntity
  8
Make2D___U+9359_U+7EFE__U+93C5_U+20AC_U+6C31_U+568E
 62
     7
370
     0
100
AcDb2dPolyline
 66
     1
 10
0.0
 20
0.0
 30
0.0
  0
VERTEX
  5
3ED
330
3EC
100
AcDbEntity
  8
Make2D___U+9359_U+7EFE__U+93C5_U+20AC_U+6C31_U+568E
 62
     7
370
     0
100
AcDbVertex
100
AcDb2dVertex
 10
48.78925484891321
 20
10.76970555857633
 30
0.0
  0
VERTEX
  5
3EE
330
3EC
100
AcDbEntity
  8
Make2D___U+9359_U+7EFE__U+93C5_U+20AC_U+6C31_U+568E
 62
     7
370
     0
100
AcDbVertex
100
AcDb2dVertex
 10
49.28924679323214
 20
10.40327529014621
 30
0.0
  0
SEQEND
  5
3EF
330
3EC
100
AcDbEntity
  8
Make2D___U+9359_U+7EFE__U+93C5_U+20AC_U+6C31_U+568E
 62
     7
370
     0
  0
POLYLINE
  5
3F0
330
234
100
AcDbEntity
  8
Make2D___U+9359_U+7EFE__U+93C5_U+20AC_U+6C31_U+568E
 62
     7
370
     0
100
AcDb2dPolyline
 66
     1
 10
0.0
 20
0.0
 30
0.0
  0
VERTEX
  5
3F1
330
3F0
100
AcDbEntity
  8
Make2D___U+9359_U+7EFE__U+93C5_U+20AC_U+6C31_U+568E
 62
     7
370
     0
100
AcDbVertex
100
AcDb2dVertex
 10
49.28924679323214
 20
-10.4032752901453
 30
0.0
  0
VERTEX
  5
3F2
330
3F0
100
AcDbEntity
  8
Make2D___U+9359_U+7EFE__U+93C5_U+20AC_U+6C31_U+568E
 62
     7
370
     0
100
AcDbVertex
100
AcDb2dVertex
 10
48.78925484891321
 20
-10.7697055585736
 30
0.0
  0
SEQEND
  5
3F3
330
3F0
100
AcDbEntity
  8
Make2D___U+9359_U+7EFE__U+93C5_U+20AC_U+6C31_U+568E
 62
     7
370
     0
  0
POLYLINE
  5
3F4
330
234
100
AcDbEntity
  8
Make2D___U+9359_U+7EFE__U+93C5_U+20AC_U+6C31_U+568E
 62
     7
370
     0
100
AcDb2dPolyline
 66
     1
 10
0.0
 20
0.0
 30
0.0
  0
VERTEX
  5
3F5
330
3F4
100
AcDbEntity
  8
Make2D___U+9359_U+7EFE__U+93C5_U+20AC_U+6C31_U+568E
 62
     7
370
     0
100
AcDbVertex
100
AcDb2dVertex
 10
49.28924679323214
 20
-14.87007684285299
 30
0.0
  0
VERTEX
  5
3F6
330
3F4
100
AcDbEntity
  8
Make2D___U+9359_U+7EFE__U+93C5_U+20AC_U+6C31_U+568E
 62
     7
370
     0
100
AcDbVertex
100
AcDb2dVertex
 10
48.78925484891321
 20
-15.39441044058867
 30
0.0
  0
SEQEND
  5
3F7
330
3F4
100
AcDbEntity
  8
Make2D___U+9359_U+7EFE__U+93C5_U+20AC_U+6C31_U+568E
 62
     7
370
     0
  0
POLYLINE
  5
3F8
330
234
100
AcDbEntity
  8
Make2D___U+9359_U+7EFE__U+93C5_U+20AC_U+6C31_U+568E
 62
     7
370
     0
100
AcDb2dPolyline
 66
     1
 10
0.0
 20
0.0
 30
0.0
  0
VERTEX
  5
3F9
330
3F8
100
AcDbEntity
  8
Make2D___U+9359_U+7EFE__U+93C5_U+20AC_U+6C31_U+568E
 62
     7
370
     0
100
AcDbVertex
100
AcDb2dVertex
 10
48.78925484891321
 20
15.39441044058958
 30
0.0
  0
VERTEX
  5
3FA
330
3F8
100
AcDbEntity
  8
Make2D___U+9359_U+7EFE__U+93C5_U+20AC_U+6C31_U+568E
 62
     7
370
     0
100
AcDbVertex
100
AcDb2dVertex
 10
49.28924679323214
 20
14.87007684285572
 30
0.0
  0
SEQEND
  5
3FB
330
3F8
100
AcDbEntity
  8
Make2D___U+9359_U+7EFE__U+93C5_U+20AC_U+6C31_U+568E
 62
     7
370
     0
  0
POLYLINE
  5
3FC
330
234
100
AcDbEntity
  8
Make2D___U+9359_U+7EFE__U+93C5_U+20AC_U+6C31_U+568E
 62
     7
370
     0
100
AcDb2dPolyline
 66
     1
 10
0.0
 20
0.0
 30
0.0
  0
VERTEX
  5
3FD
330
3FC
100
AcDbEntity
  8
Make2D___U+9359_U+7EFE__U+93C5_U+20AC_U+6C31_U+568E
 62
     7
370
     0
100
AcDbVertex
100
AcDb2dVertex
 10
-49.28924679323422
 20
-14.87007684285299
 30
0.0
  0
VERTEX
  5
3FE
330
3FC
100
AcDbEntity
  8
Make2D___U+9359_U+7EFE__U+93C5_U+20AC_U+6C31_U+568E
 62
     7
370
     0
100
AcDbVertex
100
AcDb2dVertex
 10
-48.78925484891428
 20
-15.39441044058867
 30
0.0
  0
SEQEND
  5
3FF
330
3FC
100
AcDbEntity
  8
Make2D___U+9359_U+7EFE__U+93C5_U+20AC_U+6C31_U+568E
 62
     7
370
     0
  0
POLYLINE
  5
400
330
234
100
AcDbEntity
  8
Make2D___U+9359_U+7EFE__U+93C5_U+20AC_U+6C31_U+568E
 62
     7
370
     0
100
AcDb2dPolyline
 66
     1
 10
0.0
 20
0.0
 30
0.0
  0
VERTEX
  5
401
330
400
100
AcDbEntity
  8
Make2D___U+9359_U+7EFE__U+93C5_U+20AC_U+6C31_U+568E
 62
     7
370
     0
100
AcDbVertex
100
AcDb2dVertex
 10
-48.78925484891428
 20
-10.7697055585736
 30
0.0
  0
VERTEX
  5
402
330
400
100
AcDbEntity
  8
Make2D___U+9359_U+7EFE__U+93C5_U+20AC_U+6C31_U+568E
 62
     7
370
     0
100
AcDbVertex
100
AcDb2dVertex
 10
-49.28924679323422
 20
-10.4032752901453
 30
0.0
  0
SEQEND
  5
403
330
400
100
AcDbEntity
  8
Make2D___U+9359_U+7EFE__U+93C5_U+20AC_U+6C31_U+568E
 62
     7
370
     0
  0
POLYLINE
  5
404
330
234
100
AcDbEntity
  8
Make2D___U+9359_U+7EFE__U+93C5_U+20AC_U+6C31_U+568E
 62
     7
370
     0
100
AcDb2dPolyline
 66
     1
 10
0.0
 20
0.0
 30
0.0
  0
VERTEX
  5
405
330
404
100
AcDbEntity
  8
Make2D___U+9359_U+7EFE__U+93C5_U+20AC_U+6C31_U+568E
 62
     7
370
     0
100
AcDbVertex
100
AcDb2dVertex
 10
-48.78925484891428
 20
15.39441044058958
 30
0.0
  0
VERTEX
  5
406
330
404
100
AcDbEntity
  8
Make2D___U+9359_U+7EFE__U+93C5_U+20AC_U+6C31_U+568E
 62
     7
370
     0
100
AcDbVertex
100
AcDb2dVertex
 10
-49.28924679323422
 20
14.87007684285572
 30
0.0
  0
SEQEND
  5
407
330
404
100
AcDbEntity
  8
Make2D___U+9359_U+7EFE__U+93C5_U+20AC_U+6C31_U+568E
 62
     7
370
     0
  0
POLYLINE
  5
408
330
234
100
AcDbEntity
  8
Make2D___U+9359_U+7EFE__U+93C5_U+20AC_U+6C31_U+568E
 62
     7
370
     0
100
AcDb2dPolyline
 66
     1
 10
0.0
 20
0.0
 30
0.0
  0
VERTEX
  5
409
330
408
100
AcDbEntity
  8
Make2D___U+9359_U+7EFE__U+93C5_U+20AC_U+6C31_U+568E
 62
     7
370
     0
100
AcDbVertex
100
AcDb2dVertex
 10
-49.28924679323422
 20
10.40327529014621
 30
0.0
  0
VERTEX
  5
40A
330
408
100
AcDbEntity
  8
Make2D___U+9359_U+7EFE__U+93C5_U+20AC_U+6C31_U+568E
 62
     7
370
     0
100
AcDbVertex
100
AcDb2dVertex
 10
-48.78925484891428
 20
10.76970555857633
 30
0.0
  0
SEQEND
  5
40B
330
408
100
AcDbEntity
  8
Make2D___U+9359_U+7EFE__U+93C5_U+20AC_U+6C31_U+568E
 62
     7
370
     0
  0
POLYLINE
  5
40C
330
234
100
AcDbEntity
  8
Make2D___U+9359_U+7EFE__U+93C5_U+20AC_U+6C31_U+568E
 62
     7
370
     0
100
AcDb2dPolyline
 66
     1
 10
0.0
 20
0.0
 30
0.0
  0
VERTEX
  5
40D
330
40C
100
AcDbEntity
  8
Make2D___U+9359_U+7EFE__U+93C5_U+20AC_U+6C31_U+568E
 62
     7
370
     0
100
AcDbVertex
100
AcDb2dVertex
 10
-7.364112637048797
 20
6.58646677641127
 30
0.0
  0
VERTEX
  5
40E
330
40C
100
AcDbEntity
  8
Make2D___U+9359_U+7EFE__U+93C5_U+20AC_U+6C31_U+568E
 62
     7
370
     0
100
AcDbVertex
100
AcDb2dVertex
 10
-4.888388748778957
 20
6.58646677641127
 30
0.0
  0
SEQEND
  5
40F
330
40C
100
AcDbEntity
  8
Make2D___U+9359_U+7EFE__U+93C5_U+20AC_U+6C31_U+568E
 62
     7
370
     0
  0
POLYLINE
  5
410
330
234
100
AcDbEntity
  8
Make2D___U+9359_U+7EFE__U+93C5_U+20AC_U+6C31_U+568E
 62
     7
370
     0
100
AcDb2dPolyline
 66
     1
 10
0.0
 20
0.0
 30
0.0
  0
VERTEX
  5
411
330
410
100
AcDbEntity
  8
Make2D___U+9359_U+7EFE__U+93C5_U+20AC_U+6C31_U+568E
 62
     7
370
     0
100
AcDbVertex
100
AcDb2dVertex
 10
-4.111713193417891
 20
6.586502054188257
 30
0.0
  0
VERTEX
  5
412
330
410
100
AcDbEntity
  8
Make2D___U+9359_U+7EFE__U+93C5_U+20AC_U+6C31_U+568E
 62
     7
370
     0
100
AcDbVertex
100
AcDb2dVertex
 10
-2.45461013827647
 20
6.586502054188257
 30
0.0
  0
SEQEND
  5
413
330
410
100
AcDbEntity
  8
Make2D___U+9359_U+7EFE__U+93C5_U+20AC_U+6C31_U+568E
 62
     7
370
     0
  0
POLYLINE
  5
414
330
234
100
AcDbEntity
  8
Make2D___U+9359_U+7EFE__U+93C5_U+20AC_U+6C31_U+568E
 62
     7
370
     0
100
AcDb2dPolyline
 66
     1
 10
0.0
 20
0.0
 30
0.0
  0
VERTEX
  5
415
330
414
100
AcDbEntity
  8
Make2D___U+9359_U+7EFE__U+93C5_U+20AC_U+6C31_U+568E
 62
     7
370
     0
100
AcDbVertex
100
AcDb2dVertex
 10
4.87875791544608
 20
6.58646677641127
 30
0.0
  0
VERTEX
  5
416
330
414
100
AcDbEntity
  8
Make2D___U+9359_U+7EFE__U+93C5_U+20AC_U+6C31_U+568E
 62
     7
370
     0
100
AcDbVertex
100
AcDb2dVertex
 10
7.370497914823352
 20
6.58646677641127
 30
0.0
  0
SEQEND
  5
417
330
414
100
AcDbEntity
  8
Make2D___U+9359_U+7EFE__U+93C5_U+20AC_U+6C31_U+568E
 62
     7
370
     0
  0
POLYLINE
  5
418
330
234
100
AcDbEntity
  8
Make2D___U+9359_U+7EFE__U+93C5_U+20AC_U+6C31_U+568E
 62
     7
370
     0
100
AcDb2dPolyline
 66
     1
 10
0.0
 20
0.0
 30
0.0
  0
VERTEX
  5
419
330
418
100
AcDbEntity
  8
Make2D___U+9359_U+7EFE__U+93C5_U+20AC_U+6C31_U+568E
 62
     7
370
     0
100
AcDbVertex
100
AcDb2dVertex
 10
1.209375138586131
 20
-6.413535114155365
 30
0.0
  0
VERTEX
  5
41A
330
418
100
AcDbEntity
  8
Make2D___U+9359_U+7EFE__U+93C5_U+20AC_U+6C31_U+568E
 62
     7
370
     0
100
AcDbVertex
100
AcDb2dVertex
 10
-1.209339860809754
 20
-6.413535114155365
 30
0.0
  0
SEQEND
  5
41B
330
418
100
AcDbEntity
  8
Make2D___U+9359_U+7EFE__U+93C5_U+20AC_U+6C31_U+568E
 62
     7
370
     0
  0
POLYLINE
  5
41C
330
234
100
AcDbEntity
  8
Make2D___U+9359_U+7EFE__U+93C5_U+20AC_U+6C31_U+568E
 62
     7
370
     0
100
AcDb2dPolyline
 66
     1
 10
0.0
 20
0.0
 30
0.0
  0
VERTEX
  5
41D
330
41C
100
AcDbEntity
  8
Make2D___U+9359_U+7EFE__U+93C5_U+20AC_U+6C31_U+568E
 62
     7
370
     0
100
AcDbVertex
100
AcDb2dVertex
 10
-49.28924679323422
 20
-10.4032752901453
 30
0.0
  0
VERTEX
  5
41E
330
41C
100
AcDbEntity
  8
Make2D___U+9359_U+7EFE__U+93C5_U+20AC_U+6C31_U+568E
 62
     7
370
     0
100
AcDbVertex
100
AcDb2dVertex
 10
-49.28924679323422
 20
-14.87007684285299
 30
0.0
  0
SEQEND
  5
41F
330
41C
100
AcDbEntity
  8
Make2D___U+9359_U+7EFE__U+93C5_U+20AC_U+6C31_U+568E
 62
     7
370
     0
  0
POLYLINE
  5
420
330
234
100
AcDbEntity
  8
Make2D___U+9359_U+7EFE__U+93C5_U+20AC_U+6C31_U+568E
 62
     7
370
     0
100
AcDb2dPolyline
 66
     1
 10
0.0
 20
0.0
 30
0.0
  0
VERTEX
  5
421
330
420
100
AcDbEntity
  8
Make2D___U+9359_U+7EFE__U+93C5_U+20AC_U+6C31_U+568E
 62
     7
370
     0
100
AcDbVertex
100
AcDb2dVertex
 10
-49.28924679323422
 20
14.87007684285572
 30
0.0
  0
VERTEX
  5
422
330
420
100
AcDbEntity
  8
Make2D___U+9359_U+7EFE__U+93C5_U+20AC_U+6C31_U+568E
 62
     7
370
     0
100
AcDbVertex
100
AcDb2dVertex
 10
-49.28924679323422
 20
10.40327529014621
 30
0.0
  0
SEQEND
  5
423
330
420
100
AcDbEntity
  8
Make2D___U+9359_U+7EFE__U+93C5_U+20AC_U+6C31_U+568E
 62
     7
370
     0
  0
POLYLINE
  5
424
330
234
100
AcDbEntity
  8
Make2D___U+9359_U+7EFE__U+93C5_U+20AC_U+6C31_U+568E
 62
     7
370
     0
100
AcDb2dPolyline
 66
     1
 10
0.0
 20
0.0
 30
0.0
  0
VERTEX
  5
425
330
424
100
AcDbEntity
  8
Make2D___U+9359_U+7EFE__U+93C5_U+20AC_U+6C31_U+568E
 62
     7
370
     0
100
AcDbVertex
100
AcDb2dVertex
 10
49.28924679323214
 20
-14.87007684285299
 30
0.0
  0
VERTEX
  5
426
330
424
100
AcDbEntity
  8
Make2D___U+9359_U+7EFE__U+93C5_U+20AC_U+6C31_U+568E
 62
     7
370
     0
100
AcDbVertex
100
AcDb2dVertex
 10
49.28924679323214
 20
-10.4032752901453
 30
0.0
  0
SEQEND
  5
427
330
424
100
AcDbEntity
  8
Make2D___U+9359_U+7EFE__U+93C5_U+20AC_U+6C31_U+568E
 62
     7
370
     0
  0
POLYLINE
  5
428
330
234
100
AcDbEntity
  8
Make2D___U+9359_U+7EFE__U+93C5_U+20AC_U+6C31_U+568E
 62
     7
370
     0
100
AcDb2dPolyline
 66
     1
 10
0.0
 20
0.0
 30
0.0
  0
VERTEX
  5
429
330
428
100
AcDbEntity
  8
Make2D___U+9359_U+7EFE__U+93C5_U+20AC_U+6C31_U+568E
 62
     7
370
     0
100
AcDbVertex
100
AcDb2dVertex
 10
49.28924679323214
 20
10.40327529014621
 30
0.0
  0
VERTEX
  5
42A
330
428
100
AcDbEntity
  8
Make2D___U+9359_U+7EFE__U+93C5_U+20AC_U+6C31_U+568E
 62
     7
370
     0
100
AcDbVertex
100
AcDb2dVertex
 10
49.28924679323214
 20
14.87007684285572
 30
0.0
  0
SEQEND
  5
42B
330
428
100
AcDbEntity
  8
Make2D___U+9359_U+7EFE__U+93C5_U+20AC_U+6C31_U+568E
 62
     7
370
     0
  0
POLYLINE
  5
42C
330
234
100
AcDbEntity
  8
Make2D___U+9359_U+7EFE__U+93C5_U+20AC_U+6C31_U+568E
 62
     7
370
     0
100
AcDb2dPolyline
 66
     1
 10
0.0
 20
0.0
 30
0.0
  0
VERTEX
  5
42D
330
42C
100
AcDbEntity
  8
Make2D___U+9359_U+7EFE__U+93C5_U+20AC_U+6C31_U+568E
 62
     7
370
     0
100
AcDbVertex
100
AcDb2dVertex
 10
-49.28924682674264
 20
10.40327526558803
 30
0.0
  0
VERTEX
  5
42E
330
42C
100
AcDbEntity
  8
Make2D___U+9359_U+7EFE__U+93C5_U+20AC_U+6C31_U+568E
 62
     7
370
     0
100
AcDbVertex
100
AcDb2dVertex
 10
-49.28924682674264
 20
-10.40327530954482
 30
0.0
  0
SEQEND
  5
42F
330
42C
100
AcDbEntity
  8
Make2D___U+9359_U+7EFE__U+93C5_U+20AC_U+6C31_U+568E
 62
     7
370
     0
  0
POLYLINE
  5
430
330
234
100
AcDbEntity
  8
Make2D___U+9359_U+7EFE__U+93C5_U+20AC_U+6C31_U+568E
 62
     7
370
     0
100
AcDb2dPolyline
 66
     1
 10
0.0
 20
0.0
 30
0.0
  0
VERTEX
  5
431
330
430
100
AcDbEntity
  8
Make2D___U+9359_U+7EFE__U+93C5_U+20AC_U+6C31_U+568E
 62
     7
370
     0
100
AcDbVertex
100
AcDb2dVertex
 10
49.28924689494184
 20
10.40327540678527
 30
0.0
  0
VERTEX
  5
432
330
430
100
AcDbEntity
  8
Make2D___U+9359_U+7EFE__U+93C5_U+20AC_U+6C31_U+568E
 62
     7
370
     0
100
AcDbVertex
100
AcDb2dVertex
 10
49.28924689494184
 20
-10.40327516834759
 30
0.0
  0
SEQEND
  5
433
330
430
100
AcDbEntity
  8
Make2D___U+9359_U+7EFE__U+93C5_U+20AC_U+6C31_U+568E
 62
     7
370
     0
  0
ENDBLK
  0
BLOCK
  5
BF7
330
BF6
100
AcDbEntity
  8
0
100
AcDbBlockBegin
  2
防尘塞短
 70
     0
 10
0.0
 20
0.0
 30
0.0
  3
防尘塞短
  1

  0
LINE
  5
BF8
330
BF6
100
AcDbEntity
  8
51
  6
Continuous
 62
     7
370
    18
100
AcDbLine
 10
18.09506103884996
 20
-9.659293011006411
 30
0.0
 11
18.09506103884996
 21
-9.326845131608024
 31
0.0
  0
INSERT
  5
BF9
330
BF6
100
AcDbEntity
  8
0
100
AcDbBlockReference
  2
防尘塞
 10
-1.150435572486457
 20
-7.389704648321638
 30
0.0
  0
ENDBLK
  0
BLOCK
  5
677
330
676
100
AcDbEntity
  8
0
100
AcDbBlockBegin
  2
防尘塞
 70
     0
 10
0.0
 20
0.0
 30
0.0
  3
防尘塞
  1

  0
LINE
  5
678
330
676
100
AcDbEntity
  8
51
  6
Continuous
 62
     7
370
    18
100
AcDbLine
 10
16.88467281873817
 20
-1.937140483286384
 30
0.0
 11
16.54057624773668
 21
-1.937140483286384
 31
0.0
  0
LINE
  5
679
330
676
100
AcDbEntity
  8
51
  6
Continuous
 62
     7
370
    18
100
AcDbLine
 10
19.24549661133642
 20
-1.937140483286384
 30
0.0
 11
16.88467281873817
 21
-1.937140483286384
 31
0.0
  0
LINE
  5
67A
330
676
100
AcDbEntity
  8
51
  6
Continuous
 62
     7
370
    18
100
AcDbLine
 10
16.88467281873817
 20
-2.269588362684771
 30
0.0
 11
16.88467281873817
 21
-1.937140483286384
 31
0.0
  0
LINE
  5
67B
330
676
100
AcDbEntity
  8
51
  6
Continuous
 62
     7
370
    18
100
AcDbLine
 10
13.26245678493797
 20
-1.937140483286384
 30
0.0
 11
12.21799935273702
 21
-1.937140483286384
 31
0.0
  0
LINE
  5
67C
330
676
100
AcDbEntity
  8
51
  6
Continuous
 62
     7
370
    18
100
AcDbLine
 10
16.54057357233796
 20
-1.937140483286384
 30
0.0
 11
15.73234459623745
 21
-1.937140483286384
 31
0.0
  0
LINE
  5
67D
330
676
100
AcDbEntity
  8
51
  6
Continuous
 62
     7
370
    18
100
AcDbLine
 10
16.54057357233796
 20
-2.269588362684771
 30
0.0
 11
16.54057357233796
 21
-1.937140483286384
 31
0.0
  0
LINE
  5
67E
330
676
100
AcDbEntity
  8
51
  6
Continuous
 62
     7
370
    18
100
AcDbLine
 10
25.86194676429659
 20
-2.269588362684771
 30
0.0
 11
23.18654676429833
 21
-2.269588362684771
 31
0.0
  0
LINE
  5
67F
330
676
100
AcDbEntity
  8
51
  6
Continuous
 62
     7
370
    18
100
AcDbLine
 10
27.86849676429847
 20
-4.944988362684854
 30
0.0
 11
25.86194676429659
 21
-4.944988362684854
 31
0.0
  0
LINE
  5
680
330
676
100
AcDbEntity
  8
51
  6
Continuous
 62
     7
370
    18
100
AcDbLine
 10
25.86194676429659
 20
-2.269588362684771
 30
0.0
 11
27.86849676429847
 21
-2.269588362684771
 31
0.0
  0
LINE
  5
681
330
676
100
AcDbEntity
  8
51
  6
Continuous
 62
     7
370
    18
100
AcDbLine
 10
12.21799935273702
 20
-1.937140483286384
 30
0.0
 11
12.21799935273702
 21
-2.269588362684771
 31
0.0
  0
LINE
  5
682
330
676
100
AcDbEntity
  8
51
  6
Continuous
 62
     7
370
    18
100
AcDbLine
 10
12.21799935273702
 20
-2.269588362684771
 30
0.0
 11
13.26242601783815
 21
-2.269588362684771
 31
0.0
  0
LINE
  5
683
330
676
100
AcDbEntity
  8
51
  6
Continuous
 62
     7
370
    18
100
AcDbLine
 10
13.26242601783815
 20
-2.269588362684771
 30
0.0
 11
13.26242601783815
 21
-1.937140483286384
 31
0.0
  0
LINE
  5
684
330
676
100
AcDbEntity
  8
51
  6
Continuous
 62
     7
370
    18
100
AcDbLine
 10
15.7323539601366
 20
-1.937140483286384
 30
0.0
 11
15.7323539601366
 21
-2.269588362684771
 31
0.0
  0
LINE
  5
685
330
676
100
AcDbEntity
  8
51
  6
Continuous
 62
     7
370
    18
100
AcDbLine
 10
15.7323539601366
 20
-2.269588362684771
 30
0.0
 11
23.21034050286289
 21
-2.269588362684771
 31
0.0
  0
LINE
  5
686
330
676
100
AcDbEntity
  8
51
  6
Continuous
 62
     7
370
    18
100
AcDbLine
 10
23.18654676429833
 20
-4.944988362684854
 30
0.0
 11
17.08003443999587
 21
-4.944988362684854
 31
0.0
  0
LINE
  5
687
330
676
100
AcDbEntity
  8
51
  6
Continuous
 62
     7
370
    18
100
AcDbLine
 10
8.072590241963551
 20
-4.944988362684854
 30
0.0
 11
2.815912030835533
 21
-4.944988362684854
 31
0.0
  0
LWPOLYLINE
  5
688
330
676
100
AcDbEntity
  8
51
  6
Continuous
 62
     7
370
    18
100
AcDbPolyline
 90
        4
 70
     0
 43
0.0
 10
8.520900210636682
 20
-2.269588362684771
 10
10.32679521063801
 20
-2.269588362684771
 10
10.32679521063801
 20
-1.937140483286384
 10
12.21799935273702
 20
-1.937140483286384
  0
LINE
  5
689
330
676
100
AcDbEntity
  8
51
  6
Continuous
 62
     7
370
    18
100
AcDbLine
 10
28.53734676429849
 20
-2.938438362685701
 30
0.0
 11
28.53734676429849
 21
-4.276138362684831
 31
0.0
  0
LWPOLYLINE
  5
68A
330
676
100
AcDbEntity
  8
51
  6
Continuous
 62
     7
370
    18
100
AcDbPolyline
 90
        2
 70
     0
 43
0.0
 10
17.08003443999587
 20
-4.944988362684854
 10
7.533212893440576
 20
-4.944988362684854
  0
LINE
  5
68B
330
676
100
AcDbEntity
  8
51
  6
Continuous
 62
     7
370
    18
100
AcDbLine
 10
25.86194676429659
 20
-4.944988362684854
 30
0.0
 11
23.18654676429833
 21
-4.944988362684854
 31
0.0
  0
LWPOLYLINE
  5
68C
330
676
100
AcDbEntity
  8
51
  6
Continuous
 62
     7
370
    18
100
AcDbPolyline
 90
        8
 70
     0
 43
0.0
 10
3.838950210636538
 20
-2.269588362684771
 10
4.173375210637459
 20
-3.874828362685548
 10
8.123890800012302
 20
-3.873425016396139
 10
8.520900210636682
 20
-2.269588362684771
 10
3.838950210636538
 20
-2.269588362684771
 10
2.768790210637233
 20
-2.269588362684771
 42
0.4142135623730951
 10
2.099940210637214
 20
-2.938438362685701
 10
2.147468691637186
 20
-4.299479889984468
  0
LINE
  5
68D
330
676
100
AcDbEntity
  8
51
  6
Continuous
 62
     7
370
    18
100
AcDbLine
 10
15.73234459623745
 20
-1.937140483286384
 30
0.0
 11
13.26245678493797
 21
-1.937140483286384
 31
0.0
  0
ARC
  5
68E
330
676
100
AcDbEntity
  8
51
  6
Continuous
 62
     7
370
    18
100
AcDbCircle
 10
27.86849676429847
 20
-4.276138362684831
 30
0.0
 40
0.66885
100
AcDbArc
 50
270.0
 51
0.0
  0
ARC
  5
68F
330
676
100
AcDbEntity
  8
51
  6
Continuous
 62
     7
370
    18
100
AcDbCircle
 10
2.815912030835533
 20
-4.276138362684831
 30
0.0
 40
0.66885
100
AcDbArc
 50
182.0000000000039
 51
270.0
  0
ARC
  5
690
330
676
100
AcDbEntity
  8
51
  6
Continuous
 62
     7
370
    18
100
AcDbCircle
 10
27.86849676429847
 20
-2.938438362685701
 30
0.0
 40
0.66885
100
AcDbArc
 50
0.0
 51
90.0
  0
LWPOLYLINE
  5
691
330
676
100
AcDbEntity
  8
0
100
AcDbPolyline
 90
        2
 70
     0
 43
0.0
 10
16.68990691369436
 20
-4.944988362684854
 10
16.68990691369436
 20
-9.396067377194411
  0
LWPOLYLINE
  5
692
330
676
100
AcDbEntity
  8
0
100
AcDbPolyline
 90
        2
 70
     0
 43
0.0
 10
16.68990691369436
 20
-9.396067377194411
 10
8.090778736167521
 20
-9.44165581906236
  0
LWPOLYLINE
  5
693
330
676
100
AcDbEntity
  8
0
100
AcDbPolyline
 90
        2
 70
     0
 43
0.0
 10
8.072590241963551
 20
-4.944988362684854
 10
8.090778736167521
 20
-9.44165581906236
  0
LWPOLYLINE
  5
694
330
676
100
AcDbEntity
  8
0
  6
DASH
100
AcDbPolyline
 90
        2
 70
     0
 43
0.0
 10
8.898133596925617
 20
-4.944988362684854
 10
8.921883476064977
 20
-9.437249701448306
  0
LWPOLYLINE
  5
695
330
676
100
AcDbEntity
  8
0
  6
DASH
100
AcDbPolyline
 90
        2
 70
     0
 43
0.0
 10
15.93002231089122
 20
-4.944988362684854
 10
15.95348812278189
 20
-9.399971515445033
  0
LINE
  5
696
330
676
100
AcDbEntity
  8
0
  6
DASH
100
AcDbLine
 10
26.18352727590536
 20
-2.269588362684771
 30
0.0
 11
26.18352727590536
 21
-4.944988362684854
 31
0.0
  0
LINE
  5
697
330
676
100
AcDbEntity
  8
0
  6
DASH
100
AcDbLine
 10
23.68807030984317
 20
-2.269588362684771
 30
0.0
 11
23.68807030984317
 21
-4.944988362684854
 31
0.0
  0
ENDBLK
  0
BLOCK
  5
6D3
330
6D1
100
AcDbEntity
  8
0
 62
     7
370
     0
100
AcDbBlockBegin
  2
4
 70
     0
 10
0.0
 20
0.0
 30
0.0
  3
4
  1

  0
LINE
  5
6D4
330
6D1
100
AcDbEntity
  8
_TCH_MASK
  6
Continuous
 62
     7
100
AcDbLine
 10
3392.134633234543
 20
4256.457327070872
 30
0.0
 11
3392.159067274057
 21
4256.361627026011
 31
0.0
  0
LINE
  5
6D5
330
6D1
100
AcDbEntity
  8
_TCH_MASK
  6
Continuous
 62
     7
100
AcDbLine
 10
3392.989824744466
 20
4255.500327026018
 30
0.0
 11
3392.965390704944
 21
4255.596027003529
 31
0.0
  0
LINE
  5
6D6
330
6D1
100
AcDbEntity
  8
_TCH_MASK
  6
Continuous
 62
     7
100
AcDbLine
 10
3392.134633234543
 20
4259.902527209518
 30
0.0
 11
3392.159067274057
 21
4259.806827025994
 31
0.0
  0
LINE
  5
6D7
330
6D1
100
AcDbEntity
  8
_TCH_MASK
  6
Continuous
 62
     7
100
AcDbLine
 10
3392.989824744466
 20
4256.648727026036
 30
0.0
 11
3392.965390704944
 21
4256.744427070899
 31
0.0
  0
LINE
  5
6D8
330
6D1
100
AcDbEntity
  8
_TCH_MASK
  6
Continuous
 62
     7
100
AcDbLine
 10
3392.989824744466
 20
4260.093927026021
 30
0.0
 11
3392.965390704944
 21
4260.189627209468
 31
0.0
  0
LINE
  5
6D9
330
6D1
100
AcDbEntity
  8
_TCH_MASK
  6
Continuous
 62
     7
100
AcDbLine
 10
3392.01246303694
 20
4264.687527026015
 30
0.0
 11
3391.98802899741
 21
4264.783226663033
 31
0.0
  0
LINE
  5
6DA
330
6D1
100
AcDbEntity
  8
_TCH_MASK
  6
Continuous
 62
     7
100
AcDbLine
 10
3392.134633234543
 20
4265.859851663026
 30
0.0
 11
3392.159067274057
 21
4265.764152026008
 31
0.0
  0
LINE
  5
6DB
330
6D1
100
AcDbEntity
  8
_TCH_MASK
  6
Continuous
 62
     7
100
AcDbLine
 10
3392.989824744466
 20
4263.491277209475
 30
0.0
 11
3392.965390704944
 21
4263.586976842523
 31
0.0
  0
LINE
  5
6DC
330
6D1
100
AcDbEntity
  8
_TCH_MASK
  6
Continuous
 62
     7
100
AcDbLine
 10
3392.134633234543
 20
4266.984327025978
 30
0.0
 11
3392.159067274057
 21
4266.888627392932
 31
0.0
  0
LINE
  5
6DD
330
6D1
100
AcDbEntity
  8
_TCH_MASK
  6
Continuous
 62
     7
100
AcDbLine
 10
3392.989824744466
 20
4264.926776663008
 30
0.0
 11
3392.965390704944
 21
4265.022477392959
 31
0.0
  0
LINE
  5
6DE
330
6D1
100
AcDbEntity
  8
_TCH_MASK
  6
Continuous
 62
     7
100
AcDbLine
 10
3394.035559301148
 20
4260.931997103694
 30
0.0
 11
3394.006069941462
 21
4261.047497120824
 31
0.0
  0
LINE
  5
6DF
330
6D1
100
AcDbEntity
  8
_TCH_MASK
  6
Continuous
 62
     7
100
AcDbLine
 10
3392.989824744466
 20
4266.075176663028
 30
0.0
 11
3392.965390704944
 21
4266.170877392979
 31
0.0
  0
LINE
  5
6E0
330
6D1
100
AcDbEntity
  8
_TCH_MASK
  6
Continuous
 62
     7
100
AcDbLine
 10
3392.989824744466
 20
4267.175727392948
 30
0.0
 11
3392.965390704944
 21
4267.271427026005
 31
0.0
  0
LINE
  5
6E1
330
6D1
100
AcDbEntity
  8
_TCH_MASK
  6
Continuous
 62
     7
100
AcDbLine
 10
3392.134633234543
 20
4271.482227392925
 30
0.0
 11
3392.159067274057
 21
4271.386526662975
 31
0.0
  0
LINE
  5
6E2
330
6D1
100
AcDbEntity
  8
_TCH_MASK
  6
Continuous
 62
     7
100
AcDbLine
 10
3394.183006091633
 20
4263.675122217221
 30
0.0
 11
3394.212495451299
 21
4263.559621994155
 31
0.0
  0
LINE
  5
6E3
330
6D1
100
AcDbEntity
  8
_TCH_MASK
  6
Continuous
 62
     7
100
AcDbLine
 10
3395.215133771504
 20
4261.220747120836
 30
0.0
 11
3395.185644415775
 21
4261.336247134005
 31
0.0
  0
LINE
  5
6E4
330
6D1
100
AcDbEntity
  8
_TCH_MASK
  6
Continuous
 62
     7
100
AcDbLine
 10
3392.989824744466
 20
4271.697552392924
 30
0.0
 11
3392.965390704944
 21
4271.793252025982
 31
0.0
  0
LINE
  5
6E5
330
6D1
100
AcDbEntity
  8
_TCH_MASK
  6
Continuous
 62
     7
100
AcDbLine
 10
3395.215133771504
 20
4263.90612199411
 30
0.0
 11
3395.185644415775
 21
4264.021622217188
 31
0.0
  0
LINE
  5
6E6
330
6D1
100
AcDbEntity
  8
_TCH_MASK
  6
Continuous
 62
     7
100
AcDbLine
 10
3399.303997972916
 20
4259.925886857473
 30
0.0
 11
3399.279563933394
 21
4260.021586870641
 31
0.0
  0
LINE
  5
6E7
330
6D1
100
AcDbEntity
  8
_TCH_MASK
  6
Continuous
 62
     7
100
AcDbLine
 10
3399.303997972916
 20
4262.222686960366
 30
0.0
 11
3399.279563933394
 21
4262.31838687067
 31
0.0
  0
LINE
  5
6E8
330
6D1
100
AcDbEntity
  8
_TCH_MASK
  6
Continuous
 62
     7
100
AcDbLine
 10
3398.448806462984
 20
4267.534036687169
 30
0.0
 11
3398.473240502513
 21
4267.438337050161
 31
0.0
  0
LINE
  5
6E9
330
6D1
100
AcDbEntity
  8
_TCH_MASK
  6
Continuous
 62
     7
100
AcDbLine
 10
3399.303997972916
 20
4267.725437050176
 30
0.0
 11
3399.279563933394
 21
4267.821136687195
 31
0.0
  0
LINE
  5
6EA
330
6D1
100
AcDbEntity
  8
_TCH_MASK
  6
Continuous
 62
     7
100
AcDbLine
 10
3399.303997972916
 20
4270.022236503712
 30
0.0
 11
3399.279563933394
 21
4270.117937233663
 31
0.0
  0
LINE
  5
6EB
330
6D1
100
AcDbEntity
  8
_TCH_MASK
  6
Continuous
 62
     7
100
AcDbLine
 10
3392.01246303694
 20
4256.337701981109
 30
0.0
 11
3391.98802899741
 21
4256.457327070872
 31
0.0
  0
LINE
  5
6EC
330
6D1
100
AcDbEntity
  8
_TCH_MASK
  6
Continuous
 62
     7
100
AcDbLine
 10
3392.01246303694
 20
4259.782901842497
 30
0.0
 11
3391.98802899741
 21
4259.902527209518
 31
0.0
  0
LINE
  5
6ED
330
6D1
100
AcDbEntity
  8
_TCH_MASK
  6
Continuous
 62
     7
100
AcDbLine
 10
3393.111994957916
 20
4255.619952048429
 30
0.0
 11
3393.13642899743
 21
4255.500327026018
 31
0.0
  0
LINE
  5
6EE
330
6D1
100
AcDbEntity
  8
_TCH_MASK
  6
Continuous
 62
     7
100
AcDbLine
 10
3393.111994957916
 20
4256.7683519811
 30
0.0
 11
3393.13642899743
 21
4256.648727026036
 31
0.0
  0
LINE
  5
6EF
330
6D1
100
AcDbEntity
  8
_TCH_MASK
  6
Continuous
 62
     7
100
AcDbLine
 10
3393.111994957916
 20
4260.213551842499
 30
0.0
 11
3393.13642899743
 21
4260.093927026021
 31
0.0
  0
LINE
  5
6F0
330
6D1
100
AcDbEntity
  8
_TCH_MASK
  6
Continuous
 62
     7
100
AcDbLine
 10
3392.01246303694
 20
4265.740227392977
 30
0.0
 11
3391.98802899741
 21
4265.859851663026
 31
0.0
  0
LINE
  5
6F1
330
6D1
100
AcDbEntity
  8
_TCH_MASK
  6
Continuous
 62
     7
100
AcDbLine
 10
3392.01246303694
 20
4266.864701662995
 30
0.0
 11
3391.98802899741
 21
4266.984327025978
 31
0.0
  0
LINE
  5
6F2
330
6D1
100
AcDbEntity
  8
_TCH_MASK
  6
Continuous
 62
     7
100
AcDbLine
 10
3393.111994957916
 20
4263.610902026019
 30
0.0
 11
3393.13642899743
 21
4263.491277209475
 31
0.0
  0
LINE
  5
6F3
330
6D1
100
AcDbEntity
  8
_TCH_MASK
  6
Continuous
 62
     7
100
AcDbLine
 10
3393.111994957916
 20
4265.04640202599
 30
0.0
 11
3393.13642899743
 21
4264.926776663008
 31
0.0
  0
LINE
  5
6F4
330
6D1
100
AcDbEntity
  8
_TCH_MASK
  6
Continuous
 62
     7
100
AcDbLine
 10
3392.01246303694
 20
4271.36260202598
 30
0.0
 11
3391.98802899741
 21
4271.482227392925
 31
0.0
  0
LINE
  5
6F5
330
6D1
100
AcDbEntity
  8
_TCH_MASK
  6
Continuous
 62
     7
100
AcDbLine
 10
3393.111994957916
 20
4266.194802026009
 30
0.0
 11
3393.13642899743
 21
4266.075176663028
 31
0.0
  0
LINE
  5
6F6
330
6D1
100
AcDbEntity
  8
_TCH_MASK
  6
Continuous
 62
     7
100
AcDbLine
 10
3393.111994957916
 20
4267.295351662998
 30
0.0
 11
3393.13642899743
 21
4267.175727392948
 31
0.0
  0
LINE
  5
6F7
330
6D1
100
AcDbEntity
  8
_TCH_MASK
  6
Continuous
 62
     7
100
AcDbLine
 10
3394.035559301148
 20
4263.530747103657
 30
0.0
 11
3394.006069941462
 21
4263.675122217221
 31
0.0
  0
LINE
  5
6F8
330
6D1
100
AcDbEntity
  8
_TCH_MASK
  6
Continuous
 62
     7
100
AcDbLine
 10
3393.111994957916
 20
4271.817176662965
 30
0.0
 11
3393.13642899743
 21
4271.697552392924
 31
0.0
  0
LINE
  5
6F9
330
6D1
100
AcDbEntity
  8
_TCH_MASK
  6
Continuous
 62
     7
100
AcDbLine
 10
3395.362580581802
 20
4261.365122103661
 30
0.0
 11
3395.392069941453
 21
4261.220747120836
 31
0.0
  0
LINE
  5
6FA
330
6D1
100
AcDbEntity
  8
_TCH_MASK
  6
Continuous
 62
     7
100
AcDbLine
 10
3394.743303980984
 20
4265.436497103711
 30
0.0
 11
3394.772793336713
 21
4265.29212199411
 31
0.0
  0
LINE
  5
6FB
330
6D1
100
AcDbEntity
  8
_TCH_MASK
  6
Continuous
 62
     7
100
AcDbLine
 10
3395.362580581802
 20
4264.050497103712
 30
0.0
 11
3395.392069941453
 21
4263.90612199411
 31
0.0
  0
LINE
  5
6FC
330
6D1
100
AcDbEntity
  8
_TCH_MASK
  6
Continuous
 62
     7
100
AcDbLine
 10
3399.426168186321
 20
4260.045511844229
 30
0.0
 11
3399.450602225851
 21
4259.925886857473
 31
0.0
  0
LINE
  5
6FD
330
6D1
100
AcDbEntity
  8
_TCH_MASK
  6
Continuous
 62
     7
100
AcDbLine
 10
3398.326636265383
 20
4267.414411870625
 30
0.0
 11
3398.302202225867
 21
4267.534036687169
 31
0.0
  0
LINE
  5
6FE
330
6D1
100
AcDbEntity
  8
_TCH_MASK
  6
Continuous
 62
     7
100
AcDbLine
 10
3399.426168186321
 20
4262.342311776921
 30
0.0
 11
3399.450602225851
 21
4262.222686960366
 31
0.0
  0
LINE
  5
6FF
330
6D1
100
AcDbEntity
  8
_TCH_MASK
  6
Continuous
 62
     7
100
AcDbLine
 10
3399.426168186321
 20
4267.845061870615
 30
0.0
 11
3399.450602225851
 21
4267.725437050176
 31
0.0
  0
LINE
  5
700
330
6D1
100
AcDbEntity
  8
_TCH_MASK
  6
Continuous
 62
     7
100
AcDbLine
 10
3399.426168186321
 20
4270.141861870657
 30
0.0
 11
3399.450602225851
 21
4270.022236503712
 31
0.0
  0
LINE
  5
701
330
6D1
100
AcDbEntity
  8
_TCH_MASK
  6
Continuous
 62
     7
100
AcDbLine
 10
3396.732485906243
 20
4267.542861895655
 30
0.0
 11
3396.698869941465
 21
4268.505497103681
 31
0.0
  0
LINE
  5
702
330
6D1
100
AcDbEntity
  8
_TCH_MASK
  6
Continuous
 62
     7
100
AcDbLine
 10
3388.108476242968
 20
4298.18990655198
 30
0.0
 11
3388.108476242968
 21
4284.93793805167
 31
0.0
  0
LINE
  5
703
330
6D1
100
AcDbEntity
  8
_TCH_MASK
  6
Continuous
 62
     7
100
AcDbLine
 10
3388.186428997433
 20
4282.989119151066
 30
0.0
 11
3388.186428997433
 21
4265.917465607969
 31
0.0
  0
LINE
  5
704
330
6D1
100
AcDbEntity
  8
_TCH_MASK
  6
Continuous
 62
     7
100
AcDbLine
 10
3388.186428997433
 20
4259.681245137945
 30
0.0
 11
3388.186428997433
 21
4254.536363245879
 31
0.0
  0
LINE
  5
705
330
6D1
100
AcDbEntity
  8
_TCH_MASK
  6
Continuous
 62
     7
100
AcDbLine
 10
3389.500971656744
 20
4282.365450613245
 30
0.0
 11
3389.500971656744
 21
4265.917465607969
 31
0.0
  0
LINE
  5
706
330
6D1
100
AcDbEntity
  8
_TCH_MASK
  6
Continuous
 62
     7
100
AcDbLine
 10
3389.500971656744
 20
4259.80350188924
 30
0.0
 11
3389.500971656744
 21
4254.536363245879
 31
0.0
  0
LINE
  5
707
330
6D1
100
AcDbEntity
  8
_TCH_MASK
  6
Continuous
 62
     7
100
AcDbLine
 10
3389.531114036261
 20
4284.93793805167
 30
0.0
 11
3389.531114036261
 21
4284.850230894547
 31
0.0
  0
LINE
  5
708
330
6D1
100
AcDbEntity
  8
_TCH_MASK
  6
Continuous
 62
     7
100
AcDbLine
 10
3389.531114036261
 20
4283.863872086823
 30
0.0
 11
3389.531114036261
 21
4282.989119151066
 31
0.0
  0
LINE
  5
709
330
6D1
100
AcDbEntity
  8
_TCH_MASK
  6
Continuous
 62
     7
100
AcDbLine
 10
3390.065869941449
 20
4268.184331750155
 30
0.0
 11
3390.065869941449
 21
4272.342331750141
 31
0.0
  0
LINE
  5
70A
330
6D1
100
AcDbEntity
  8
_TCH_MASK
  6
Continuous
 62
     7
100
AcDbLine
 10
3390.065869941449
 20
4273.72833175014
 30
0.0
 11
3390.065869941449
 21
4279.866331750167
 31
0.0
  0
LINE
  5
70B
330
6D1
100
AcDbEntity
  8
_TCH_MASK
  6
Continuous
 62
     7
100
AcDbLine
 10
3391.343515613597
 20
4259.993056159608
 30
0.0
 11
3391.343515613597
 21
4265.917465607969
 31
0.0
  0
LINE
  5
70C
330
6D1
100
AcDbEntity
  8
_TCH_MASK
  6
Continuous
 62
     7
100
AcDbLine
 10
3391.402369941469
 20
4278.254643311356
 30
0.0
 11
3391.402369941469
 21
4273.72833175014
 31
0.0
  0
LINE
  5
70D
330
6D1
100
AcDbEntity
  8
_TCH_MASK
  6
Continuous
 62
     7
100
AcDbLine
 10
3391.402369941469
 20
4272.342331750141
 30
0.0
 11
3391.402369941469
 21
4268.184331750155
 31
0.0
  0
LINE
  5
70E
330
6D1
100
AcDbEntity
  8
_TCH_MASK
  6
Continuous
 62
     7
100
AcDbLine
 10
3391.692411401731
 20
4275.349749073412
 30
0.0
 11
3391.692411401731
 21
4277.688321592777
 31
0.0
  0
LINE
  5
70F
330
6D1
100
AcDbEntity
  8
_TCH_MASK
  6
Continuous
 62
     7
100
AcDbLine
 10
3391.98802899741
 20
4273.133052392962
 30
0.0
 11
3391.98802899741
 21
4272.223902025974
 31
0.0
  0
LINE
  5
710
330
6D1
100
AcDbEntity
  8
_TCH_MASK
  6
Continuous
 62
     7
100
AcDbLine
 10
3391.98802899741
 20
4271.697552392924
 30
0.0
 11
3391.98802899741
 21
4271.482227392925
 31
0.0
  0
LINE
  5
711
330
6D1
100
AcDbEntity
  8
_TCH_MASK
  6
Continuous
 62
     7
100
AcDbLine
 10
3391.98802899741
 20
4270.908027392958
 30
0.0
 11
3391.98802899741
 21
4270.046727392954
 31
0.0
  0
LINE
  5
712
330
6D1
100
AcDbEntity
  8
_TCH_MASK
  6
Continuous
 62
     7
100
AcDbLine
 10
3391.98802899741
 20
4269.855327025983
 30
0.0
 11
3391.98802899741
 21
4269.711777026009
 31
0.0
  0
LINE
  5
713
330
6D1
100
AcDbEntity
  8
_TCH_MASK
  6
Continuous
 62
     7
100
AcDbLine
 10
3391.98802899741
 20
4269.113652392935
 30
0.0
 11
3391.98802899741
 21
4268.898327392945
 31
0.0
  0
LINE
  5
714
330
6D1
100
AcDbEntity
  8
_TCH_MASK
  6
Continuous
 62
     7
100
AcDbLine
 10
3391.98802899741
 20
4268.706927025974
 30
0.0
 11
3391.98802899741
 21
4268.563377026
 31
0.0
  0
LINE
  5
715
330
6D1
100
AcDbEntity
  8
_TCH_MASK
  6
Continuous
 62
     7
100
AcDbLine
 10
3391.98802899741
 20
4267.965252392992
 30
0.0
 11
3391.98802899741
 21
4267.749927392991
 31
0.0
  0
LINE
  5
716
330
6D1
100
AcDbEntity
  8
_TCH_MASK
  6
Continuous
 62
     7
100
AcDbLine
 10
3391.98802899741
 20
4267.175727392948
 30
0.0
 11
3391.98802899741
 21
4266.984327025978
 31
0.0
  0
LINE
  5
717
330
6D1
100
AcDbEntity
  8
_TCH_MASK
  6
Continuous
 62
     7
100
AcDbLine
 10
3391.98802899741
 20
4266.075176663028
 30
0.0
 11
3391.98802899741
 21
4265.859851663026
 31
0.0
  0
LINE
  5
718
330
6D1
100
AcDbEntity
  8
_TCH_MASK
  6
Continuous
 62
     7
100
AcDbLine
 10
3391.98802899741
 20
4264.902852026015
 30
0.0
 11
3391.98802899741
 21
4264.783226663033
 31
0.0
  0
LINE
  5
719
330
6D1
100
AcDbEntity
  8
_TCH_MASK
  6
Continuous
 62
     7
100
AcDbLine
 10
3391.98802899741
 20
4264.20902666299
 30
0.0
 11
3391.98802899741
 21
4264.065477209443
 31
0.0
  0
LINE
  5
71A
330
6D1
100
AcDbEntity
  8
_TCH_MASK
  6
Continuous
 62
     7
100
AcDbLine
 10
3391.98802899741
 20
4263.491277209475
 30
0.0
 11
3391.98802899741
 21
4262.917077209499
 31
0.0
  0
LINE
  5
71B
330
6D1
100
AcDbEntity
  8
_TCH_MASK
  6
Continuous
 62
     7
100
AcDbLine
 10
3391.98802899741
 20
4261.577276842509
 30
0.0
 11
3391.98802899741
 21
4260.668127025986
 31
0.0
  0
LINE
  5
71C
330
6D1
100
AcDbEntity
  8
_TCH_MASK
  6
Continuous
 62
     7
100
AcDbLine
 10
3391.98802899741
 20
4260.093927026021
 30
0.0
 11
3391.98802899741
 21
4259.902527209518
 31
0.0
  0
LINE
  5
71D
330
6D1
100
AcDbEntity
  8
_TCH_MASK
  6
Continuous
 62
     7
100
AcDbLine
 10
3391.98802899741
 20
4259.328326936254
 30
0.0
 11
3391.98802899741
 21
4259.184776936204
 31
0.0
  0
LINE
  5
71E
330
6D1
100
AcDbEntity
  8
_TCH_MASK
  6
Continuous
 62
     7
100
AcDbLine
 10
3391.98802899741
 20
4258.586652026025
 30
0.0
 11
3391.98802899741
 21
4258.371327026024
 31
0.0
  0
LINE
  5
71F
330
6D1
100
AcDbEntity
  8
_TCH_MASK
  6
Continuous
 62
     7
100
AcDbLine
 10
3391.98802899741
 20
4256.648727026036
 30
0.0
 11
3391.98802899741
 21
4256.457327070872
 31
0.0
  0
LINE
  5
720
330
6D1
100
AcDbEntity
  8
_TCH_MASK
  6
Continuous
 62
     7
100
AcDbLine
 10
3391.98802899741
 20
4255.500327026018
 30
0.0
 11
3391.98802899741
 21
4254.926127025973
 31
0.0
  0
LINE
  5
721
330
6D1
100
AcDbEntity
  8
_TCH_MASK
  6
Continuous
 62
     7
100
AcDbLine
 10
3392.110199195013
 20
4260.668127025986
 30
0.0
 11
3392.110199195013
 21
4261.050927209462
 31
0.0
  0
LINE
  5
722
330
6D1
100
AcDbEntity
  8
_TCH_MASK
  6
Continuous
 62
     7
100
AcDbLine
 10
3392.110199195013
 20
4261.194477209513
 30
0.0
 11
3392.110199195013
 21
4261.577276842509
 31
0.0
  0
LINE
  5
723
330
6D1
100
AcDbEntity
  8
_TCH_MASK
  6
Continuous
 62
     7
100
AcDbLine
 10
3392.110199195013
 20
4272.750251662984
 30
0.0
 11
3392.110199195013
 21
4273.133052392962
 31
0.0
  0
LINE
  5
724
330
6D1
100
AcDbEntity
  8
_TCH_MASK
  6
Continuous
 62
     7
100
AcDbLine
 10
3392.110199195013
 20
4272.223902025974
 30
0.0
 11
3392.110199195013
 21
4272.606701663009
 31
0.0
  0
LINE
  5
725
330
6D1
100
AcDbEntity
  8
_TCH_MASK
  6
Continuous
 62
     7
100
AcDbLine
 10
3392.134633234543
 20
4255.069677026017
 30
0.0
 11
3392.134633234543
 21
4255.500327026018
 31
0.0
  0
LINE
  5
726
330
6D1
100
AcDbEntity
  8
_TCH_MASK
  6
Continuous
 62
     7
100
AcDbLine
 10
3392.134633234543
 20
4256.457327070872
 30
0.0
 11
3392.134633234543
 21
4256.648727026036
 31
0.0
  0
LINE
  5
727
330
6D1
100
AcDbEntity
  8
_TCH_MASK
  6
Continuous
 62
     7
100
AcDbLine
 10
3392.134633234543
 20
4259.902527209518
 30
0.0
 11
3392.134633234543
 21
4260.093927026021
 31
0.0
  0
LINE
  5
728
330
6D1
100
AcDbEntity
  8
_TCH_MASK
  6
Continuous
 62
     7
100
AcDbLine
 10
3392.134633234543
 20
4263.060627209473
 30
0.0
 11
3392.134633234543
 21
4263.491277209475
 31
0.0
  0
LINE
  5
729
330
6D1
100
AcDbEntity
  8
_TCH_MASK
  6
Continuous
 62
     7
100
AcDbLine
 10
3392.134633234543
 20
4264.783226663033
 30
0.0
 11
3392.134633234543
 21
4264.926776663008
 31
0.0
  0
LINE
  5
72A
330
6D1
100
AcDbEntity
  8
_TCH_MASK
  6
Continuous
 62
     7
100
AcDbLine
 10
3392.134633234543
 20
4265.859851663026
 30
0.0
 11
3392.134633234543
 21
4266.075176663028
 31
0.0
  0
LINE
  5
72B
330
6D1
100
AcDbEntity
  8
_TCH_MASK
  6
Continuous
 62
     7
100
AcDbLine
 10
3392.134633234543
 20
4266.984327025978
 30
0.0
 11
3392.134633234543
 21
4267.175727392948
 31
0.0
  0
LINE
  5
72C
330
6D1
100
AcDbEntity
  8
_TCH_MASK
  6
Continuous
 62
     7
100
AcDbLine
 10
3392.134633234543
 20
4270.19027739293
 30
0.0
 11
3392.134633234543
 21
4270.908027392958
 31
0.0
  0
LINE
  5
72D
330
6D1
100
AcDbEntity
  8
_TCH_MASK
  6
Continuous
 62
     7
100
AcDbLine
 10
3392.134633234543
 20
4271.482227392925
 30
0.0
 11
3392.134633234543
 21
4271.697552392924
 31
0.0
  0
LINE
  5
72E
330
6D1
100
AcDbEntity
  8
_TCH_MASK
  6
Continuous
 62
     7
100
AcDbLine
 10
3392.256803432145
 20
4265.070326662982
 30
0.0
 11
3392.256803432145
 21
4265.213876663024
 31
0.0
  0
LINE
  5
72F
330
6D1
100
AcDbEntity
  8
_TCH_MASK
  6
Continuous
 62
     7
100
AcDbLine
 10
3392.281237542935
 20
4266.266577026035
 30
0.0
 11
3392.281237542935
 21
4266.410127026012
 31
0.0
  0
LINE
  5
730
330
6D1
100
AcDbEntity
  8
_TCH_MASK
  6
Continuous
 62
     7
100
AcDbLine
 10
3392.281237542935
 20
4271.888951662989
 30
0.0
 11
3392.281237542935
 21
4272.032501662965
 31
0.0
  0
LINE
  5
731
330
6D1
100
AcDbEntity
  8
_TCH_MASK
  6
Continuous
 62
     7
100
AcDbLine
 10
3392.452275819582
 20
4270.812326662996
 30
0.0
 11
3392.452275819582
 21
4270.19027739293
 31
0.0
  0
LINE
  5
732
330
6D1
100
AcDbEntity
  8
_TCH_MASK
  6
Continuous
 62
     7
100
AcDbLine
 10
3392.476709859096
 20
4264.926776663008
 30
0.0
 11
3392.476709859096
 21
4264.783226663033
 31
0.0
  0
LINE
  5
733
330
6D1
100
AcDbEntity
  8
_TCH_MASK
  6
Continuous
 62
     7
100
AcDbLine
 10
3392.598880056699
 20
4270.19027739293
 30
0.0
 11
3392.598880056699
 21
4270.812326662996
 31
0.0
  0
LINE
  5
734
330
6D1
100
AcDbEntity
  8
_TCH_MASK
  6
Continuous
 62
     7
100
AcDbLine
 10
3392.623314096221
 20
4264.783226663033
 30
0.0
 11
3392.623314096221
 21
4264.926776663008
 31
0.0
  0
LINE
  5
735
330
6D1
100
AcDbEntity
  8
_TCH_MASK
  6
Continuous
 62
     7
100
AcDbLine
 10
3392.818786448014
 20
4264.543977025972
 30
0.0
 11
3392.818786448014
 21
4264.400427025997
 31
0.0
  0
LINE
  5
736
330
6D1
100
AcDbEntity
  8
_TCH_MASK
  6
Continuous
 62
     7
100
AcDbLine
 10
3392.843220487528
 20
4272.032501662965
 30
0.0
 11
3392.843220487528
 21
4271.888951662989
 31
0.0
  0
LINE
  5
737
330
6D1
100
AcDbEntity
  8
_TCH_MASK
  6
Continuous
 62
     7
100
AcDbLine
 10
3392.843220487528
 20
4266.410127026012
 30
0.0
 11
3392.843220487528
 21
4266.266577026035
 31
0.0
  0
LINE
  5
738
330
6D1
100
AcDbEntity
  8
_TCH_MASK
  6
Continuous
 62
     7
100
AcDbLine
 10
3392.947592302779
 20
4254.536363245879
 30
0.0
 11
3392.947592302779
 21
4254.926127025973
 31
0.0
  0
LINE
  5
739
330
6D1
100
AcDbEntity
  8
_TCH_MASK
  6
Continuous
 62
     7
100
AcDbLine
 10
3392.947592302779
 20
4255.069677026017
 30
0.0
 11
3392.947592302779
 21
4255.622168397052
 31
0.0
  0
LINE
  5
73A
330
6D1
100
AcDbEntity
  8
_TCH_MASK
  6
Continuous
 62
     7
100
AcDbLine
 10
3392.947592302779
 20
4255.820065805326
 30
0.0
 11
3392.947592302779
 21
4256.137588236099
 31
0.0
  0
LINE
  5
73B
330
6D1
100
AcDbEntity
  8
_TCH_MASK
  6
Continuous
 62
     7
100
AcDbLine
 10
3392.947592302779
 20
4256.335485636451
 30
0.0
 11
3392.947592302779
 21
4256.77056846442
 31
0.0
  0
LINE
  5
73C
330
6D1
100
AcDbEntity
  8
_TCH_MASK
  6
Continuous
 62
     7
100
AcDbLine
 10
3392.947592302779
 20
4256.96846586081
 30
0.0
 11
3392.947592302779
 21
4258.371327026024
 31
0.0
  0
LINE
  5
73D
330
6D1
100
AcDbEntity
  8
_TCH_MASK
  6
Continuous
 62
     7
100
AcDbLine
 10
3392.947592302779
 20
4258.514877025999
 30
0.0
 11
3392.947592302779
 21
4259.000256467357
 31
0.0
  0
LINE
  5
73E
330
6D1
100
AcDbEntity
  8
_TCH_MASK
  6
Continuous
 62
     7
100
AcDbLine
 10
3392.947592302779
 20
4259.328326936254
 30
0.0
 11
3392.947592302779
 21
4259.582788259844
 31
0.0
  0
LINE
  5
73F
330
6D1
100
AcDbEntity
  8
_TCH_MASK
  6
Continuous
 62
     7
100
AcDbLine
 10
3392.947592302779
 20
4259.780685636434
 30
0.0
 11
3392.947592302779
 21
4260.215768599027
 31
0.0
  0
LINE
  5
740
330
6D1
100
AcDbEntity
  8
_TCH_MASK
  6
Continuous
 62
     7
100
AcDbLine
 10
3392.947592302779
 20
4260.413665975607
 30
0.0
 11
3392.947592302779
 21
4261.050927209462
 31
0.0
  0
LINE
  5
741
330
6D1
100
AcDbEntity
  8
_TCH_MASK
  6
Continuous
 62
     7
100
AcDbLine
 10
3392.947592302779
 20
4263.060627209473
 30
0.0
 11
3392.947592302779
 21
4263.613118236055
 31
0.0
  0
LINE
  5
742
330
6D1
100
AcDbEntity
  8
_TCH_MASK
  6
Continuous
 62
     7
100
AcDbLine
 10
3392.947592302779
 20
4261.194477209513
 30
0.0
 11
3392.947592302779
 21
4262.917077209499
 31
0.0
  0
LINE
  5
743
330
6D1
100
AcDbEntity
  8
_TCH_MASK
  6
Continuous
 62
     7
100
AcDbLine
 10
3392.947592302779
 20
4263.811015707718
 30
0.0
 11
3392.947592302779
 21
4264.065477209443
 31
0.0
  0
LINE
  5
744
330
6D1
100
AcDbEntity
  8
_TCH_MASK
  6
Continuous
 62
     7
100
AcDbLine
 10
3392.947592302779
 20
4264.20902666299
 30
0.0
 11
3392.947592302779
 21
4264.442605108784
 31
0.0
  0
LINE
  5
745
330
6D1
100
AcDbEntity
  8
_TCH_MASK
  6
Continuous
 62
     7
100
AcDbLine
 10
3392.947592302779
 20
4264.622249063342
 30
0.0
 11
3392.947592302779
 21
4265.048618782531
 31
0.0
  0
LINE
  5
746
330
6D1
100
AcDbEntity
  8
_TCH_MASK
  6
Continuous
 62
     7
100
AcDbLine
 10
3392.947592302779
 20
4265.246516056169
 30
0.0
 11
3392.947592302779
 21
4265.540113160824
 31
0.0
  0
LINE
  5
747
330
6D1
100
AcDbEntity
  8
_TCH_MASK
  6
Continuous
 62
     7
100
AcDbLine
 10
3392.947592302779
 20
4265.738010636447
 30
0.0
 11
3392.947592302779
 21
4266.19701878254
 31
0.0
  0
LINE
  5
748
330
6D1
100
AcDbEntity
  8
_TCH_MASK
  6
Continuous
 62
     7
100
AcDbLine
 10
3392.947592302779
 20
4266.389687858221
 30
0.0
 11
3392.947592302779
 21
4266.664588527812
 31
0.0
  0
LINE
  5
749
330
6D1
100
AcDbEntity
  8
_TCH_MASK
  6
Continuous
 62
     7
100
AcDbLine
 10
3392.947592302779
 20
4267.495465891189
 30
0.0
 11
3392.947592302779
 21
4267.749927392991
 31
0.0
  0
LINE
  5
74A
330
6D1
100
AcDbEntity
  8
_TCH_MASK
  6
Continuous
 62
     7
100
AcDbLine
 10
3392.947592302779
 20
4266.862485999475
 30
0.0
 11
3392.947592302779
 21
4267.297568419527
 31
0.0
  0
LINE
  5
74B
330
6D1
100
AcDbEntity
  8
_TCH_MASK
  6
Continuous
 62
     7
100
AcDbLine
 10
3392.947592302779
 20
4267.893477392965
 30
0.0
 11
3392.947592302779
 21
4268.378856612542
 31
0.0
  0
LINE
  5
74C
330
6D1
100
AcDbEntity
  8
_TCH_MASK
  6
Continuous
 62
     7
100
AcDbLine
 10
3392.947592302779
 20
4268.706927025974
 30
0.0
 11
3392.947592302779
 21
4268.898327392945
 31
0.0
  0
LINE
  5
74D
330
6D1
100
AcDbEntity
  8
_TCH_MASK
  6
Continuous
 62
     7
100
AcDbLine
 10
3392.947592302779
 20
4269.041877392986
 30
0.0
 11
3392.947592302779
 21
4269.527256612561
 31
0.0
  0
LINE
  5
74E
330
6D1
100
AcDbEntity
  8
_TCH_MASK
  6
Continuous
 62
     7
100
AcDbLine
 10
3392.947592302779
 20
4269.855327025983
 30
0.0
 11
3392.947592302779
 21
4270.046727392954
 31
0.0
  0
LINE
  5
74F
330
6D1
100
AcDbEntity
  8
_TCH_MASK
  6
Continuous
 62
     7
100
AcDbLine
 10
3392.947592302779
 20
4270.19027739293
 30
0.0
 11
3392.947592302779
 21
4271.162487995866
 31
0.0
  0
LINE
  5
750
330
6D1
100
AcDbEntity
  8
_TCH_MASK
  6
Continuous
 62
     7
100
AcDbLine
 10
3392.947592302779
 20
4271.360385269517
 30
0.0
 11
3392.947592302779
 21
4271.819393419504
 31
0.0
  0
LINE
  5
751
330
6D1
100
AcDbEntity
  8
_TCH_MASK
  6
Continuous
 62
     7
100
AcDbLine
 10
3392.947592302779
 20
4272.01206249129
 30
0.0
 11
3392.947592302779
 21
4272.606701663009
 31
0.0
  0
LINE
  5
752
330
6D1
100
AcDbEntity
  8
_TCH_MASK
  6
Continuous
 62
     7
100
AcDbLine
 10
3392.947592302779
 20
4272.750251662984
 30
0.0
 11
3392.947592302779
 21
4273.400930176769
 31
0.0
  0
LINE
  5
753
330
6D1
100
AcDbEntity
  8
_TCH_MASK
  6
Continuous
 62
     7
100
AcDbLine
 10
3392.989824744466
 20
4271.697552392924
 30
0.0
 11
3392.989824744466
 21
4271.482227392925
 31
0.0
  0
LINE
  5
754
330
6D1
100
AcDbEntity
  8
_TCH_MASK
  6
Continuous
 62
     7
100
AcDbLine
 10
3392.989824744466
 20
4270.908027392958
 30
0.0
 11
3392.989824744466
 21
4270.19027739293
 31
0.0
  0
LINE
  5
755
330
6D1
100
AcDbEntity
  8
_TCH_MASK
  6
Continuous
 62
     7
100
AcDbLine
 10
3392.989824744466
 20
4267.175727392948
 30
0.0
 11
3392.989824744466
 21
4266.984327025978
 31
0.0
  0
LINE
  5
756
330
6D1
100
AcDbEntity
  8
_TCH_MASK
  6
Continuous
 62
     7
100
AcDbLine
 10
3392.989824744466
 20
4266.075176663028
 30
0.0
 11
3392.989824744466
 21
4265.859851663026
 31
0.0
  0
LINE
  5
757
330
6D1
100
AcDbEntity
  8
_TCH_MASK
  6
Continuous
 62
     7
100
AcDbLine
 10
3392.989824744466
 20
4264.926776663008
 30
0.0
 11
3392.989824744466
 21
4264.735377392944
 31
0.0
  0
LINE
  5
758
330
6D1
100
AcDbEntity
  8
_TCH_MASK
  6
Continuous
 62
     7
100
AcDbLine
 10
3392.989824744466
 20
4263.491277209475
 30
0.0
 11
3392.989824744466
 21
4263.060627209473
 31
0.0
  0
LINE
  5
759
330
6D1
100
AcDbEntity
  8
_TCH_MASK
  6
Continuous
 62
     7
100
AcDbLine
 10
3392.989824744466
 20
4260.093927026021
 30
0.0
 11
3392.989824744466
 21
4259.902527209518
 31
0.0
  0
LINE
  5
75A
330
6D1
100
AcDbEntity
  8
_TCH_MASK
  6
Continuous
 62
     7
100
AcDbLine
 10
3392.989824744466
 20
4256.648727026036
 30
0.0
 11
3392.989824744466
 21
4256.457327070872
 31
0.0
  0
LINE
  5
75B
330
6D1
100
AcDbEntity
  8
_TCH_MASK
  6
Continuous
 62
     7
100
AcDbLine
 10
3392.989824744466
 20
4255.500327026018
 30
0.0
 11
3392.989824744466
 21
4255.069677026017
 31
0.0
  0
LINE
  5
75C
330
6D1
100
AcDbEntity
  8
_TCH_MASK
  6
Continuous
 62
     7
100
AcDbLine
 10
3393.13642899743
 20
4254.926127025973
 30
0.0
 11
3393.13642899743
 21
4255.500327026018
 31
0.0
  0
LINE
  5
75D
330
6D1
100
AcDbEntity
  8
_TCH_MASK
  6
Continuous
 62
     7
100
AcDbLine
 10
3393.13642899743
 20
4256.457327070872
 30
0.0
 11
3393.13642899743
 21
4256.648727026036
 31
0.0
  0
LINE
  5
75E
330
6D1
100
AcDbEntity
  8
_TCH_MASK
  6
Continuous
 62
     7
100
AcDbLine
 10
3393.13642899743
 20
4258.371327026024
 30
0.0
 11
3393.13642899743
 21
4258.514877025999
 31
0.0
  0
LINE
  5
75F
330
6D1
100
AcDbEntity
  8
_TCH_MASK
  6
Continuous
 62
     7
100
AcDbLine
 10
3393.13642899743
 20
4259.902527209518
 30
0.0
 11
3393.13642899743
 21
4260.093927026021
 31
0.0
  0
LINE
  5
760
330
6D1
100
AcDbEntity
  8
_TCH_MASK
  6
Continuous
 62
     7
100
AcDbLine
 10
3393.13642899743
 20
4259.113001936254
 30
0.0
 11
3393.13642899743
 21
4259.328326936254
 31
0.0
  0
LINE
  5
761
330
6D1
100
AcDbEntity
  8
_TCH_MASK
  6
Continuous
 62
     7
100
AcDbLine
 10
3393.13642899743
 20
4261.050927209462
 30
0.0
 11
3393.13642899743
 21
4261.194477209513
 31
0.0
  0
LINE
  5
762
330
6D1
100
AcDbEntity
  8
_TCH_MASK
  6
Continuous
 62
     7
100
AcDbLine
 10
3393.13642899743
 20
4262.917077209499
 30
0.0
 11
3393.13642899743
 21
4263.491277209475
 31
0.0
  0
LINE
  5
763
330
6D1
100
AcDbEntity
  8
_TCH_MASK
  6
Continuous
 62
     7
100
AcDbLine
 10
3393.13642899743
 20
4264.065477209443
 30
0.0
 11
3393.13642899743
 21
4264.20902666299
 31
0.0
  0
LINE
  5
764
330
6D1
100
AcDbEntity
  8
_TCH_MASK
  6
Continuous
 62
     7
100
AcDbLine
 10
3393.13642899743
 20
4264.735377392944
 30
0.0
 11
3393.13642899743
 21
4264.926776663008
 31
0.0
  0
LINE
  5
765
330
6D1
100
AcDbEntity
  8
_TCH_MASK
  6
Continuous
 62
     7
100
AcDbLine
 10
3393.13642899743
 20
4265.859851663026
 30
0.0
 11
3393.13642899743
 21
4266.075176663028
 31
0.0
  0
LINE
  5
766
330
6D1
100
AcDbEntity
  8
_TCH_MASK
  6
Continuous
 62
     7
100
AcDbLine
 10
3393.13642899743
 20
4267.749927392991
 30
0.0
 11
3393.13642899743
 21
4267.893477392965
 31
0.0
  0
LINE
  5
767
330
6D1
100
AcDbEntity
  8
_TCH_MASK
  6
Continuous
 62
     7
100
AcDbLine
 10
3393.13642899743
 20
4266.984327025978
 30
0.0
 11
3393.13642899743
 21
4267.175727392948
 31
0.0
  0
LINE
  5
768
330
6D1
100
AcDbEntity
  8
_TCH_MASK
  6
Continuous
 62
     7
100
AcDbLine
 10
3393.13642899743
 20
4268.491602025973
 30
0.0
 11
3393.13642899743
 21
4268.706927025974
 31
0.0
  0
LINE
  5
769
330
6D1
100
AcDbEntity
  8
_TCH_MASK
  6
Continuous
 62
     7
100
AcDbLine
 10
3393.13642899743
 20
4268.898327392945
 30
0.0
 11
3393.13642899743
 21
4269.041877392986
 31
0.0
  0
LINE
  5
76A
330
6D1
100
AcDbEntity
  8
_TCH_MASK
  6
Continuous
 62
     7
100
AcDbLine
 10
3393.13642899743
 20
4269.640002025994
 30
0.0
 11
3393.13642899743
 21
4269.855327025983
 31
0.0
  0
LINE
  5
76B
330
6D1
100
AcDbEntity
  8
_TCH_MASK
  6
Continuous
 62
     7
100
AcDbLine
 10
3393.13642899743
 20
4270.046727392954
 30
0.0
 11
3393.13642899743
 21
4270.908027392958
 31
0.0
  0
LINE
  5
76C
330
6D1
100
AcDbEntity
  8
_TCH_MASK
  6
Continuous
 62
     7
100
AcDbLine
 10
3393.13642899743
 20
4271.482227392925
 30
0.0
 11
3393.13642899743
 21
4271.697552392924
 31
0.0
  0
LINE
  5
76D
330
6D1
100
AcDbEntity
  8
_TCH_MASK
  6
Continuous
 62
     7
100
AcDbLine
 10
3393.13642899743
 20
4272.606701663009
 30
0.0
 11
3393.13642899743
 21
4272.750251662984
 31
0.0
  0
LINE
  5
76E
330
6D1
100
AcDbEntity
  8
_TCH_MASK
  6
Continuous
 62
     7
100
AcDbLine
 10
3394.006069941462
 20
4266.100622217176
 30
0.0
 11
3394.006069941462
 21
4265.8984969941
 31
0.0
  0
LINE
  5
76F
330
6D1
100
AcDbEntity
  8
_TCH_MASK
  6
Continuous
 62
     7
100
AcDbLine
 10
3394.006069941462
 20
4265.29212199411
 30
0.0
 11
3394.006069941462
 21
4264.599121994111
 31
0.0
  0
LINE
  5
770
330
6D1
100
AcDbEntity
  8
_TCH_MASK
  6
Continuous
 62
     7
100
AcDbLine
 10
3394.006069941462
 20
4263.90612199411
 30
0.0
 11
3394.006069941462
 21
4263.675122217221
 31
0.0
  0
LINE
  5
771
330
6D1
100
AcDbEntity
  8
_TCH_MASK
  6
Continuous
 62
     7
100
AcDbLine
 10
3394.006069941462
 20
4262.982122050905
 30
0.0
 11
3394.006069941462
 21
4261.884872103713
 31
0.0
  0
LINE
  5
772
330
6D1
100
AcDbEntity
  8
_TCH_MASK
  6
Continuous
 62
     7
100
AcDbLine
 10
3394.006069941462
 20
4261.191872103715
 30
0.0
 11
3394.006069941462
 21
4261.047497120824
 31
0.0
  0
LINE
  5
773
330
6D1
100
AcDbEntity
  8
_TCH_MASK
  6
Continuous
 62
     7
100
AcDbLine
 10
3394.153516731938
 20
4261.884872103713
 30
0.0
 11
3394.153516731938
 21
4262.34687216042
 31
0.0
  0
LINE
  5
774
330
6D1
100
AcDbEntity
  8
_TCH_MASK
  6
Continuous
 62
     7
100
AcDbLine
 10
3394.153516731938
 20
4262.520122160441
 30
0.0
 11
3394.153516731938
 21
4262.982122050905
 31
0.0
  0
LINE
  5
775
330
6D1
100
AcDbEntity
  8
_TCH_MASK
  6
Continuous
 62
     7
100
AcDbLine
 10
3394.153516731938
 20
4264.772371994133
 30
0.0
 11
3394.153516731938
 21
4265.320997217165
 31
0.0
  0
LINE
  5
776
330
6D1
100
AcDbEntity
  8
_TCH_MASK
  6
Continuous
 62
     7
100
AcDbLine
 10
3394.183006091633
 20
4261.047497120824
 30
0.0
 11
3394.183006091633
 21
4261.220747120836
 31
0.0
  0
LINE
  5
777
330
6D1
100
AcDbEntity
  8
_TCH_MASK
  6
Continuous
 62
     7
100
AcDbLine
 10
3394.183006091633
 20
4263.675122217221
 30
0.0
 11
3394.183006091633
 21
4263.90612199411
 31
0.0
  0
LINE
  5
778
330
6D1
100
AcDbEntity
  8
_TCH_MASK
  6
Continuous
 62
     7
100
AcDbLine
 10
3394.330452882118
 20
4261.393997077278
 30
0.0
 11
3394.330452882118
 21
4261.567247077287
 31
0.0
  0
LINE
  5
779
330
6D1
100
AcDbEntity
  8
_TCH_MASK
  6
Continuous
 62
     7
100
AcDbLine
 10
3394.520869941458
 20
4268.109497103676
 30
0.0
 11
3394.520869941458
 21
4266.525497103715
 31
0.0
  0
LINE
  5
77A
330
6D1
100
AcDbEntity
  8
_TCH_MASK
  6
Continuous
 62
     7
100
AcDbLine
 10
3394.520869941458
 20
4260.189497103646
 30
0.0
 11
3394.520869941458
 21
4258.605497103682
 31
0.0
  0
LINE
  5
77B
330
6D1
100
AcDbEntity
  8
_TCH_MASK
  6
Continuous
 62
     7
100
AcDbLine
 10
3394.595857190508
 20
4265.320997217165
 30
0.0
 11
3394.595857190508
 21
4264.772371994133
 31
0.0
  0
LINE
  5
77C
330
6D1
100
AcDbEntity
  8
_TCH_MASK
  6
Continuous
 62
     7
100
AcDbLine
 10
3394.595857190508
 20
4261.220747120836
 30
0.0
 11
3394.595857190508
 21
4261.047497120824
 31
0.0
  0
LINE
  5
77D
330
6D1
100
AcDbEntity
  8
_TCH_MASK
  6
Continuous
 62
     7
100
AcDbLine
 10
3394.772793336713
 20
4261.047497120824
 30
0.0
 11
3394.772793336713
 21
4261.220747120836
 31
0.0
  0
LINE
  5
77E
330
6D1
100
AcDbEntity
  8
_TCH_MASK
  6
Continuous
 62
     7
100
AcDbLine
 10
3394.772793336713
 20
4264.772371994133
 30
0.0
 11
3394.772793336713
 21
4265.29212199411
 31
0.0
  0
LINE
  5
77F
330
6D1
100
AcDbEntity
  8
_TCH_MASK
  6
Continuous
 62
     7
100
AcDbLine
 10
3394.916869941459
 20
4258.605497103682
 30
0.0
 11
3394.916869941459
 21
4260.189497103646
 31
0.0
  0
LINE
  5
780
330
6D1
100
AcDbEntity
  8
_TCH_MASK
  6
Continuous
 62
     7
100
AcDbLine
 10
3394.916869941459
 20
4266.525497103715
 30
0.0
 11
3394.916869941459
 21
4268.109497103676
 31
0.0
  0
LINE
  5
781
330
6D1
100
AcDbEntity
  8
_TCH_MASK
  6
Continuous
 62
     7
100
AcDbLine
 10
3395.008708245828
 20
4260.758747103672
 30
0.0
 11
3395.008708245828
 21
4260.58549710365
 31
0.0
  0
LINE
  5
782
330
6D1
100
AcDbEntity
  8
_TCH_MASK
  6
Continuous
 62
     7
100
AcDbLine
 10
3395.097176320916
 20
4265.927372217229
 30
0.0
 11
3395.097176320916
 21
4266.071746994109
 31
0.0
  0
LINE
  5
783
330
6D1
100
AcDbEntity
  8
_TCH_MASK
  6
Continuous
 62
     7
100
AcDbLine
 10
3395.215133771504
 20
4263.90612199411
 30
0.0
 11
3395.215133771504
 21
4263.675122217221
 31
0.0
  0
LINE
  5
784
330
6D1
100
AcDbEntity
  8
_TCH_MASK
  6
Continuous
 62
     7
100
AcDbLine
 10
3395.215133771504
 20
4261.220747120836
 30
0.0
 11
3395.215133771504
 21
4260.989747090468
 31
0.0
  0
LINE
  5
785
330
6D1
100
AcDbEntity
  8
_TCH_MASK
  6
Continuous
 62
     7
100
AcDbLine
 10
3395.244623131163
 20
4266.071746994109
 30
0.0
 11
3395.244623131163
 21
4265.927372217229
 31
0.0
  0
LINE
  5
786
330
6D1
100
AcDbEntity
  8
_TCH_MASK
  6
Continuous
 62
     7
100
AcDbLine
 10
3395.392069941453
 20
4260.989747090468
 30
0.0
 11
3395.392069941453
 21
4261.220747120836
 31
0.0
  0
LINE
  5
787
330
6D1
100
AcDbEntity
  8
_TCH_MASK
  6
Continuous
 62
     7
100
AcDbLine
 10
3395.392069941453
 20
4262.34687216042
 30
0.0
 11
3395.392069941453
 21
4262.520122160441
 31
0.0
  0
LINE
  5
788
330
6D1
100
AcDbEntity
  8
_TCH_MASK
  6
Continuous
 62
     7
100
AcDbLine
 10
3395.392069941453
 20
4263.675122217221
 30
0.0
 11
3395.392069941453
 21
4263.90612199411
 31
0.0
  0
LINE
  5
789
330
6D1
100
AcDbEntity
  8
_TCH_MASK
  6
Continuous
 62
     7
100
AcDbLine
 10
3395.392069941453
 20
4264.599121994111
 30
0.0
 11
3395.392069941453
 21
4264.772371994133
 31
0.0
  0
LINE
  5
78A
330
6D1
100
AcDbEntity
  8
_TCH_MASK
  6
Continuous
 62
     7
100
AcDbLine
 10
3395.392069941453
 20
4265.927372217229
 30
0.0
 11
3395.392069941453
 21
4266.071746994109
 31
0.0
  0
LINE
  5
78B
330
6D1
100
AcDbEntity
  8
_TCH_MASK
  6
Continuous
 62
     7
100
AcDbLine
 10
3395.708869941446
 20
4283.971408646976
 30
0.0
 11
3395.708869941446
 21
4282.98884811677
 31
0.0
  0
LINE
  5
78C
330
6D1
100
AcDbEntity
  8
_TCH_MASK
  6
Continuous
 62
     7
100
AcDbLine
 10
3396.401869941445
 20
4265.21156321119
 30
0.0
 11
3396.401869941445
 21
4264.023563211166
 31
0.0
  0
LINE
  5
78D
330
6D1
100
AcDbEntity
  8
_TCH_MASK
  6
Continuous
 62
     7
100
AcDbLine
 10
3396.401869941445
 20
4262.985520356586
 30
0.0
 11
3396.401869941445
 21
4261.797520356561
 31
0.0
  0
LINE
  5
78E
330
6D1
100
AcDbEntity
  8
_TCH_MASK
  6
Continuous
 62
     7
100
AcDbLine
 10
3396.500869941468
 20
4267.627163211185
 30
0.0
 11
3396.500869941468
 21
4266.439163211228
 31
0.0
  0
LINE
  5
78F
330
6D1
100
AcDbEntity
  8
_TCH_MASK
  6
Continuous
 62
     7
100
AcDbLine
 10
3396.500869941468
 20
4265.607563211204
 30
0.0
 11
3396.500869941468
 21
4265.21156321119
 31
0.0
  0
LINE
  5
790
330
6D1
100
AcDbEntity
  8
_TCH_MASK
  6
Continuous
 62
     7
100
AcDbLine
 10
3396.500869941468
 20
4261.797520356561
 30
0.0
 11
3396.500869941468
 21
4261.401520356548
 31
0.0
  0
LINE
  5
791
330
6D1
100
AcDbEntity
  8
_TCH_MASK
  6
Continuous
 62
     7
100
AcDbLine
 10
3396.500869941468
 20
4260.5699203566
 30
0.0
 11
3396.500869941468
 21
4259.381920356566
 31
0.0
  0
LINE
  5
792
330
6D1
100
AcDbEntity
  8
_TCH_MASK
  6
Continuous
 62
     7
100
AcDbLine
 10
3396.896869941469
 20
4259.817520356585
 30
0.0
 11
3396.896869941469
 21
4260.5699203566
 31
0.0
  0
LINE
  5
793
330
6D1
100
AcDbEntity
  8
_TCH_MASK
  6
Continuous
 62
     7
100
AcDbLine
 10
3396.896869941469
 20
4261.401520356548
 30
0.0
 11
3396.896869941469
 21
4261.797520356561
 31
0.0
  0
LINE
  5
794
330
6D1
100
AcDbEntity
  8
_TCH_MASK
  6
Continuous
 62
     7
100
AcDbLine
 10
3396.896869941469
 20
4265.21156321119
 30
0.0
 11
3396.896869941469
 21
4265.607563211204
 31
0.0
  0
LINE
  5
795
330
6D1
100
AcDbEntity
  8
_TCH_MASK
  6
Continuous
 62
     7
100
AcDbLine
 10
3396.896869941469
 20
4266.439163211228
 30
0.0
 11
3396.896869941469
 21
4267.191563211166
 31
0.0
  0
LINE
  5
796
330
6D1
100
AcDbEntity
  8
_TCH_MASK
  6
Continuous
 62
     7
100
AcDbLine
 10
3396.995869941456
 20
4261.797520356561
 30
0.0
 11
3396.995869941456
 21
4262.985520356586
 31
0.0
  0
LINE
  5
797
330
6D1
100
AcDbEntity
  8
_TCH_MASK
  6
Continuous
 62
     7
100
AcDbLine
 10
3396.995869941456
 20
4264.023563211166
 30
0.0
 11
3396.995869941456
 21
4265.21156321119
 31
0.0
  0
LINE
  5
798
330
6D1
100
AcDbEntity
  8
_TCH_MASK
  6
Continuous
 62
     7
100
AcDbLine
 10
3397.094869941481
 20
4258.503586460109
 30
0.0
 11
3397.094869941481
 21
4259.889586460097
 31
0.0
  0
LINE
  5
799
330
6D1
100
AcDbEntity
  8
_TCH_MASK
  6
Continuous
 62
     7
100
AcDbLine
 10
3397.094869941481
 20
4267.119497103694
 30
0.0
 11
3397.094869941481
 21
4268.505497103681
 31
0.0
  0
LINE
  5
79A
330
6D1
100
AcDbEntity
  8
_TCH_MASK
  6
Continuous
 62
     7
100
AcDbLine
 10
3398.302202225867
 20
4270.022236503712
 30
0.0
 11
3398.302202225867
 21
4269.448036503669
 31
0.0
  0
LINE
  5
79B
330
6D1
100
AcDbEntity
  8
_TCH_MASK
  6
Continuous
 62
     7
100
AcDbLine
 10
3398.302202225867
 20
4268.873836503693
 30
0.0
 11
3398.302202225867
 21
4268.682437233628
 31
0.0
  0
LINE
  5
79C
330
6D1
100
AcDbEntity
  8
_TCH_MASK
  6
Continuous
 62
     7
100
AcDbLine
 10
3398.302202225867
 20
4267.725437050176
 30
0.0
 11
3398.302202225867
 21
4267.534036687169
 31
0.0
  0
LINE
  5
79D
330
6D1
100
AcDbEntity
  8
_TCH_MASK
  6
Continuous
 62
     7
100
AcDbLine
 10
3398.302202225867
 20
4266.242086687183
 30
0.0
 11
3398.302202225867
 21
4266.098536687133
 31
0.0
  0
LINE
  5
79E
330
6D1
100
AcDbEntity
  8
_TCH_MASK
  6
Continuous
 62
     7
100
AcDbLine
 10
3398.302202225867
 20
4264.423787050179
 30
0.0
 11
3398.302202225867
 21
4263.849586776917
 31
0.0
  0
LINE
  5
79F
330
6D1
100
AcDbEntity
  8
_TCH_MASK
  6
Continuous
 62
     7
100
AcDbLine
 10
3398.302202225867
 20
4263.658186960413
 30
0.0
 11
3398.302202225867
 21
4262.79688696042
 31
0.0
  0
LINE
  5
7A0
330
6D1
100
AcDbEntity
  8
_TCH_MASK
  6
Continuous
 62
     7
100
AcDbLine
 10
3398.302202225867
 20
4262.222686960366
 30
0.0
 11
3398.302202225867
 21
4261.648486821804
 31
0.0
  0
LINE
  5
7A1
330
6D1
100
AcDbEntity
  8
_TCH_MASK
  6
Continuous
 62
     7
100
AcDbLine
 10
3398.302202225867
 20
4261.457086870612
 30
0.0
 11
3398.302202225867
 21
4261.313536870636
 31
0.0
  0
LINE
  5
7A2
330
6D1
100
AcDbEntity
  8
_TCH_MASK
  6
Continuous
 62
     7
100
AcDbLine
 10
3398.302202225867
 20
4260.308686870657
 30
0.0
 11
3398.302202225867
 21
4260.165136870616
 31
0.0
  0
LINE
  5
7A3
330
6D1
100
AcDbEntity
  8
_TCH_MASK
  6
Continuous
 62
     7
100
AcDbLine
 10
3398.302202225867
 20
4260.715411821784
 30
0.0
 11
3398.302202225867
 21
4260.500086893106
 31
0.0
  0
LINE
  5
7A4
330
6D1
100
AcDbEntity
  8
_TCH_MASK
  6
Continuous
 62
     7
100
AcDbLine
 10
3398.302202225867
 20
4259.590936870639
 30
0.0
 11
3398.302202225867
 21
4259.447386870664
 31
0.0
  0
LINE
  5
7A5
330
6D1
100
AcDbEntity
  8
_TCH_MASK
  6
Continuous
 62
     7
100
AcDbLine
 10
3398.42437242347
 20
4263.993136776892
 30
0.0
 11
3398.42437242347
 21
4264.447711687161
 31
0.0
  0
LINE
  5
7A6
330
6D1
100
AcDbEntity
  8
_TCH_MASK
  6
Continuous
 62
     7
100
AcDbLine
 10
3398.448806462984
 20
4261.792036960375
 30
0.0
 11
3398.448806462984
 21
4262.222686960366
 31
0.0
  0
LINE
  5
7A7
330
6D1
100
AcDbEntity
  8
_TCH_MASK
  6
Continuous
 62
     7
100
AcDbLine
 10
3398.448806462984
 20
4262.940436960395
 30
0.0
 11
3398.448806462984
 21
4263.658186960413
 31
0.0
  0
LINE
  5
7A8
330
6D1
100
AcDbEntity
  8
_TCH_MASK
  6
Continuous
 62
     7
100
AcDbLine
 10
3398.448806462984
 20
4267.534036687169
 30
0.0
 11
3398.448806462984
 21
4267.725437050176
 31
0.0
  0
LINE
  5
7A9
330
6D1
100
AcDbEntity
  8
_TCH_MASK
  6
Continuous
 62
     7
100
AcDbLine
 10
3398.448806462984
 20
4269.59158650371
 30
0.0
 11
3398.448806462984
 21
4270.022236503712
 31
0.0
  0
LINE
  5
7AA
330
6D1
100
AcDbEntity
  8
_TCH_MASK
  6
Continuous
 62
     7
100
AcDbLine
 10
3398.456908266569
 20
4256.656597454727
 30
0.0
 11
3398.456908266569
 21
4257.168133678159
 31
0.0
  0
LINE
  5
7AB
330
6D1
100
AcDbEntity
  8
_TCH_MASK
  6
Continuous
 62
     7
100
AcDbLine
 10
3398.470147580157
 20
4270.10582319371
 30
0.0
 11
3398.470147580157
 21
4269.59158650371
 31
0.0
  0
LINE
  5
7AC
330
6D1
100
AcDbEntity
  8
_TCH_MASK
  6
Continuous
 62
     7
100
AcDbLine
 10
3398.470147580157
 20
4269.448036503669
 30
0.0
 11
3398.470147580157
 21
4268.929818394055
 31
0.0
  0
LINE
  5
7AD
330
6D1
100
AcDbEntity
  8
_TCH_MASK
  6
Continuous
 62
     7
100
AcDbLine
 10
3398.470147580157
 20
4268.801052368973
 30
0.0
 11
3398.470147580157
 21
4268.755221368346
 31
0.0
  0
LINE
  5
7AE
330
6D1
100
AcDbEntity
  8
_TCH_MASK
  6
Continuous
 62
     7
100
AcDbLine
 10
3398.470147580157
 20
4267.809022781865
 30
0.0
 11
3398.470147580157
 21
4267.45045095549
 31
0.0
  0
LINE
  5
7AF
330
6D1
100
AcDbEntity
  8
_TCH_MASK
  6
Continuous
 62
     7
100
AcDbLine
 10
3398.470147580157
 20
4266.098536687133
 30
0.0
 11
3398.470147580157
 21
4264.690671935216
 31
0.0
  0
LINE
  5
7B0
330
6D1
100
AcDbEntity
  8
_TCH_MASK
  6
Continuous
 62
     7
100
AcDbLine
 10
3398.470147580157
 20
4264.540383357675
 30
0.0
 11
3398.470147580157
 21
4263.993136776892
 31
0.0
  0
LINE
  5
7B1
330
6D1
100
AcDbEntity
  8
_TCH_MASK
  6
Continuous
 62
     7
100
AcDbLine
 10
3398.470147580157
 20
4263.849586776917
 30
0.0
 11
3398.470147580157
 21
4262.940436960395
 31
0.0
  0
LINE
  5
7B2
330
6D1
100
AcDbEntity
  8
_TCH_MASK
  6
Continuous
 62
     7
100
AcDbLine
 10
3398.470147580157
 20
4262.306272929683
 30
0.0
 11
3398.470147580157
 21
4261.792036960375
 31
0.0
  0
LINE
  5
7B3
330
6D1
100
AcDbEntity
  8
_TCH_MASK
  6
Continuous
 62
     7
100
AcDbLine
 10
3398.470147580157
 20
4261.648486821804
 30
0.0
 11
3398.470147580157
 21
4261.457086870612
 31
0.0
  0
LINE
  5
7B4
330
6D1
100
AcDbEntity
  8
_TCH_MASK
  6
Continuous
 62
     7
100
AcDbLine
 10
3398.470147580157
 20
4261.313536870636
 30
0.0
 11
3398.470147580157
 21
4260.818190889407
 31
0.0
  0
LINE
  5
7B5
330
6D1
100
AcDbEntity
  8
_TCH_MASK
  6
Continuous
 62
     7
100
AcDbLine
 10
3398.470147580157
 20
4260.500086893106
 30
0.0
 11
3398.470147580157
 21
4260.308686870657
 31
0.0
  0
LINE
  5
7B6
330
6D1
100
AcDbEntity
  8
_TCH_MASK
  6
Continuous
 62
     7
100
AcDbLine
 10
3398.470147580157
 20
4260.656378597022
 30
0.0
 11
3398.470147580157
 21
4260.64363682177
 31
0.0
  0
LINE
  5
7B7
330
6D1
100
AcDbEntity
  8
_TCH_MASK
  6
Continuous
 62
     7
100
AcDbLine
 10
3398.470147580157
 20
4260.165136870616
 30
0.0
 11
3398.470147580157
 21
4259.590936870639
 31
0.0
  0
LINE
  5
7B8
330
6D1
100
AcDbEntity
  8
_TCH_MASK
  6
Continuous
 62
     7
100
AcDbLine
 10
3398.470956303223
 20
4273.401776424825
 30
0.0
 11
3398.470956303223
 21
4270.331732541062
 31
0.0
  0
LINE
  5
7B9
330
6D1
100
AcDbEntity
  8
_TCH_MASK
  6
Continuous
 62
     7
100
AcDbLine
 10
3398.470956303223
 20
4268.6261855366
 30
0.0
 11
3398.470956303223
 21
4268.034931990632
 31
0.0
  0
LINE
  5
7BA
330
6D1
100
AcDbEntity
  8
_TCH_MASK
  6
Continuous
 62
     7
100
AcDbLine
 10
3398.470956303223
 20
4267.224542431748
 30
0.0
 11
3398.470956303223
 21
4266.242086687183
 31
0.0
  0
LINE
  5
7BB
330
6D1
100
AcDbEntity
  8
_TCH_MASK
  6
Continuous
 62
     7
100
AcDbLine
 10
3398.470956303223
 20
4262.79688696042
 30
0.0
 11
3398.470956303223
 21
4262.532182174105
 31
0.0
  0
LINE
  5
7BC
330
6D1
100
AcDbEntity
  8
_TCH_MASK
  6
Continuous
 62
     7
100
AcDbLine
 10
3398.470978792073
 20
4259.447386870664
 30
0.0
 11
3398.470978792073
 21
4256.940296135462
 31
0.0
  0
LINE
  5
7BD
330
6D1
100
AcDbEntity
  8
_TCH_MASK
  6
Continuous
 62
     7
100
AcDbLine
 10
3398.470978819766
 20
4256.884431144293
 30
0.0
 11
3398.470978819766
 21
4254.536363245879
 31
0.0
  0
LINE
  5
7BE
330
6D1
100
AcDbEntity
  8
_TCH_MASK
  6
Continuous
 62
     7
100
AcDbLine
 10
3398.522601538171
 20
4256.811005913347
 30
0.0
 11
3398.522601538171
 21
4256.781181743568
 31
0.0
  0
LINE
  5
7BF
330
6D1
100
AcDbEntity
  8
_TCH_MASK
  6
Continuous
 62
     7
100
AcDbLine
 10
3398.603440681181
 20
4256.706425105128
 30
0.0
 11
3398.603440681181
 21
4256.772744650748
 31
0.0
  0
LINE
  5
7C0
330
6D1
100
AcDbEntity
  8
_TCH_MASK
  6
Continuous
 62
     7
100
AcDbLine
 10
3398.619726319783
 20
4256.909111741356
 30
0.0
 11
3398.619726319783
 21
4256.947373011878
 31
0.0
  0
LINE
  5
7C1
330
6D1
100
AcDbEntity
  8
_TCH_MASK
  6
Continuous
 62
     7
100
AcDbLine
 10
3398.766449048038
 20
4263.56248677689
 30
0.0
 11
3398.766449048038
 21
4262.940436960395
 31
0.0
  0
LINE
  5
7C2
330
6D1
100
AcDbEntity
  8
_TCH_MASK
  6
Continuous
 62
     7
100
AcDbLine
 10
3398.766492588235
 20
4257.093943113764
 30
0.0
 11
3398.766492588235
 21
4256.942860144417
 31
0.0
  0
LINE
  5
7C3
330
6D1
100
AcDbEntity
  8
_TCH_MASK
  6
Continuous
 62
     7
100
AcDbLine
 10
3398.790883087553
 20
4264.447711687161
 30
0.0
 11
3398.790883087553
 21
4263.993136776892
 31
0.0
  0
LINE
  5
7C4
330
6D1
100
AcDbEntity
  8
_TCH_MASK
  6
Continuous
 62
     7
100
AcDbLine
 10
3398.801810727338
 20
4256.772744650748
 30
0.0
 11
3398.801810727338
 21
4256.811005913347
 31
0.0
  0
LINE
  5
7C5
330
6D1
100
AcDbEntity
  8
_TCH_MASK
  6
Continuous
 62
     7
100
AcDbLine
 10
3398.801810727338
 20
4256.901851909036
 30
0.0
 11
3398.801810727338
 21
4257.093943113764
 31
0.0
  0
LINE
  5
7C6
330
6D1
100
AcDbEntity
  8
_TCH_MASK
  6
Continuous
 62
     7
100
AcDbLine
 10
3398.913053285156
 20
4262.940436960395
 30
0.0
 11
3398.913053285156
 21
4263.56248677689
 31
0.0
  0
LINE
  5
7C7
330
6D1
100
AcDbEntity
  8
_TCH_MASK
  6
Continuous
 62
     7
100
AcDbLine
 10
3398.937487324671
 20
4263.993136776892
 30
0.0
 11
3398.937487324671
 21
4264.399861870644
 31
0.0
  0
LINE
  5
7C8
330
6D1
100
AcDbEntity
  8
_TCH_MASK
  6
Continuous
 62
     7
100
AcDbLine
 10
3399.059657557897
 20
4268.993461870635
 30
0.0
 11
3399.059657557897
 21
4268.562811870645
 31
0.0
  0
LINE
  5
7C9
330
6D1
100
AcDbEntity
  8
_TCH_MASK
  6
Continuous
 62
     7
100
AcDbLine
 10
3399.157393715985
 20
4268.538886687148
 30
0.0
 11
3399.157393715985
 21
4269.017386503668
 31
0.0
  0
LINE
  5
7CA
330
6D1
100
AcDbEntity
  8
_TCH_MASK
  6
Continuous
 62
     7
100
AcDbLine
 10
3399.255984584612
 20
4256.860752577767
 30
0.0
 11
3399.255984584612
 21
4256.767810526363
 31
0.0
  0
LINE
  5
7CB
330
6D1
100
AcDbEntity
  8
_TCH_MASK
  6
Continuous
 62
     7
100
AcDbLine
 10
3399.255984584612
 20
4257.056915969399
 30
0.0
 11
3399.255984584612
 21
4256.963973917994
 31
0.0
  0
LINE
  5
7CC
330
6D1
100
AcDbEntity
  8
_TCH_MASK
  6
Continuous
 62
     7
100
AcDbLine
 10
3399.303997972916
 20
4270.022236503712
 30
0.0
 11
3399.303997972916
 21
4269.59158650371
 31
0.0
  0
LINE
  5
7CD
330
6D1
100
AcDbEntity
  8
_TCH_MASK
  6
Continuous
 62
     7
100
AcDbLine
 10
3399.303997972916
 20
4267.725437050176
 30
0.0
 11
3399.303997972916
 21
4267.534036687169
 31
0.0
  0
LINE
  5
7CE
330
6D1
100
AcDbEntity
  8
_TCH_MASK
  6
Continuous
 62
     7
100
AcDbLine
 10
3399.303997972916
 20
4266.959836687126
 30
0.0
 11
3399.303997972916
 21
4266.242086687183
 31
0.0
  0
LINE
  5
7CF
330
6D1
100
AcDbEntity
  8
_TCH_MASK
  6
Continuous
 62
     7
100
AcDbLine
 10
3399.303997972916
 20
4263.658186960413
 30
0.0
 11
3399.303997972916
 21
4262.940436960395
 31
0.0
  0
LINE
  5
7D0
330
6D1
100
AcDbEntity
  8
_TCH_MASK
  6
Continuous
 62
     7
100
AcDbLine
 10
3399.303997972916
 20
4262.222686960366
 30
0.0
 11
3399.303997972916
 21
4261.792036960375
 31
0.0
  0
LINE
  5
7D1
330
6D1
100
AcDbEntity
  8
_TCH_MASK
  6
Continuous
 62
     7
100
AcDbLine
 10
3399.303997972916
 20
4259.925886857473
 30
0.0
 11
3399.303997972916
 21
4259.830186879896
 31
0.0
  0
LINE
  5
7D2
330
6D1
100
AcDbEntity
  8
_TCH_MASK
  6
Continuous
 62
     7
100
AcDbLine
 10
3399.450602225851
 20
4259.830186879896
 30
0.0
 11
3399.450602225851
 21
4259.925886857473
 31
0.0
  0
LINE
  5
7D3
330
6D1
100
AcDbEntity
  8
_TCH_MASK
  6
Continuous
 62
     7
100
AcDbLine
 10
3399.450602225851
 20
4260.500086893106
 30
0.0
 11
3399.450602225851
 21
4260.64363682177
 31
0.0
  0
LINE
  5
7D4
330
6D1
100
AcDbEntity
  8
_TCH_MASK
  6
Continuous
 62
     7
100
AcDbLine
 10
3399.450602225851
 20
4261.24176187061
 30
0.0
 11
3399.450602225851
 21
4261.457086870612
 31
0.0
  0
LINE
  5
7D5
330
6D1
100
AcDbEntity
  8
_TCH_MASK
  6
Continuous
 62
     7
100
AcDbLine
 10
3399.450602225851
 20
4261.648486821804
 30
0.0
 11
3399.450602225851
 21
4262.222686960366
 31
0.0
  0
LINE
  5
7D6
330
6D1
100
AcDbEntity
  8
_TCH_MASK
  6
Continuous
 62
     7
100
AcDbLine
 10
3399.450602225851
 20
4262.79688696042
 30
0.0
 11
3399.450602225851
 21
4263.658186960413
 31
0.0
  0
LINE
  5
7D7
330
6D1
100
AcDbEntity
  8
_TCH_MASK
  6
Continuous
 62
     7
100
AcDbLine
 10
3399.450602225851
 20
4263.849586776917
 30
0.0
 11
3399.450602225851
 21
4263.993136776892
 31
0.0
  0
LINE
  5
7D8
330
6D1
100
AcDbEntity
  8
_TCH_MASK
  6
Continuous
 62
     7
100
AcDbLine
 10
3399.450602225851
 20
4264.591261687136
 30
0.0
 11
3399.450602225851
 21
4264.758736870609
 31
0.0
  0
LINE
  5
7D9
330
6D1
100
AcDbEntity
  8
_TCH_MASK
  6
Continuous
 62
     7
100
AcDbLine
 10
3399.450602225851
 20
4266.098536687133
 30
0.0
 11
3399.450602225851
 21
4266.959836687126
 31
0.0
  0
LINE
  5
7DA
330
6D1
100
AcDbEntity
  8
_TCH_MASK
  6
Continuous
 62
     7
100
AcDbLine
 10
3399.450602225851
 20
4267.534036687169
 30
0.0
 11
3399.450602225851
 21
4267.725437050176
 31
0.0
  0
LINE
  5
7DB
330
6D1
100
AcDbEntity
  8
_TCH_MASK
  6
Continuous
 62
     7
100
AcDbLine
 10
3399.450602225851
 20
4268.299637050154
 30
0.0
 11
3399.450602225851
 21
4268.443187050128
 31
0.0
  0
LINE
  5
7DC
330
6D1
100
AcDbEntity
  8
_TCH_MASK
  6
Continuous
 62
     7
100
AcDbLine
 10
3399.450602225851
 20
4269.113087233619
 30
0.0
 11
3399.450602225851
 21
4269.256637233669
 31
0.0
  0
LINE
  5
7DD
330
6D1
100
AcDbEntity
  8
_TCH_MASK
  6
Continuous
 62
     7
100
AcDbLine
 10
3399.450602225851
 20
4269.448036503669
 30
0.0
 11
3399.450602225851
 21
4270.022236503712
 31
0.0
  0
LINE
  5
7DE
330
6D1
100
AcDbEntity
  8
_TCH_MASK
  6
Continuous
 62
     7
100
AcDbLine
 10
3399.58840915269
 20
4257.977400030562
 30
0.0
 11
3399.58840915269
 21
4257.970532693597
 31
0.0
  0
LINE
  5
7DF
330
6D1
100
AcDbEntity
  8
_TCH_MASK
  6
Continuous
 62
     7
100
AcDbLine
 10
3399.65629838685
 20
4257.942081990427
 30
0.0
 11
3399.65629838685
 21
4257.906763851323
 31
0.0
  0
LINE
  5
7E0
330
6D1
100
AcDbEntity
  8
_TCH_MASK
  6
Continuous
 62
     7
100
AcDbLine
 10
3399.725328485162
 20
4277.688334363765
 30
0.0
 11
3399.725328485162
 21
4275.349749073412
 31
0.0
  0
LINE
  5
7E1
330
6D1
100
AcDbEntity
  8
_TCH_MASK
  6
Continuous
 62
     7
100
AcDbLine
 10
3399.884983052718
 20
4257.12463621844
 30
0.0
 11
3399.884983052718
 21
4257.015318299848
 31
0.0
  0
LINE
  5
7E2
330
6D1
100
AcDbEntity
  8
_TCH_MASK
  6
Continuous
 62
     7
100
AcDbLine
 10
3400.015369941459
 20
4268.184331750155
 30
0.0
 11
3400.015369941459
 21
4272.342331750141
 31
0.0
  0
LINE
  5
7E3
330
6D1
100
AcDbEntity
  8
_TCH_MASK
  6
Continuous
 62
     7
100
AcDbLine
 10
3400.015369941459
 20
4273.72833175014
 30
0.0
 11
3400.015369941459
 21
4278.254643311356
 31
0.0
  0
LINE
  5
7E4
330
6D1
100
AcDbEntity
  8
_TCH_MASK
  6
Continuous
 62
     7
100
AcDbLine
 10
3400.074224273252
 20
4265.917465607969
 30
0.0
 11
3400.074224273252
 21
4259.993056159608
 31
0.0
  0
LINE
  5
7E5
330
6D1
100
AcDbEntity
  8
_TCH_MASK
  6
Continuous
 62
     7
100
AcDbLine
 10
3400.288197982656
 20
4256.963973917994
 30
0.0
 11
3400.288197982656
 21
4256.860752577767
 31
0.0
  0
LINE
  5
7E6
330
6D1
100
AcDbEntity
  8
_TCH_MASK
  6
Continuous
 62
     7
100
AcDbLine
 10
3400.361869941458
 20
4268.976331750176
 30
0.0
 11
3400.361869941458
 21
4268.877331750156
 31
0.0
  0
LINE
  5
7E7
330
6D1
100
AcDbEntity
  8
_TCH_MASK
  6
Continuous
 62
     7
100
AcDbLine
 10
3400.744305880158
 20
4256.851551648452
 30
0.0
 11
3400.744305880158
 21
4256.813290366046
 31
0.0
  0
LINE
  5
7E8
330
6D1
100
AcDbEntity
  8
_TCH_MASK
  6
Continuous
 62
     7
100
AcDbLine
 10
3401.153869941481
 20
4268.877331750156
 30
0.0
 11
3401.153869941481
 21
4268.976331750176
 31
0.0
  0
LINE
  5
7E9
330
6D1
100
AcDbEntity
  8
_TCH_MASK
  6
Continuous
 62
     7
100
AcDbLine
 10
3401.351869941442
 20
4279.866331750167
 30
0.0
 11
3401.351869941442
 21
4273.72833175014
 31
0.0
  0
LINE
  5
7EA
330
6D1
100
AcDbEntity
  8
_TCH_MASK
  6
Continuous
 62
     7
100
AcDbLine
 10
3401.351869941442
 20
4272.342331750141
 30
0.0
 11
3401.351869941442
 21
4268.184331750155
 31
0.0
  0
LINE
  5
7EB
330
6D1
100
AcDbEntity
  8
_TCH_MASK
  6
Continuous
 62
     7
100
AcDbLine
 10
3401.886625846673
 20
4284.450154331989
 30
0.0
 11
3401.886625846673
 21
4284.263543058339
 31
0.0
  0
LINE
  5
7EC
330
6D1
100
AcDbEntity
  8
_TCH_MASK
  6
Continuous
 62
     7
100
AcDbLine
 10
3401.886625846673
 20
4283.281258532212
 30
0.0
 11
3401.886625846673
 21
4282.989119151066
 31
0.0
  0
LINE
  5
7ED
330
6D1
100
AcDbEntity
  8
_TCH_MASK
  6
Continuous
 62
     7
100
AcDbLine
 10
3401.916768226191
 20
4254.536363245879
 30
0.0
 11
3401.916768226191
 21
4259.80350188924
 31
0.0
  0
LINE
  5
7EE
330
6D1
100
AcDbEntity
  8
_TCH_MASK
  6
Continuous
 62
     7
100
AcDbLine
 10
3401.916768226191
 20
4265.917465607969
 30
0.0
 11
3401.916768226191
 21
4282.365694695772
 31
0.0
  0
LINE
  5
7EF
330
6D1
100
AcDbEntity
  8
_TCH_MASK
  6
Continuous
 62
     7
100
AcDbLine
 10
3403.231310889461
 20
4282.989119151066
 30
0.0
 11
3403.231310889461
 21
4265.917465607969
 31
0.0
  0
LINE
  5
7F0
330
6D1
100
AcDbEntity
  8
_TCH_MASK
  6
Continuous
 62
     7
100
AcDbLine
 10
3403.231310889461
 20
4259.681245137945
 30
0.0
 11
3403.231310889461
 21
4254.536363245879
 31
0.0
  0
LINE
  5
7F1
330
6D1
100
AcDbEntity
  8
_TCH_MASK
  6
Continuous
 62
     7
100
AcDbLine
 10
3403.309263643882
 20
4298.18990655198
 30
0.0
 11
3403.309263643882
 21
4284.93793805167
 31
0.0
  0
LINE
  5
7F2
330
6D1
100
AcDbEntity
  8
_TCH_MASK
  6
Continuous
 62
     7
100
AcDbLine
 10
3396.698869941465
 20
4258.503586460109
 30
0.0
 11
3396.732485906243
 21
4259.466221672098
 31
0.0
  0
LINE
  5
7F3
330
6D1
100
AcDbEntity
  8
_TCH_MASK
  6
Continuous
 62
     7
100
AcDbLine
 10
3391.98802899741
 20
4271.697552392924
 30
0.0
 11
3392.01246303694
 21
4271.817176662965
 31
0.0
  0
LINE
  5
7F4
330
6D1
100
AcDbEntity
  8
_TCH_MASK
  6
Continuous
 62
     7
100
AcDbLine
 10
3391.98802899741
 20
4267.175727392948
 30
0.0
 11
3392.01246303694
 21
4267.295351662998
 31
0.0
  0
LINE
  5
7F5
330
6D1
100
AcDbEntity
  8
_TCH_MASK
  6
Continuous
 62
     7
100
AcDbLine
 10
3391.98802899741
 20
4266.075176663028
 30
0.0
 11
3392.01246303694
 21
4266.194802026009
 31
0.0
  0
LINE
  5
7F6
330
6D1
100
AcDbEntity
  8
_TCH_MASK
  6
Continuous
 62
     7
100
AcDbLine
 10
3393.13642899743
 20
4271.482227392925
 30
0.0
 11
3393.111994957916
 21
4271.36260202598
 31
0.0
  0
LINE
  5
7F7
330
6D1
100
AcDbEntity
  8
_TCH_MASK
  6
Continuous
 62
     7
100
AcDbLine
 10
3391.98802899741
 20
4264.902852026015
 30
0.0
 11
3392.01246303694
 21
4265.022477392959
 31
0.0
  0
LINE
  5
7F8
330
6D1
100
AcDbEntity
  8
_TCH_MASK
  6
Continuous
 62
     7
100
AcDbLine
 10
3391.98802899741
 20
4263.491277209475
 30
0.0
 11
3392.01246303694
 21
4263.610902026019
 31
0.0
  0
LINE
  5
7F9
330
6D1
100
AcDbEntity
  8
_TCH_MASK
  6
Continuous
 62
     7
100
AcDbLine
 10
3392.476709859096
 20
4264.926776663008
 30
0.0
 11
3392.501143898619
 21
4265.04640202599
 31
0.0
  0
LINE
  5
7FA
330
6D1
100
AcDbEntity
  8
_TCH_MASK
  6
Continuous
 62
     7
100
AcDbLine
 10
3393.13642899743
 20
4266.984327025978
 30
0.0
 11
3393.111994957916
 21
4266.864701662995
 31
0.0
  0
LINE
  5
7FB
330
6D1
100
AcDbEntity
  8
_TCH_MASK
  6
Continuous
 62
     7
100
AcDbLine
 10
3393.13642899743
 20
4265.859851663026
 30
0.0
 11
3393.111994957916
 21
4265.740227392977
 31
0.0
  0
LINE
  5
7FC
330
6D1
100
AcDbEntity
  8
_TCH_MASK
  6
Continuous
 62
     7
100
AcDbLine
 10
3391.98802899741
 20
4260.093927026021
 30
0.0
 11
3392.01246303694
 21
4260.213551842499
 31
0.0
  0
LINE
  5
7FD
330
6D1
100
AcDbEntity
  8
_TCH_MASK
  6
Continuous
 62
     7
100
AcDbLine
 10
3393.13642899743
 20
4264.735377392944
 30
0.0
 11
3393.111994957916
 21
4264.615752025988
 31
0.0
  0
LINE
  5
7FE
330
6D1
100
AcDbEntity
  8
_TCH_MASK
  6
Continuous
 62
     7
100
AcDbLine
 10
3391.98802899741
 20
4256.648727026036
 30
0.0
 11
3392.01246303694
 21
4256.7683519811
 31
0.0
  0
LINE
  5
7FF
330
6D1
100
AcDbEntity
  8
_TCH_MASK
  6
Continuous
 62
     7
100
AcDbLine
 10
3391.98802899741
 20
4255.500327026018
 30
0.0
 11
3392.01246303694
 21
4255.619952048429
 31
0.0
  0
LINE
  5
800
330
6D1
100
AcDbEntity
  8
_TCH_MASK
  6
Continuous
 62
     7
100
AcDbLine
 10
3394.006069941462
 20
4265.29212199411
 30
0.0
 11
3394.035559301148
 21
4265.436497103711
 31
0.0
  0
LINE
  5
801
330
6D1
100
AcDbEntity
  8
_TCH_MASK
  6
Continuous
 62
     7
100
AcDbLine
 10
3393.13642899743
 20
4259.902527209518
 30
0.0
 11
3393.111994957916
 21
4259.782901842497
 31
0.0
  0
LINE
  5
802
330
6D1
100
AcDbEntity
  8
_TCH_MASK
  6
Continuous
 62
     7
100
AcDbLine
 10
3394.006069941462
 20
4263.90612199411
 30
0.0
 11
3394.035559301148
 21
4264.050497103712
 31
0.0
  0
LINE
  5
803
330
6D1
100
AcDbEntity
  8
_TCH_MASK
  6
Continuous
 62
     7
100
AcDbLine
 10
3394.006069941462
 20
4261.191872103715
 30
0.0
 11
3394.035559301148
 21
4261.336247134005
 31
0.0
  0
LINE
  5
804
330
6D1
100
AcDbEntity
  8
_TCH_MASK
  6
Continuous
 62
     7
100
AcDbLine
 10
3393.13642899743
 20
4256.457327070872
 30
0.0
 11
3393.111994957916
 21
4256.337701981109
 31
0.0
  0
LINE
  5
805
330
6D1
100
AcDbEntity
  8
_TCH_MASK
  6
Continuous
 62
     7
100
AcDbLine
 10
3394.595857190508
 20
4261.220747120836
 30
0.0
 11
3394.625346546238
 21
4261.365122103661
 31
0.0
  0
LINE
  5
806
330
6D1
100
AcDbEntity
  8
_TCH_MASK
  6
Continuous
 62
     7
100
AcDbLine
 10
3395.392069941453
 20
4263.675122217221
 30
0.0
 11
3395.362580581802
 21
4263.530747103657
 31
0.0
  0
LINE
  5
807
330
6D1
100
AcDbEntity
  8
_TCH_MASK
  6
Continuous
 62
     7
100
AcDbLine
 10
3395.392069941453
 20
4260.989747090468
 30
0.0
 11
3395.362580581802
 21
4260.845372103683
 31
0.0
  0
LINE
  5
808
330
6D1
100
AcDbEntity
  8
_TCH_MASK
  6
Continuous
 62
     7
100
AcDbLine
 10
3398.302202225867
 20
4270.022236503712
 30
0.0
 11
3398.326636265383
 21
4270.141861870657
 31
0.0
  0
LINE
  5
809
330
6D1
100
AcDbEntity
  8
_TCH_MASK
  6
Continuous
 62
     7
100
AcDbLine
 10
3398.302202225867
 20
4267.725437050176
 30
0.0
 11
3398.326636265383
 21
4267.845061870615
 31
0.0
  0
LINE
  5
80A
330
6D1
100
AcDbEntity
  8
_TCH_MASK
  6
Continuous
 62
     7
100
AcDbLine
 10
3398.302202225867
 20
4264.423787050179
 30
0.0
 11
3398.326636265383
 21
4264.543411870619
 31
0.0
  0
LINE
  5
80B
330
6D1
100
AcDbEntity
  8
_TCH_MASK
  6
Continuous
 62
     7
100
AcDbLine
 10
3398.302202225867
 20
4262.222686960366
 30
0.0
 11
3398.326636265383
 21
4262.342311776921
 31
0.0
  0
LINE
  5
80C
330
6D1
100
AcDbEntity
  8
_TCH_MASK
  6
Continuous
 62
     7
100
AcDbLine
 10
3399.450602225851
 20
4267.534036687169
 30
0.0
 11
3399.426168186321
 21
4267.414411870625
 31
0.0
  0
LINE
  5
80D
330
6D1
100
AcDbEntity
  8
_TCH_MASK
  6
Continuous
 62
     7
100
AcDbLine
 10
3392.965390704944
 20
4271.386526662975
 30
0.0
 11
3392.989824744466
 21
4271.482227392925
 31
0.0
  0
LINE
  5
80E
330
6D1
100
AcDbEntity
  8
_TCH_MASK
  6
Continuous
 62
     7
100
AcDbLine
 10
3392.159067274057
 20
4266.170877392979
 30
0.0
 11
3392.134633234543
 21
4266.075176663028
 31
0.0
  0
LINE
  5
80F
330
6D1
100
AcDbEntity
  8
_TCH_MASK
  6
Continuous
 62
     7
100
AcDbLine
 10
3392.647748135743
 20
4265.022477392959
 30
0.0
 11
3392.623314096221
 21
4264.926776663008
 31
0.0
  0
LINE
  5
810
330
6D1
100
AcDbEntity
  8
_TCH_MASK
  6
Continuous
 62
     7
100
AcDbLine
 10
3392.965390704944
 20
4264.639676662981
 30
0.0
 11
3392.989824744466
 21
4264.735377392944
 31
0.0
  0
LINE
  5
811
330
6D1
100
AcDbEntity
  8
_TCH_MASK
  6
Continuous
 62
     7
100
AcDbLine
 10
3392.159067274057
 20
4271.793252025982
 30
0.0
 11
3392.134633234543
 21
4271.697552392924
 31
0.0
  0
LINE
  5
812
330
6D1
100
AcDbEntity
  8
_TCH_MASK
  6
Continuous
 62
     7
100
AcDbLine
 10
3392.159067274057
 20
4267.271427026005
 30
0.0
 11
3392.134633234543
 21
4267.175727392948
 31
0.0
  0
LINE
  5
813
330
6D1
100
AcDbEntity
  8
_TCH_MASK
  6
Continuous
 62
     7
100
AcDbLine
 10
3392.965390704944
 20
4266.888627392932
 30
0.0
 11
3392.989824744466
 21
4266.984327025978
 31
0.0
  0
LINE
  5
814
330
6D1
100
AcDbEntity
  8
_TCH_MASK
  6
Continuous
 62
     7
100
AcDbLine
 10
3392.159067274057
 20
4263.586976842523
 30
0.0
 11
3392.134633234543
 21
4263.491277209475
 31
0.0
  0
LINE
  5
815
330
6D1
100
AcDbEntity
  8
_TCH_MASK
  6
Continuous
 62
     7
100
AcDbLine
 10
3392.623314096221
 20
4264.783226663033
 30
0.0
 11
3392.598880056699
 21
4264.687527026015
 31
0.0
  0
LINE
  5
816
330
6D1
100
AcDbEntity
  8
_TCH_MASK
  6
Continuous
 62
     7
100
AcDbLine
 10
3392.965390704944
 20
4265.764152026008
 30
0.0
 11
3392.989824744466
 21
4265.859851663026
 31
0.0
  0
LINE
  5
817
330
6D1
100
AcDbEntity
  8
_TCH_MASK
  6
Continuous
 62
     7
100
AcDbLine
 10
3398.790883087553
 20
4264.447711687161
 30
0.0
 11
3398.766449048038
 21
4264.519486687187
 31
0.0
  0
LINE
  5
818
330
6D1
100
AcDbEntity
  8
_TCH_MASK
  6
Continuous
 62
     7
100
AcDbLine
 10
3396.478856843969
 20
4280.05628484799
 30
0.0
 11
3396.500755596462
 21
4279.989492042828
 31
0.0
  0
LINE
  5
819
330
6D1
100
AcDbEntity
  8
_TCH_MASK
  6
Continuous
 62
     7
100
AcDbLine
 10
3399.450602225851
 20
4259.830186879896
 30
0.0
 11
3399.426168186321
 21
4259.710561873254
 31
0.0
  0
LINE
  5
81A
330
6D1
100
AcDbEntity
  8
_TCH_MASK
  6
Continuous
 62
     7
100
AcDbLine
 10
3398.473240502513
 20
4270.117937233663
 30
0.0
 11
3398.448806462984
 21
4270.022236503712
 31
0.0
  0
LINE
  5
81B
330
6D1
100
AcDbEntity
  8
_TCH_MASK
  6
Continuous
 62
     7
100
AcDbLine
 10
3392.159067274057
 20
4260.189627209468
 30
0.0
 11
3392.134633234543
 21
4260.093927026021
 31
0.0
  0
LINE
  5
81C
330
6D1
100
AcDbEntity
  8
_TCH_MASK
  6
Continuous
 62
     7
100
AcDbLine
 10
3392.159067274057
 20
4256.744427070899
 30
0.0
 11
3392.134633234543
 21
4256.648727026036
 31
0.0
  0
LINE
  5
81D
330
6D1
100
AcDbEntity
  8
_TCH_MASK
  6
Continuous
 62
     7
100
AcDbLine
 10
3392.965390704944
 20
4259.806827025994
 30
0.0
 11
3392.989824744466
 21
4259.902527209518
 31
0.0
  0
LINE
  5
81E
330
6D1
100
AcDbEntity
  8
_TCH_MASK
  6
Continuous
 62
     7
100
AcDbLine
 10
3394.212495451299
 20
4264.021622217188
 30
0.0
 11
3394.183006091633
 21
4263.90612199411
 31
0.0
  0
LINE
  5
81F
330
6D1
100
AcDbEntity
  8
_TCH_MASK
  6
Continuous
 62
     7
100
AcDbLine
 10
3392.159067274057
 20
4255.596027003529
 30
0.0
 11
3392.134633234543
 21
4255.500327026018
 31
0.0
  0
LINE
  5
820
330
6D1
100
AcDbEntity
  8
_TCH_MASK
  6
Continuous
 62
     7
100
AcDbLine
 10
3392.965390704944
 20
4256.361627026011
 30
0.0
 11
3392.989824744466
 21
4256.457327070872
 31
0.0
  0
LINE
  5
821
330
6D1
100
AcDbEntity
  8
_TCH_MASK
  6
Continuous
 62
     7
100
AcDbLine
 10
3395.185644415775
 20
4263.559621994155
 30
0.0
 11
3395.215133771504
 21
4263.675122217221
 31
0.0
  0
LINE
  5
822
330
6D1
100
AcDbEntity
  8
_TCH_MASK
  6
Continuous
 62
     7
100
AcDbLine
 10
3394.802282696371
 20
4261.336247134005
 30
0.0
 11
3394.772793336713
 21
4261.220747120836
 31
0.0
  0
LINE
  5
823
330
6D1
100
AcDbEntity
  8
_TCH_MASK
  6
Continuous
 62
     7
100
AcDbLine
 10
3394.772793336713
 20
4261.047497120824
 30
0.0
 11
3394.743303980984
 21
4260.931997103694
 31
0.0
  0
LINE
  5
824
330
6D1
100
AcDbEntity
  8
_TCH_MASK
  6
Continuous
 62
     7
100
AcDbLine
 10
3395.185644415775
 20
4260.874247097109
 30
0.0
 11
3395.215133771504
 21
4260.989747090468
 31
0.0
  0
LINE
  5
825
330
6D1
100
AcDbEntity
  8
_TCH_MASK
  6
Continuous
 62
     7
100
AcDbLine
 10
3398.473240502513
 20
4267.821136687195
 30
0.0
 11
3398.448806462984
 21
4267.725437050176
 31
0.0
  0
LINE
  5
826
330
6D1
100
AcDbEntity
  8
_TCH_MASK
  6
Continuous
 62
     7
100
AcDbLine
 10
3399.279563933394
 20
4267.438337050161
 30
0.0
 11
3399.303997972916
 21
4267.534036687169
 31
0.0
  0
LINE
  5
827
330
6D1
100
AcDbEntity
  8
_TCH_MASK
  6
Continuous
 62
     7
100
AcDbLine
 10
3398.473240502513
 20
4262.31838687067
 30
0.0
 11
3398.448806462984
 21
4262.222686960366
 31
0.0
  0
LINE
  5
828
330
6D1
100
AcDbEntity
  8
_TCH_MASK
  6
Continuous
 62
     7
100
AcDbLine
 10
3399.279563933394
 20
4259.734486870614
 30
0.0
 11
3399.303997972916
 21
4259.830186879896
 31
0.0
  0
LINE
  5
829
330
6D1
100
AcDbEntity
  8
_TCH_MASK
  6
Continuous
 62
     7
100
AcDbLine
 10
3394.916984286465
 20
4279.989492042828
 30
0.0
 11
3394.938883074574
 21
4280.056284943071
 31
0.0
  0
LINE
  5
82A
330
6D1
100
AcDbEntity
  8
_TCH_MASK
  6
Continuous
 62
     7
100
AcDbLine
 10
3392.159067274057
 20
4264.998551663034
 30
0.0
 11
3392.134633234543
 21
4264.926776663008
 31
0.0
  0
LINE
  5
82B
330
6D1
100
AcDbEntity
  8
_TCH_MASK
  6
Continuous
 62
     7
100
AcDbLine
 10
3392.452275819582
 20
4264.711451663007
 30
0.0
 11
3392.476709859096
 21
4264.783226663033
 31
0.0
  0
LINE
  5
82C
330
6D1
100
AcDbEntity
  8
_TCH_MASK
  6
Continuous
 62
     7
100
AcDbLine
 10
3396.942650911427
 20
4281.446970248752
 30
0.0
 11
3396.952241857172
 21
4281.426932961578
 31
0.0
  0
LINE
  5
82D
330
6D1
100
AcDbEntity
  8
_TCH_MASK
  6
Continuous
 62
     7
100
AcDbLine
 10
3393.075321017751
 20
4280.289849833745
 30
0.0
 11
3393.153210281496
 21
4280.080455008935
 31
0.0
  0
LINE
  5
82E
330
6D1
100
AcDbEntity
  8
_TCH_MASK
  6
Continuous
 62
     7
100
AcDbLine
 10
3393.174329504029
 20
4280.100492478283
 30
0.0
 11
3393.104164960772
 21
4280.290090245304
 31
0.0
  0
LINE
  5
82F
330
6D1
100
AcDbEntity
  8
_TCH_MASK
  6
Continuous
 62
     7
100
AcDbLine
 10
3394.595857190508
 20
4265.320997217165
 30
0.0
 11
3394.566367830805
 21
4265.407622217176
 31
0.0
  0
LINE
  5
830
330
6D1
100
AcDbEntity
  8
_TCH_MASK
  6
Continuous
 62
     7
100
AcDbLine
 10
3394.183006091633
 20
4261.047497120824
 30
0.0
 11
3394.212495451299
 21
4260.960872120814
 31
0.0
  0
LINE
  5
831
330
6D1
100
AcDbEntity
  8
_TCH_MASK
  6
Continuous
 62
     7
100
AcDbLine
 10
3392.134633234543
 20
4264.783226663033
 30
0.0
 11
3392.159067274057
 21
4264.711451663007
 31
0.0
  0
LINE
  5
832
330
6D1
100
AcDbEntity
  8
_TCH_MASK
  6
Continuous
 62
     7
100
AcDbLine
 10
3394.183006091633
 20
4265.407622217176
 30
0.0
 11
3394.153516731938
 21
4265.320997217165
 31
0.0
  0
LINE
  5
833
330
6D1
100
AcDbEntity
  8
_TCH_MASK
  6
Continuous
 62
     7
100
AcDbLine
 10
3394.212495451299
 20
4261.307372077268
 30
0.0
 11
3394.183006091633
 21
4261.220747120836
 31
0.0
  0
LINE
  5
834
330
6D1
100
AcDbEntity
  8
_TCH_MASK
  6
Continuous
 62
     7
100
AcDbLine
 10
3394.566367830805
 20
4260.960872120814
 30
0.0
 11
3394.595857190508
 21
4261.047497120824
 31
0.0
  0
LINE
  5
835
330
6D1
100
AcDbEntity
  8
_TCH_MASK
  6
Continuous
 62
     7
100
AcDbLine
 10
3398.448806462984
 20
4264.519486687187
 30
0.0
 11
3398.42437242347
 21
4264.447711687161
 31
0.0
  0
LINE
  5
836
330
6D1
100
AcDbEntity
  8
_TCH_MASK
  6
Continuous
 62
     7
100
AcDbLine
 10
3397.193179337257
 20
4281.006431748545
 30
0.0
 11
3397.163276213018
 21
4281.057702617014
 31
0.0
  0
LINE
  5
837
330
6D1
100
AcDbEntity
  8
_TCH_MASK
  6
Continuous
 62
     7
100
AcDbLine
 10
3397.151849153859
 20
4281.077739381454
 30
0.0
 11
3397.163276213018
 21
4281.057702617014
 31
0.0
  0
LINE
  5
838
330
6D1
100
AcDbEntity
  8
_TCH_MASK
  6
Continuous
 62
     7
100
AcDbLine
 10
3399.377300099397
 20
4270.237561503712
 30
0.0
 11
3399.426168186321
 21
4270.141861870657
 31
0.0
  0
LINE
  5
839
330
6D1
100
AcDbEntity
  8
_TCH_MASK
  6
Continuous
 62
     7
100
AcDbLine
 10
3399.377300099397
 20
4267.940762050177
 30
0.0
 11
3399.426168186321
 21
4267.845061870615
 31
0.0
  0
LINE
  5
83A
330
6D1
100
AcDbEntity
  8
_TCH_MASK
  6
Continuous
 62
     7
100
AcDbLine
 10
3398.375504344425
 20
4267.318711687178
 30
0.0
 11
3398.326636265383
 21
4267.414411870625
 31
0.0
  0
LINE
  5
83B
330
6D1
100
AcDbEntity
  8
_TCH_MASK
  6
Continuous
 62
     7
100
AcDbLine
 10
3398.83975116659
 20
4264.639112050169
 30
0.0
 11
3398.888619245641
 21
4264.543411870619
 31
0.0
  0
LINE
  5
83C
330
6D1
100
AcDbEntity
  8
_TCH_MASK
  6
Continuous
 62
     7
100
AcDbLine
 10
3399.377300099397
 20
4262.438011960369
 30
0.0
 11
3399.426168186321
 21
4262.342311776921
 31
0.0
  0
LINE
  5
83D
330
6D1
100
AcDbEntity
  8
_TCH_MASK
  6
Continuous
 62
     7
100
AcDbLine
 10
3400.501925051387
 20
4257.448852621259
 30
0.0
 11
3400.48797284277
 21
4257.477727507784
 31
0.0
  0
LINE
  5
83E
330
6D1
100
AcDbEntity
  8
_TCH_MASK
  6
Continuous
 62
     7
100
AcDbLine
 10
3392.01246303694
 20
4271.817176662965
 30
0.0
 11
3392.061331115976
 21
4271.912877392991
 31
0.0
  0
LINE
  5
83F
330
6D1
100
AcDbEntity
  8
_TCH_MASK
  6
Continuous
 62
     7
100
AcDbLine
 10
3393.111994957916
 20
4271.36260202598
 30
0.0
 11
3393.063126870956
 21
4271.266902392922
 31
0.0
  0
LINE
  5
840
330
6D1
100
AcDbEntity
  8
_TCH_MASK
  6
Continuous
 62
     7
100
AcDbLine
 10
3392.01246303694
 20
4267.295351662998
 30
0.0
 11
3392.061331115976
 21
4267.391052392949
 31
0.0
  0
LINE
  5
841
330
6D1
100
AcDbEntity
  8
_TCH_MASK
  6
Continuous
 62
     7
100
AcDbLine
 10
3392.01246303694
 20
4266.194802026009
 30
0.0
 11
3392.061331115976
 21
4266.290501663018
 31
0.0
  0
LINE
  5
842
330
6D1
100
AcDbEntity
  8
_TCH_MASK
  6
Continuous
 62
     7
100
AcDbLine
 10
3393.111994957916
 20
4266.864701662995
 30
0.0
 11
3393.063126870956
 21
4266.769002025976
 31
0.0
  0
LINE
  5
843
330
6D1
100
AcDbEntity
  8
_TCH_MASK
  6
Continuous
 62
     7
100
AcDbLine
 10
3392.501143898619
 20
4265.04640202599
 30
0.0
 11
3392.55001197767
 21
4265.142101663009
 31
0.0
  0
LINE
  5
844
330
6D1
100
AcDbEntity
  8
_TCH_MASK
  6
Continuous
 62
     7
100
AcDbLine
 10
3392.01246303694
 20
4263.610902026019
 30
0.0
 11
3392.061331115976
 21
4263.706602209467
 31
0.0
  0
LINE
  5
845
330
6D1
100
AcDbEntity
  8
_TCH_MASK
  6
Continuous
 62
     7
100
AcDbLine
 10
3393.111994957916
 20
4265.740227392977
 30
0.0
 11
3393.063126870956
 21
4265.644526663026
 31
0.0
  0
LINE
  5
846
330
6D1
100
AcDbEntity
  8
_TCH_MASK
  6
Continuous
 62
     7
100
AcDbLine
 10
3392.598880056699
 20
4264.687527026015
 30
0.0
 11
3392.55001197767
 21
4264.591827392968
 31
0.0
  0
LINE
  5
847
330
6D1
100
AcDbEntity
  8
_TCH_MASK
  6
Continuous
 62
     7
100
AcDbLine
 10
3401.886625846673
 20
4283.281192760595
 30
0.0
 11
3401.878217420264
 21
4283.291075617749
 31
0.0
  0
LINE
  5
848
330
6D1
100
AcDbEntity
  8
_TCH_MASK
  6
Continuous
 62
     7
100
AcDbLine
 10
3401.886625846673
 20
4284.450729814994
 30
0.0
 11
3401.879122197089
 21
4284.459903729218
 31
0.0
  0
LINE
  5
849
330
6D1
100
AcDbEntity
  8
_TCH_MASK
  6
Continuous
 62
     7
100
AcDbLine
 10
3399.279563933394
 20
4270.117937233663
 30
0.0
 11
3399.230695834544
 21
4270.189712233613
 31
0.0
  0
LINE
  5
84A
330
6D1
100
AcDbEntity
  8
_TCH_MASK
  6
Continuous
 62
     7
100
AcDbLine
 10
3396.698869941465
 20
4265.85615490796
 30
0.0
 11
3396.36226994147
 21
4266.439163211228
 31
0.0
  0
LINE
  5
84B
330
6D1
100
AcDbEntity
  8
_TCH_MASK
  6
Continuous
 62
     7
100
AcDbLine
 10
3394.71886994147
 20
4268.702169232482
 30
0.0
 11
3395.061049355733
 21
4268.109497103676
 31
0.0
  0
LINE
  5
84C
330
6D1
100
AcDbEntity
  8
_TCH_MASK
  6
Continuous
 62
     7
100
AcDbLine
 10
3400.633011711681
 20
4257.534957562399
 30
0.0
 11
3400.705904346447
 21
4257.408703816801
 31
0.0
  0
LINE
  5
84D
330
6D1
100
AcDbEntity
  8
_TCH_MASK
  6
Continuous
 62
     7
100
AcDbLine
 10
3400.675317940049
 20
4257.391044747205
 30
0.0
 11
3400.61616012179
 21
4257.49350909773
 31
0.0
  0
LINE
  5
84E
330
6D1
100
AcDbEntity
  8
_TCH_MASK
  6
Continuous
 62
     7
100
AcDbLine
 10
3400.440129290976
 20
4257.460527041829
 30
0.0
 11
3400.459259924246
 21
4257.427391809125
 31
0.0
  0
LINE
  5
84F
330
6D1
100
AcDbEntity
  8
_TCH_MASK
  6
Continuous
 62
     7
100
AcDbLine
 10
3399.2968319965
 20
4257.739542670185
 30
0.0
 11
3399.31449106605
 21
4257.708956263753
 31
0.0
  0
LINE
  5
850
330
6D1
100
AcDbEntity
  8
_TCH_MASK
  6
Continuous
 62
     7
100
AcDbLine
 10
3396.698869941465
 20
4261.15292865583
 30
0.0
 11
3397.03546994146
 21
4260.5699203566
 31
0.0
  0
LINE
  5
851
330
6D1
100
AcDbEntity
  8
_TCH_MASK
  6
Continuous
 62
     7
100
AcDbLine
 10
3398.847177239746
 20
4256.601458260303
 30
0.0
 11
3398.866307876961
 21
4256.568323027598
 31
0.0
  0
LINE
  5
852
330
6D1
100
AcDbEntity
  8
_TCH_MASK
  6
Continuous
 62
     7
100
AcDbLine
 10
3398.958331141076
 20
4256.408934061179
 30
0.0
 11
3398.977461774324
 21
4256.375798832435
 31
0.0
  0
LINE
  5
853
330
6D1
100
AcDbEntity
  8
_TCH_MASK
  6
Continuous
 62
     7
100
AcDbLine
 10
3398.805668357367
 20
4256.276613856889
 30
0.0
 11
3398.838828126216
 21
4256.219179454387
 31
0.0
  0
LINE
  5
854
330
6D1
100
AcDbEntity
  8
_TCH_MASK
  6
Continuous
 62
     7
100
AcDbLine
 10
3398.694514463961
 20
4256.469138052049
 30
0.0
 11
3398.727674232811
 21
4256.411703649549
 31
0.0
  0
LINE
  5
855
330
6D1
100
AcDbEntity
  8
_TCH_MASK
  6
Continuous
 62
     7
100
AcDbLine
 10
3398.73144097293
 20
4256.24350097837
 30
0.0
 11
3398.71652888808
 21
4256.269329468582
 31
0.0
  0
LINE
  5
856
330
6D1
100
AcDbEntity
  8
_TCH_MASK
  6
Continuous
 62
     7
100
AcDbLine
 10
3398.620287079524
 20
4256.436025169569
 30
0.0
 11
3398.605374990715
 21
4256.461853667705
 31
0.0
  0
LINE
  5
857
330
6D1
100
AcDbEntity
  8
_TCH_MASK
  6
Continuous
 62
     7
100
AcDbLine
 10
3399.377300099397
 20
4260.141211893054
 30
0.0
 11
3399.426168186321
 21
4260.045511844229
 31
0.0
  0
LINE
  5
858
330
6D1
100
AcDbEntity
  8
_TCH_MASK
  6
Continuous
 62
     7
100
AcDbLine
 10
3393.063126870956
 20
4271.912877392991
 30
0.0
 11
3393.111994957916
 21
4271.817176662965
 31
0.0
  0
LINE
  5
859
330
6D1
100
AcDbEntity
  8
_TCH_MASK
  6
Continuous
 62
     7
100
AcDbLine
 10
3392.061331115976
 20
4271.266902392922
 30
0.0
 11
3392.01246303694
 21
4271.36260202598
 31
0.0
  0
LINE
  5
85A
330
6D1
100
AcDbEntity
  8
_TCH_MASK
  6
Continuous
 62
     7
100
AcDbLine
 10
3395.303601858439
 20
4264.165996994143
 30
0.0
 11
3395.362580581802
 21
4264.050497103712
 31
0.0
  0
LINE
  5
85B
330
6D1
100
AcDbEntity
  8
_TCH_MASK
  6
Continuous
 62
     7
100
AcDbLine
 10
3393.063126870956
 20
4267.391052392949
 30
0.0
 11
3393.111994957916
 21
4267.295351662998
 31
0.0
  0
LINE
  5
85C
330
6D1
100
AcDbEntity
  8
_TCH_MASK
  6
Continuous
 62
     7
100
AcDbLine
 10
3393.063126870956
 20
4266.290501663018
 30
0.0
 11
3393.111994957916
 21
4266.194802026009
 31
0.0
  0
LINE
  5
85D
330
6D1
100
AcDbEntity
  8
_TCH_MASK
  6
Continuous
 62
     7
100
AcDbLine
 10
3395.303601858439
 20
4261.480622077288
 30
0.0
 11
3395.362580581802
 21
4261.365122103661
 31
0.0
  0
LINE
  5
85E
330
6D1
100
AcDbEntity
  8
_TCH_MASK
  6
Continuous
 62
     7
100
AcDbLine
 10
3394.094538016543
 20
4263.415247217198
 30
0.0
 11
3394.035559301148
 21
4263.530747103657
 31
0.0
  0
LINE
  5
85F
330
6D1
100
AcDbEntity
  8
_TCH_MASK
  6
Continuous
 62
     7
100
AcDbLine
 10
3393.063126870956
 20
4265.142101663009
 30
0.0
 11
3393.111994957916
 21
4265.04640202599
 31
0.0
  0
LINE
  5
860
330
6D1
100
AcDbEntity
  8
_TCH_MASK
  6
Continuous
 62
     7
100
AcDbLine
 10
3392.061331115976
 20
4266.769002025976
 30
0.0
 11
3392.01246303694
 21
4266.864701662995
 31
0.0
  0
LINE
  5
861
330
6D1
100
AcDbEntity
  8
_TCH_MASK
  6
Continuous
 62
     7
100
AcDbLine
 10
3393.063126870956
 20
4263.706602209467
 30
0.0
 11
3393.111994957916
 21
4263.610902026019
 31
0.0
  0
LINE
  5
862
330
6D1
100
AcDbEntity
  8
_TCH_MASK
  6
Continuous
 62
     7
100
AcDbLine
 10
3392.061331115976
 20
4265.644526663026
 30
0.0
 11
3392.01246303694
 21
4265.740227392977
 31
0.0
  0
LINE
  5
863
330
6D1
100
AcDbEntity
  8
_TCH_MASK
  6
Continuous
 62
     7
100
AcDbLine
 10
3394.094538016543
 20
4260.816497110257
 30
0.0
 11
3394.035559301148
 21
4260.931997103694
 31
0.0
  0
LINE
  5
864
330
6D1
100
AcDbEntity
  8
_TCH_MASK
  6
Continuous
 62
     7
100
AcDbLine
 10
3392.061331115976
 20
4264.591827392968
 30
0.0
 11
3392.01246303694
 21
4264.687527026015
 31
0.0
  0
LINE
  5
865
330
6D1
100
AcDbEntity
  8
_TCH_MASK
  6
Continuous
 62
     7
100
AcDbLine
 10
3393.063126870956
 20
4260.309252026011
 30
0.0
 11
3393.111994957916
 21
4260.213551842499
 31
0.0
  0
LINE
  5
866
330
6D1
100
AcDbEntity
  8
_TCH_MASK
  6
Continuous
 62
     7
100
AcDbLine
 10
3392.061331115976
 20
4259.687202209518
 30
0.0
 11
3392.01246303694
 21
4259.782901842497
 31
0.0
  0
LINE
  5
867
330
6D1
100
AcDbEntity
  8
_TCH_MASK
  6
Continuous
 62
     7
100
AcDbLine
 10
3393.063126870956
 20
4256.864052026037
 30
0.0
 11
3393.111994957916
 21
4256.7683519811
 31
0.0
  0
LINE
  5
868
330
6D1
100
AcDbEntity
  8
_TCH_MASK
  6
Continuous
 62
     7
100
AcDbLine
 10
3393.063126870956
 20
4255.715652026018
 30
0.0
 11
3393.111994957916
 21
4255.619952048429
 31
0.0
  0
LINE
  5
869
330
6D1
100
AcDbEntity
  8
_TCH_MASK
  6
Continuous
 62
     7
100
AcDbLine
 10
3392.061331115976
 20
4256.242002070871
 30
0.0
 11
3392.01246303694
 21
4256.337701981109
 31
0.0
  0
LINE
  5
86A
330
6D1
100
AcDbEntity
  8
_TCH_MASK
  6
Continuous
 62
     7
100
AcDbLine
 10
3392.01246303694
 20
4260.213551842499
 30
0.0
 11
3392.061331115976
 21
4260.309252026011
 31
0.0
  0
LINE
  5
86B
330
6D1
100
AcDbEntity
  8
_TCH_MASK
  6
Continuous
 62
     7
100
AcDbLine
 10
3394.035559301148
 20
4264.050497103712
 30
0.0
 11
3394.094538016543
 21
4264.165996994143
 31
0.0
  0
LINE
  5
86C
330
6D1
100
AcDbEntity
  8
_TCH_MASK
  6
Continuous
 62
     7
100
AcDbLine
 10
3398.326636265383
 20
4270.141861870657
 30
0.0
 11
3398.375504344425
 21
4270.237561503712
 31
0.0
  0
LINE
  5
86D
330
6D1
100
AcDbEntity
  8
_TCH_MASK
  6
Continuous
 62
     7
100
AcDbLine
 10
3393.111994957916
 20
4259.782901842497
 30
0.0
 11
3393.063126870956
 21
4259.687202209518
 31
0.0
  0
LINE
  5
86E
330
6D1
100
AcDbEntity
  8
_TCH_MASK
  6
Continuous
 62
     7
100
AcDbLine
 10
3395.362580581802
 20
4263.530747103657
 30
0.0
 11
3395.303601858439
 21
4263.415247217198
 31
0.0
  0
LINE
  5
86F
330
6D1
100
AcDbEntity
  8
_TCH_MASK
  6
Continuous
 62
     7
100
AcDbLine
 10
3392.01246303694
 20
4256.7683519811
 30
0.0
 11
3392.061331115976
 21
4256.864052026037
 31
0.0
  0
LINE
  5
870
330
6D1
100
AcDbEntity
  8
_TCH_MASK
  6
Continuous
 62
     7
100
AcDbLine
 10
3394.625346546238
 20
4261.365122103661
 30
0.0
 11
3394.684325265597
 21
4261.480622077288
 31
0.0
  0
LINE
  5
871
330
6D1
100
AcDbEntity
  8
_TCH_MASK
  6
Continuous
 62
     7
100
AcDbLine
 10
3392.01246303694
 20
4255.619952048429
 30
0.0
 11
3392.061331115976
 21
4255.715652026018
 31
0.0
  0
LINE
  5
872
330
6D1
100
AcDbEntity
  8
_TCH_MASK
  6
Continuous
 62
     7
100
AcDbLine
 10
3394.743303980984
 20
4260.931997103694
 30
0.0
 11
3394.684325265597
 21
4260.816497110257
 31
0.0
  0
LINE
  5
873
330
6D1
100
AcDbEntity
  8
_TCH_MASK
  6
Continuous
 62
     7
100
AcDbLine
 10
3398.326636265383
 20
4267.845061870615
 30
0.0
 11
3398.375504344425
 21
4267.940762050177
 31
0.0
  0
LINE
  5
874
330
6D1
100
AcDbEntity
  8
_TCH_MASK
  6
Continuous
 62
     7
100
AcDbLine
 10
3393.111994957916
 20
4256.337701981109
 30
0.0
 11
3393.063126870956
 21
4256.242002070871
 31
0.0
  0
LINE
  5
875
330
6D1
100
AcDbEntity
  8
_TCH_MASK
  6
Continuous
 62
     7
100
AcDbLine
 10
3399.426168186321
 20
4267.414411870625
 30
0.0
 11
3399.377300099397
 21
4267.318711687178
 31
0.0
  0
LINE
  5
876
330
6D1
100
AcDbEntity
  8
_TCH_MASK
  6
Continuous
 62
     7
100
AcDbLine
 10
3398.326636265383
 20
4262.342311776921
 30
0.0
 11
3398.375504344425
 21
4262.438011960369
 31
0.0
  0
LINE
  5
877
330
6D1
100
AcDbEntity
  8
_TCH_MASK
  6
Continuous
 62
     7
100
AcDbLine
 10
3399.426168186321
 20
4259.710561873254
 30
0.0
 11
3399.377300099397
 21
4259.614861864048
 31
0.0
  0
LINE
  5
878
330
6D1
100
AcDbEntity
  8
_TCH_MASK
  6
Continuous
 62
     7
100
AcDbLine
 10
3394.37669053115
 20
4268.109497103676
 30
0.0
 11
3394.71886994147
 21
4268.702169232482
 31
0.0
  0
LINE
  5
879
330
6D1
100
AcDbEntity
  8
_TCH_MASK
  6
Continuous
 62
     7
100
AcDbLine
 10
3397.03546994146
 20
4266.439163211228
 30
0.0
 11
3396.698869941465
 21
4265.85615490796
 31
0.0
  0
LINE
  5
87A
330
6D1
100
AcDbEntity
  8
_TCH_MASK
  6
Continuous
 62
     7
100
AcDbLine
 10
3393.111994957916
 20
4264.615752025988
 30
0.0
 11
3393.038692831426
 21
4264.496126663006
 31
0.0
  0
LINE
  5
87B
330
6D1
100
AcDbEntity
  8
_TCH_MASK
  6
Continuous
 62
     7
100
AcDbLine
 10
3394.159470817685
 20
4279.983492234889
 30
0.0
 11
3394.146479027841
 21
4279.963454603262
 31
0.0
  0
LINE
  5
87C
330
6D1
100
AcDbEntity
  8
_TCH_MASK
  6
Continuous
 62
     7
100
AcDbLine
 10
3394.122976455576
 20
4279.740297566753
 30
0.0
 11
3394.135704838074
 21
4279.759403802404
 31
0.0
  0
LINE
  5
87D
330
6D1
100
AcDbEntity
  8
_TCH_MASK
  6
Continuous
 62
     7
100
AcDbLine
 10
3392.207935353101
 20
4271.865027025998
 30
0.0
 11
3392.159067274057
 21
4271.793252025982
 31
0.0
  0
LINE
  5
87E
330
6D1
100
AcDbEntity
  8
_TCH_MASK
  6
Continuous
 62
     7
100
AcDbLine
 10
3392.916522606088
 20
4271.314751663024
 30
0.0
 11
3392.965390704944
 21
4271.386526662975
 31
0.0
  0
LINE
  5
87F
330
6D1
100
AcDbEntity
  8
_TCH_MASK
  6
Continuous
 62
     7
100
AcDbLine
 10
3393.943225628508
 20
4280.657369228601
 30
0.0
 11
3393.92893810691
 21
4280.63733181869
 31
0.0
  0
LINE
  5
880
330
6D1
100
AcDbEntity
  8
_TCH_MASK
  6
Continuous
 62
     7
100
AcDbLine
 10
3389.53966276547
 20
4284.839869043747
 30
0.0
 11
3389.531114036261
 21
4284.849622329698
 31
0.0
  0
LINE
  5
881
330
6D1
100
AcDbEntity
  8
_TCH_MASK
  6
Continuous
 62
     7
100
AcDbLine
 10
3399.279563933394
 20
4267.821136687195
 30
0.0
 11
3399.230695834544
 21
4267.892911687145
 31
0.0
  0
LINE
  5
882
330
6D1
100
AcDbEntity
  8
_TCH_MASK
  6
Continuous
 62
     7
100
AcDbLine
 10
3398.473240502513
 20
4267.438337050161
 30
0.0
 11
3398.522108581551
 21
4267.366562050135
 31
0.0
  0
LINE
  5
883
330
6D1
100
AcDbEntity
  8
_TCH_MASK
  6
Continuous
 62
     7
100
AcDbLine
 10
3392.965390704944
 20
4271.793252025982
 30
0.0
 11
3392.916522606088
 21
4271.865027025998
 31
0.0
  0
LINE
  5
884
330
6D1
100
AcDbEntity
  8
_TCH_MASK
  6
Continuous
 62
     7
100
AcDbLine
 10
3399.279563933394
 20
4262.31838687067
 30
0.0
 11
3399.230695834544
 21
4262.390161870629
 31
0.0
  0
LINE
  5
885
330
6D1
100
AcDbEntity
  8
_TCH_MASK
  6
Continuous
 62
     7
100
AcDbLine
 10
3392.159067274057
 20
4271.386526662975
 30
0.0
 11
3392.207935353101
 21
4271.314751663024
 31
0.0
  0
LINE
  5
886
330
6D1
100
AcDbEntity
  8
_TCH_MASK
  6
Continuous
 62
     7
100
AcDbLine
 10
3399.279563933394
 20
4260.021586870641
 30
0.0
 11
3399.230695834544
 21
4260.093361870667
 31
0.0
  0
LINE
  5
887
330
6D1
100
AcDbEntity
  8
_TCH_MASK
  6
Continuous
 62
     7
100
AcDbLine
 10
3395.185644415775
 20
4264.021622217188
 30
0.0
 11
3395.12666567661
 21
4264.108247217188
 31
0.0
  0
LINE
  5
888
330
6D1
100
AcDbEntity
  8
_TCH_MASK
  6
Continuous
 62
     7
100
AcDbLine
 10
3392.965390704944
 20
4267.271427026005
 30
0.0
 11
3392.916522606088
 21
4267.34320202603
 31
0.0
  0
LINE
  5
889
330
6D1
100
AcDbEntity
  8
_TCH_MASK
  6
Continuous
 62
     7
100
AcDbLine
 10
3392.965390704944
 20
4266.170877392979
 30
0.0
 11
3392.916522606088
 21
4266.242652392929
 31
0.0
  0
LINE
  5
88A
330
6D1
100
AcDbEntity
  8
_TCH_MASK
  6
Continuous
 62
     7
100
AcDbLine
 10
3392.159067274057
 20
4266.888627392932
 30
0.0
 11
3392.207935353101
 21
4266.81685239297
 31
0.0
  0
LINE
  5
88B
330
6D1
100
AcDbEntity
  8
_TCH_MASK
  6
Continuous
 62
     7
100
AcDbLine
 10
3394.212495451299
 20
4263.559621994155
 30
0.0
 11
3394.271474166686
 21
4263.472996994145
 31
0.0
  0
LINE
  5
88C
330
6D1
100
AcDbEntity
  8
_TCH_MASK
  6
Continuous
 62
     7
100
AcDbLine
 10
3392.965390704944
 20
4265.022477392959
 30
0.0
 11
3392.916522606088
 21
4265.094252392986
 31
0.0
  0
LINE
  5
88D
330
6D1
100
AcDbEntity
  8
_TCH_MASK
  6
Continuous
 62
     7
100
AcDbLine
 10
3395.185644415775
 20
4261.336247134005
 30
0.0
 11
3395.12666567661
 21
4261.422872134016
 31
0.0
  0
LINE
  5
88E
330
6D1
100
AcDbEntity
  8
_TCH_MASK
  6
Continuous
 62
     7
100
AcDbLine
 10
3392.159067274057
 20
4265.764152026008
 30
0.0
 11
3392.207935353101
 21
4265.692377025984
 31
0.0
  0
LINE
  5
88F
330
6D1
100
AcDbEntity
  8
_TCH_MASK
  6
Continuous
 62
     7
100
AcDbLine
 10
3392.965390704944
 20
4263.586976842523
 30
0.0
 11
3392.916522606088
 21
4263.658751842548
 31
0.0
  0
LINE
  5
890
330
6D1
100
AcDbEntity
  8
_TCH_MASK
  6
Continuous
 62
     7
100
AcDbLine
 10
3392.159067274057
 20
4264.711451663007
 30
0.0
 11
3392.207935353101
 21
4264.639676662981
 31
0.0
  0
LINE
  5
891
330
6D1
100
AcDbEntity
  8
_TCH_MASK
  6
Continuous
 62
     7
100
AcDbLine
 10
3394.71886994147
 20
4258.01282497883
 30
0.0
 11
3394.37669053115
 21
4258.605497103682
 31
0.0
  0
LINE
  5
892
330
6D1
100
AcDbEntity
  8
_TCH_MASK
  6
Continuous
 62
     7
100
AcDbLine
 10
3395.061049355733
 20
4258.605497103682
 30
0.0
 11
3394.71886994147
 21
4258.01282497883
 31
0.0
  0
LINE
  5
893
330
6D1
100
AcDbEntity
  8
_TCH_MASK
  6
Continuous
 62
     7
100
AcDbLine
 10
3396.36226994147
 20
4260.5699203566
 30
0.0
 11
3396.698869941465
 21
4261.15292865583
 31
0.0
  0
LINE
  5
894
330
6D1
100
AcDbEntity
  8
_TCH_MASK
  6
Continuous
 62
     7
100
AcDbLine
 10
3398.674578833976
 20
4257.482737410687
 30
0.0
 11
3398.689490918857
 21
4257.508565900812
 31
0.0
  0
LINE
  5
895
330
6D1
100
AcDbEntity
  8
_TCH_MASK
  6
Continuous
 62
     7
100
AcDbLine
 10
3398.740369121632
 20
4257.435011047173
 30
0.0
 11
3398.707209352782
 21
4257.377576648567
 31
0.0
  0
LINE
  5
896
330
6D1
100
AcDbEntity
  8
_TCH_MASK
  6
Continuous
 62
     7
100
AcDbLine
 10
3398.931293171867
 20
4257.368961304251
 30
0.0
 11
3398.912162534616
 21
4257.335826075586
 31
0.0
  0
LINE
  5
897
330
6D1
100
AcDbEntity
  8
_TCH_MASK
  6
Continuous
 62
     7
100
AcDbLine
 10
3400.050316581103
 20
4257.772853326911
 30
0.0
 11
3400.068073696297
 21
4257.803609553922
 31
0.0
  0
LINE
  5
898
330
6D1
100
AcDbEntity
  8
_TCH_MASK
  6
Continuous
 62
     7
100
AcDbLine
 10
3400.123273526276
 20
4257.651206962
 30
0.0
 11
3400.157708712082
 21
4257.710850450563
 31
0.0
  0
LINE
  5
899
330
6D1
100
AcDbEntity
  8
_TCH_MASK
  6
Continuous
 62
     7
100
AcDbLine
 10
3400.173405637295
 20
4257.738038317646
 30
0.0
 11
3400.235899042789
 21
4257.846280074555
 31
0.0
  0
LINE
  5
89A
330
6D1
100
AcDbEntity
  8
_TCH_MASK
  6
Continuous
 62
     7
100
AcDbLine
 10
3400.292614871607
 20
4257.875840690482
 30
0.0
 11
3400.203142386119
 21
4257.720869797013
 31
0.0
  0
LINE
  5
89B
330
6D1
100
AcDbEntity
  8
_TCH_MASK
  6
Continuous
 62
     7
100
AcDbLine
 10
3400.187445460906
 20
4257.69368192993
 30
0.0
 11
3400.153010279013
 21
4257.634038441444
 31
0.0
  0
LINE
  5
89C
330
6D1
100
AcDbEntity
  8
_TCH_MASK
  6
Continuous
 62
     7
100
AcDbLine
 10
3400.239336247543
 20
4257.69997326116
 30
0.0
 11
3400.223639326288
 21
4257.672785394077
 31
0.0
  0
LINE
  5
89D
330
6D1
100
AcDbEntity
  8
_TCH_MASK
  6
Continuous
 62
     7
100
AcDbLine
 10
3399.183513753218
 20
4255.868987007817
 30
0.0
 11
3399.323118345812
 21
4256.110789256855
 31
0.0
  0
LINE
  5
89E
330
6D1
100
AcDbEntity
  8
_TCH_MASK
  6
Continuous
 62
     7
100
AcDbLine
 10
3399.356253578488
 20
4256.091658623537
 30
0.0
 11
3399.257068602921
 21
4255.919865206617
 31
0.0
  0
LINE
  5
89F
330
6D1
100
AcDbEntity
  8
_TCH_MASK
  6
Continuous
 62
     7
100
AcDbLine
 10
3399.314503013382
 20
4255.886705437734
 30
0.0
 11
3399.299688993953
 21
4255.861046803907
 31
0.0
  0
LINE
  5
8A0
330
6D1
100
AcDbEntity
  8
_TCH_MASK
  6
Continuous
 62
     7
100
AcDbLine
 10
3400.422421133241
 20
4256.483433711419
 30
0.0
 11
3400.442925252945
 21
4256.51894788642
 31
0.0
  0
LINE
  5
8A1
330
6D1
100
AcDbEntity
  8
_TCH_MASK
  6
Continuous
 62
     7
100
AcDbLine
 10
3400.596160553615
 20
4256.29657711183
 30
0.0
 11
3400.672486888558
 21
4256.428778203251
 31
0.0
  0
LINE
  5
8A2
330
6D1
100
AcDbEntity
  8
_TCH_MASK
  6
Continuous
 62
     7
100
AcDbLine
 10
3400.703073290986
 20
4256.411119133733
 30
0.0
 11
3400.605948529192
 21
4256.242894108433
 31
0.0
  0
LINE
  5
8A3
330
6D1
100
AcDbEntity
  8
_TCH_MASK
  6
Continuous
 62
     7
100
AcDbLine
 10
3395.362580581802
 20
4260.845372103683
 30
0.0
 11
3395.274112498781
 21
4260.700997108973
 31
0.0
  0
LINE
  5
8A4
330
6D1
100
AcDbEntity
  8
_TCH_MASK
  6
Continuous
 62
     7
100
AcDbLine
 10
3392.207935353101
 20
4267.34320202603
 30
0.0
 11
3392.159067274057
 21
4267.271427026005
 31
0.0
  0
LINE
  5
8A5
330
6D1
100
AcDbEntity
  8
_TCH_MASK
  6
Continuous
 62
     7
100
AcDbLine
 10
3392.207935353101
 20
4266.242652392929
 30
0.0
 11
3392.159067274057
 21
4266.170877392979
 31
0.0
  0
LINE
  5
8A6
330
6D1
100
AcDbEntity
  8
_TCH_MASK
  6
Continuous
 62
     7
100
AcDbLine
 10
3392.916522606088
 20
4266.81685239297
 30
0.0
 11
3392.965390704944
 21
4266.888627392932
 31
0.0
  0
LINE
  5
8A7
330
6D1
100
AcDbEntity
  8
_TCH_MASK
  6
Continuous
 62
     7
100
AcDbLine
 10
3392.916522606088
 20
4265.692377025984
 30
0.0
 11
3392.965390704944
 21
4265.764152026008
 31
0.0
  0
LINE
  5
8A8
330
6D1
100
AcDbEntity
  8
_TCH_MASK
  6
Continuous
 62
     7
100
AcDbLine
 10
3392.696616214788
 20
4265.094252392986
 30
0.0
 11
3392.647748135743
 21
4265.022477392959
 31
0.0
  0
LINE
  5
8A9
330
6D1
100
AcDbEntity
  8
_TCH_MASK
  6
Continuous
 62
     7
100
AcDbLine
 10
3392.403407740538
 20
4264.639676662981
 30
0.0
 11
3392.452275819582
 21
4264.711451663007
 31
0.0
  0
LINE
  5
8AA
330
6D1
100
AcDbEntity
  8
_TCH_MASK
  6
Continuous
 62
     7
100
AcDbLine
 10
3392.207935353101
 20
4263.658751842548
 30
0.0
 11
3392.159067274057
 21
4263.586976842523
 31
0.0
  0
LINE
  5
8AB
330
6D1
100
AcDbEntity
  8
_TCH_MASK
  6
Continuous
 62
     7
100
AcDbLine
 10
3394.271474166686
 20
4264.108247217188
 30
0.0
 11
3394.212495451299
 21
4264.021622217188
 31
0.0
  0
LINE
  5
8AC
330
6D1
100
AcDbEntity
  8
_TCH_MASK
  6
Continuous
 62
     7
100
AcDbLine
 10
3398.522108581551
 20
4270.189712233613
 30
0.0
 11
3398.473240502513
 21
4270.117937233663
 31
0.0
  0
LINE
  5
8AD
330
6D1
100
AcDbEntity
  8
_TCH_MASK
  6
Continuous
 62
     7
100
AcDbLine
 10
3392.207935353101
 20
4260.261402209494
 30
0.0
 11
3392.159067274057
 21
4260.189627209468
 31
0.0
  0
LINE
  5
8AE
330
6D1
100
AcDbEntity
  8
_TCH_MASK
  6
Continuous
 62
     7
100
AcDbLine
 10
3395.12666567661
 20
4263.472996994145
 30
0.0
 11
3395.185644415775
 21
4263.559621994155
 31
0.0
  0
LINE
  5
8AF
330
6D1
100
AcDbEntity
  8
_TCH_MASK
  6
Continuous
 62
     7
100
AcDbLine
 10
3392.916522606088
 20
4259.735052025969
 30
0.0
 11
3392.965390704944
 21
4259.806827025994
 31
0.0
  0
LINE
  5
8B0
330
6D1
100
AcDbEntity
  8
_TCH_MASK
  6
Continuous
 62
     7
100
AcDbLine
 10
3398.522108581551
 20
4267.892911687145
 30
0.0
 11
3398.473240502513
 21
4267.821136687195
 31
0.0
  0
LINE
  5
8B1
330
6D1
100
AcDbEntity
  8
_TCH_MASK
  6
Continuous
 62
     7
100
AcDbLine
 10
3394.861261411767
 20
4261.422872134016
 30
0.0
 11
3394.802282696371
 21
4261.336247134005
 31
0.0
  0
LINE
  5
8B2
330
6D1
100
AcDbEntity
  8
_TCH_MASK
  6
Continuous
 62
     7
100
AcDbLine
 10
3394.507389115418
 20
4260.874247097109
 30
0.0
 11
3394.566367830805
 21
4260.960872120814
 31
0.0
  0
LINE
  5
8B3
330
6D1
100
AcDbEntity
  8
_TCH_MASK
  6
Continuous
 62
     7
100
AcDbLine
 10
3399.230695834544
 20
4267.366562050135
 30
0.0
 11
3399.279563933394
 21
4267.438337050161
 31
0.0
  0
LINE
  5
8B4
330
6D1
100
AcDbEntity
  8
_TCH_MASK
  6
Continuous
 62
     7
100
AcDbLine
 10
3392.207935353101
 20
4256.816202070847
 30
0.0
 11
3392.159067274057
 21
4256.744427070899
 31
0.0
  0
LINE
  5
8B5
330
6D1
100
AcDbEntity
  8
_TCH_MASK
  6
Continuous
 62
     7
100
AcDbLine
 10
3392.207935353101
 20
4255.667802003555
 30
0.0
 11
3392.159067274057
 21
4255.596027003529
 31
0.0
  0
LINE
  5
8B6
330
6D1
100
AcDbEntity
  8
_TCH_MASK
  6
Continuous
 62
     7
100
AcDbLine
 10
3392.916522606088
 20
4256.289852025985
 30
0.0
 11
3392.965390704944
 21
4256.361627026011
 31
0.0
  0
LINE
  5
8B7
330
6D1
100
AcDbEntity
  8
_TCH_MASK
  6
Continuous
 62
     7
100
AcDbLine
 10
3392.01246303694
 20
4265.022477392959
 30
0.0
 11
3392.085765155498
 21
4265.118177026017
 31
0.0
  0
LINE
  5
8B8
330
6D1
100
AcDbEntity
  8
_TCH_MASK
  6
Continuous
 62
     7
100
AcDbLine
 10
3393.74666157995
 20
4280.764633384257
 30
0.0
 11
3393.730871309599
 21
4280.74459598227
 31
0.0
  0
LINE
  5
8B9
330
6D1
100
AcDbEntity
  8
_TCH_MASK
  6
Continuous
 62
     7
100
AcDbLine
 10
3393.680104113599
 20
4281.374758385505
 30
0.0
 11
3393.664276544012
 21
4281.35472139531
 31
0.0
  0
LINE
  5
8BA
330
6D1
100
AcDbEntity
  8
_TCH_MASK
  6
Continuous
 62
     7
100
AcDbLine
 10
3401.886625846673
 20
4284.263383418839
 30
0.0
 11
3401.879033655438
 21
4284.254156076335
 31
0.0
  0
LINE
  5
8BB
330
6D1
100
AcDbEntity
  8
_TCH_MASK
  6
Continuous
 62
     7
100
AcDbLine
 10
3393.568627135655
 20
4280.764633756521
 30
0.0
 11
3393.551403860125
 21
4280.744595978307
 31
0.0
  0
LINE
  5
8BC
330
6D1
100
AcDbEntity
  8
_TCH_MASK
  6
Continuous
 62
     7
100
AcDbLine
 10
3389.540020353467
 20
4283.874624971871
 30
0.0
 11
3389.531114036261
 21
4283.864497220325
 31
0.0
  0
LINE
  5
8BD
330
6D1
100
AcDbEntity
  8
_TCH_MASK
  6
Continuous
 62
     7
100
AcDbLine
 10
3398.441448363207
 20
4281.06638455663
 30
0.0
 11
3398.46310103337
 21
4281.046347146709
 31
0.0
  0
LINE
  5
8BE
330
6D1
100
AcDbEntity
  8
_TCH_MASK
  6
Continuous
 62
     7
100
AcDbLine
 10
3399.279563933394
 20
4270.333262233664
 30
0.0
 11
3399.377300099397
 21
4270.237561503712
 31
0.0
  0
LINE
  5
8BF
330
6D1
100
AcDbEntity
  8
_TCH_MASK
  6
Continuous
 62
     7
100
AcDbLine
 10
3394.654835905895
 20
4265.551996994132
 30
0.0
 11
3394.743303980984
 21
4265.436497103711
 31
0.0
  0
LINE
  5
8C0
330
6D1
100
AcDbEntity
  8
_TCH_MASK
  6
Continuous
 62
     7
100
AcDbLine
 10
3394.212495451299
 20
4260.960872120814
 30
0.0
 11
3394.271474166686
 21
4260.874247097109
 31
0.0
  0
LINE
  5
8C1
330
6D1
100
AcDbEntity
  8
_TCH_MASK
  6
Continuous
 62
     7
100
AcDbLine
 10
3392.965390704944
 20
4260.189627209468
 30
0.0
 11
3392.916522606088
 21
4260.261402209494
 31
0.0
  0
LINE
  5
8C2
330
6D1
100
AcDbEntity
  8
_TCH_MASK
  6
Continuous
 62
     7
100
AcDbLine
 10
3392.159067274057
 20
4259.806827025994
 30
0.0
 11
3392.207935353101
 21
4259.735052025969
 31
0.0
  0
LINE
  5
8C3
330
6D1
100
AcDbEntity
  8
_TCH_MASK
  6
Continuous
 62
     7
100
AcDbLine
 10
3392.965390704944
 20
4256.744427070899
 30
0.0
 11
3392.916522606088
 21
4256.816202070847
 31
0.0
  0
LINE
  5
8C4
330
6D1
100
AcDbEntity
  8
_TCH_MASK
  6
Continuous
 62
     7
100
AcDbLine
 10
3392.965390704944
 20
4255.596027003529
 30
0.0
 11
3392.916522606088
 21
4255.667802003555
 31
0.0
  0
LINE
  5
8C5
330
6D1
100
AcDbEntity
  8
_TCH_MASK
  6
Continuous
 62
     7
100
AcDbLine
 10
3392.159067274057
 20
4256.361627026011
 30
0.0
 11
3392.207935353101
 21
4256.289852025985
 31
0.0
  0
LINE
  5
8C6
330
6D1
100
AcDbEntity
  8
_TCH_MASK
  6
Continuous
 62
     7
100
AcDbLine
 10
3398.522108581551
 20
4262.390161870629
 30
0.0
 11
3398.473240502513
 21
4262.31838687067
 31
0.0
  0
LINE
  5
8C7
330
6D1
100
AcDbEntity
  8
_TCH_MASK
  6
Continuous
 62
     7
100
AcDbLine
 10
3399.230695834544
 20
4259.662711870666
 30
0.0
 11
3399.279563933394
 21
4259.734486870614
 31
0.0
  0
LINE
  5
8C8
330
6D1
100
AcDbEntity
  8
_TCH_MASK
  6
Continuous
 62
     7
100
AcDbLine
 10
3394.035559301148
 20
4265.436497103711
 30
0.0
 11
3394.124027376209
 21
4265.551996994132
 31
0.0
  0
LINE
  5
8C9
330
6D1
100
AcDbEntity
  8
_TCH_MASK
  6
Continuous
 62
     7
100
AcDbLine
 10
3394.035559301148
 20
4261.336247134005
 30
0.0
 11
3394.124027376209
 21
4261.451747103671
 31
0.0
  0
LINE
  5
8CA
330
6D1
100
AcDbEntity
  8
_TCH_MASK
  6
Continuous
 62
     7
100
AcDbLine
 10
3398.326636265383
 20
4264.543411870619
 30
0.0
 11
3398.399938383948
 21
4264.639112050169
 31
0.0
  0
LINE
  5
8CB
330
6D1
100
AcDbEntity
  8
_TCH_MASK
  6
Continuous
 62
     7
100
AcDbLine
 10
3393.129394778138
 20
4281.374758310231
 30
0.0
 11
3393.109270842209
 21
4281.354721308228
 31
0.0
  0
LINE
  5
8CC
330
6D1
100
AcDbEntity
  8
_TCH_MASK
  6
Continuous
 62
     7
100
AcDbLine
 10
3392.061331115976
 20
4271.912877392991
 30
0.0
 11
3392.159067274057
 21
4272.008577025973
 31
0.0
  0
LINE
  5
8CD
330
6D1
100
AcDbEntity
  8
_TCH_MASK
  6
Continuous
 62
     7
100
AcDbLine
 10
3393.063126870956
 20
4271.266902392922
 30
0.0
 11
3392.965390704944
 21
4271.171201662972
 31
0.0
  0
LINE
  5
8CE
330
6D1
100
AcDbEntity
  8
_TCH_MASK
  6
Continuous
 62
     7
100
AcDbLine
 10
3393.174329492147
 20
4280.100492466398
 30
0.0
 11
3393.153210245873
 21
4280.080455040629
 31
0.0
  0
LINE
  5
8CF
330
6D1
100
AcDbEntity
  8
_TCH_MASK
  6
Continuous
 62
     7
100
AcDbLine
 10
3392.92592910296
 20
4280.764633305099
 30
0.0
 11
3392.903534348632
 21
4280.744595895177
 31
0.0
  0
LINE
  5
8D0
330
6D1
100
AcDbEntity
  8
_TCH_MASK
  6
Continuous
 62
     7
100
AcDbLine
 10
3392.700147600241
 20
4281.374749166633
 30
0.0
 11
3392.676685922867
 21
4281.354721399273
 31
0.0
  0
LINE
  5
8D1
330
6D1
100
AcDbEntity
  8
_TCH_MASK
  6
Continuous
 62
     7
100
AcDbLine
 10
3390.447058919737
 20
4300.52848922874
 30
0.0
 11
3400.970680967148
 21
4300.52848922874
 31
0.0
  0
LINE
  5
8D2
330
6D1
100
AcDbEntity
  8
_TCH_MASK
  6
Continuous
 62
     9
100
AcDbLine
 10
3403.309263643882
 20
4298.18990655198
 30
0.0
 11
3388.108476242968
 21
4298.18990655198
 31
0.0
  0
LINE
  5
8D3
330
6D1
100
AcDbEntity
  8
_TCH_MASK
  6
Continuous
 62
     7
100
AcDbLine
 10
3401.2798552268
 20
4284.805405757714
 30
0.0
 11
3401.279467344823
 21
4284.80562764841
 31
0.0
  0
LINE
  5
8D4
330
6D1
100
AcDbEntity
  8
_TCH_MASK
  6
Continuous
 62
     7
100
AcDbLine
 10
3401.879120621031
 20
4284.458842991754
 30
0.0
 11
3401.2798552268
 21
4284.805405757714
 31
0.0
  0
LINE
  5
8D5
330
6D1
100
AcDbEntity
  8
_TCH_MASK
  6
Continuous
 62
     7
100
AcDbLine
 10
3401.878217543011
 20
4283.291151950758
 30
0.0
 11
3401.279448257599
 21
4283.63737121047
 31
0.0
  0
LWPOLYLINE
  5
8D6
330
6D1
100
AcDbEntity
  8
_TCH_MASK
  6
Continuous
 62
     7
100
AcDbPolyline
 90
        5
 70
     0
 43
0.0
 10
3401.279471344431
 20
4284.805634732832
 10
3401.268820892743
 20
4284.812465475468
 10
3401.235974185649
 20
4284.845271109422
 10
3401.205476190226
 20
4284.917854103839
 10
3401.208028853755
 20
4284.93793805167
  0
LWPOLYLINE
  5
8D7
330
6D1
100
AcDbEntity
  8
_TCH_MASK
  6
Continuous
 62
     7
100
AcDbPolyline
 90
        7
 70
     0
 43
0.0
 10
3401.279481149395
 20
4283.637352170834
 10
3401.267459230905
 20
4283.645329618518
 10
3401.232642491152
 20
4283.682338729109
 10
3401.204946587736
 20
4283.758689164577
 10
3401.220452427086
 20
4283.841845652075
 10
3401.257499181447
 20
4283.891847197978
 10
3401.279717422774
 20
4283.908149904149
  0
LWPOLYLINE
  5
8D8
330
6D1
100
AcDbEntity
  8
_TCH_MASK
  6
Continuous
 62
     7
100
AcDbPolyline
 90
        7
 70
     0
 43
0.0
 10
3390.140284186418
 20
4284.492912265657
 10
3390.16383360156
 20
4284.475780889833
 10
3390.200835358438
 20
4284.42540622878
 10
3390.215763101136
 20
4284.34140859771
 10
3390.18725606698
 20
4284.265417742131
 10
3390.153210743127
 20
4284.229783674223
 10
3390.140420093638
 20
4284.221476996012
  0
LINE
  5
8D9
330
6D1
100
AcDbEntity
  8
_TCH_MASK
  6
Continuous
 62
     7
100
AcDbLine
 10
3399.119364133185
 20
4281.488593907726
 30
0.0
 11
3399.14581746779
 21
4281.468559273775
 31
0.0
  0
LINE
  5
8DA
330
6D1
100
AcDbEntity
  8
_TCH_MASK
  6
Continuous
 62
     7
100
AcDbLine
 10
3400.496678435484
 20
4268.877331750156
 30
0.0
 11
3400.614635917766
 21
4268.778331750135
 31
0.0
  0
LINE
  5
8DB
330
6D1
100
AcDbEntity
  8
_TCH_MASK
  6
Continuous
 62
     7
100
AcDbLine
 10
3400.479827376199
 20
4268.778331750135
 30
0.0
 11
3400.361869941458
 21
4268.877331750156
 31
0.0
  0
LINE
  5
8DC
330
6D1
100
AcDbEntity
  8
_TCH_MASK
  6
Continuous
 62
     7
100
AcDbLine
 10
3399.279563933394
 20
4268.036461687198
 30
0.0
 11
3399.377300099397
 21
4267.940762050177
 31
0.0
  0
LINE
  5
8DD
330
6D1
100
AcDbEntity
  8
_TCH_MASK
  6
Continuous
 62
     7
100
AcDbLine
 10
3398.473240502513
 20
4267.22301205016
 30
0.0
 11
3398.375504344425
 21
4267.318711687178
 31
0.0
  0
LINE
  5
8DE
330
6D1
100
AcDbEntity
  8
_TCH_MASK
  6
Continuous
 62
     7
100
AcDbLine
 10
3392.965390704944
 20
4272.008577025973
 30
0.0
 11
3393.063126870956
 21
4271.912877392991
 31
0.0
  0
LINE
  5
8DF
330
6D1
100
AcDbEntity
  8
_TCH_MASK
  6
Continuous
 62
     7
100
AcDbLine
 10
3392.159067274057
 20
4271.171201662972
 30
0.0
 11
3392.061331115976
 21
4271.266902392922
 31
0.0
  0
LINE
  5
8E0
330
6D1
100
AcDbEntity
  8
_TCH_MASK
  6
Continuous
 62
     7
100
AcDbLine
 10
3398.766449048038
 20
4264.519486687187
 30
0.0
 11
3398.717580968988
 21
4264.567337050155
 31
0.0
  0
LINE
  5
8E1
330
6D1
100
AcDbEntity
  8
_TCH_MASK
  6
Continuous
 62
     7
100
AcDbLine
 10
3399.279563933394
 20
4262.533711870671
 30
0.0
 11
3399.377300099397
 21
4262.438011960369
 31
0.0
  0
LINE
  5
8E2
330
6D1
100
AcDbEntity
  8
_TCH_MASK
  6
Continuous
 62
     7
100
AcDbLine
 10
3392.965390704944
 20
4267.486752026004
 30
0.0
 11
3393.063126870956
 21
4267.391052392949
 31
0.0
  0
LINE
  5
8E3
330
6D1
100
AcDbEntity
  8
_TCH_MASK
  6
Continuous
 62
     7
100
AcDbLine
 10
3394.566367830805
 20
4265.407622217176
 30
0.0
 11
3394.507389115418
 21
4265.46537199412
 31
0.0
  0
LINE
  5
8E4
330
6D1
100
AcDbEntity
  8
_TCH_MASK
  6
Continuous
 62
     7
100
AcDbLine
 10
3395.185644415775
 20
4264.28149721721
 30
0.0
 11
3395.303601858439
 21
4264.165996994143
 31
0.0
  0
LINE
  5
8E5
330
6D1
100
AcDbEntity
  8
_TCH_MASK
  6
Continuous
 62
     7
100
AcDbLine
 10
3399.279563933394
 20
4260.236911870642
 30
0.0
 11
3399.377300099397
 21
4260.141211893054
 31
0.0
  0
LINE
  5
8E6
330
6D1
100
AcDbEntity
  8
_TCH_MASK
  6
Continuous
 62
     7
100
AcDbLine
 10
3392.965390704944
 20
4266.386202392981
 30
0.0
 11
3393.063126870956
 21
4266.290501663018
 31
0.0
  0
LINE
  5
8E7
330
6D1
100
AcDbEntity
  8
_TCH_MASK
  6
Continuous
 62
     7
100
AcDbLine
 10
3392.159067274057
 20
4266.673302392931
 30
0.0
 11
3392.061331115976
 21
4266.769002025976
 31
0.0
  0
LINE
  5
8E8
330
6D1
100
AcDbEntity
  8
_TCH_MASK
  6
Continuous
 62
     7
100
AcDbLine
 10
3392.965390704944
 20
4265.23780239296
 30
0.0
 11
3393.063126870956
 21
4265.142101663009
 31
0.0
  0
LINE
  5
8E9
330
6D1
100
AcDbEntity
  8
_TCH_MASK
  6
Continuous
 62
     7
100
AcDbLine
 10
3392.159067274057
 20
4265.548827026008
 30
0.0
 11
3392.061331115976
 21
4265.644526663026
 31
0.0
  0
LINE
  5
8EA
330
6D1
100
AcDbEntity
  8
_TCH_MASK
  6
Continuous
 62
     7
100
AcDbLine
 10
3394.212495451299
 20
4263.299747160451
 30
0.0
 11
3394.094538016543
 21
4263.415247217198
 31
0.0
  0
LINE
  5
8EB
330
6D1
100
AcDbEntity
  8
_TCH_MASK
  6
Continuous
 62
     7
100
AcDbLine
 10
3392.061331115976
 20
4267.391052392949
 30
0.0
 11
3392.159067274057
 21
4267.486752026004
 31
0.0
  0
LINE
  5
8EC
330
6D1
100
AcDbEntity
  8
_TCH_MASK
  6
Continuous
 62
     7
100
AcDbLine
 10
3392.061331115976
 20
4266.290501663018
 30
0.0
 11
3392.159067274057
 21
4266.386202392981
 31
0.0
  0
LINE
  5
8ED
330
6D1
100
AcDbEntity
  8
_TCH_MASK
  6
Continuous
 62
     7
100
AcDbLine
 10
3393.063126870956
 20
4266.769002025976
 30
0.0
 11
3392.965390704944
 21
4266.673302392931
 31
0.0
  0
LINE
  5
8EE
330
6D1
100
AcDbEntity
  8
_TCH_MASK
  6
Continuous
 62
     7
100
AcDbLine
 10
3392.207935353101
 20
4265.04640202599
 30
0.0
 11
3392.159067274057
 21
4264.998551663034
 31
0.0
  0
LINE
  5
8EF
330
6D1
100
AcDbEntity
  8
_TCH_MASK
  6
Continuous
 62
     7
100
AcDbLine
 10
3392.55001197767
 20
4265.142101663009
 30
0.0
 11
3392.647748135743
 21
4265.23780239296
 31
0.0
  0
LINE
  5
8F0
330
6D1
100
AcDbEntity
  8
_TCH_MASK
  6
Continuous
 62
     7
100
AcDbLine
 10
3393.063126870956
 20
4265.644526663026
 30
0.0
 11
3392.965390704944
 21
4265.548827026008
 31
0.0
  0
LINE
  5
8F1
330
6D1
100
AcDbEntity
  8
_TCH_MASK
  6
Continuous
 62
     7
100
AcDbLine
 10
3392.55001197767
 20
4264.591827392968
 30
0.0
 11
3392.452275819582
 21
4264.496126663006
 31
0.0
  0
LINE
  5
8F2
330
6D1
100
AcDbEntity
  8
_TCH_MASK
  6
Continuous
 62
     7
100
AcDbLine
 10
3398.375504344425
 20
4270.237561503712
 30
0.0
 11
3398.473240502513
 21
4270.333262233664
 31
0.0
  0
LINE
  5
8F3
330
6D1
100
AcDbEntity
  8
_TCH_MASK
  6
Continuous
 62
     7
100
AcDbLine
 10
3392.892088566572
 20
4264.56790166303
 30
0.0
 11
3392.965390704944
 21
4264.639676662981
 31
0.0
  0
LINE
  5
8F4
330
6D1
100
AcDbEntity
  8
_TCH_MASK
  6
Continuous
 62
     7
100
AcDbLine
 10
3392.061331115976
 20
4263.706602209467
 30
0.0
 11
3392.159067274057
 21
4263.802301842523
 31
0.0
  0
LINE
  5
8F5
330
6D1
100
AcDbEntity
  8
_TCH_MASK
  6
Continuous
 62
     7
100
AcDbLine
 10
3394.241984807028
 20
4265.46537199412
 30
0.0
 11
3394.183006091633
 21
4265.407622217176
 31
0.0
  0
LINE
  5
8F6
330
6D1
100
AcDbEntity
  8
_TCH_MASK
  6
Continuous
 62
     7
100
AcDbLine
 10
3394.094538016543
 20
4264.165996994143
 30
0.0
 11
3394.212495451299
 21
4264.28149721721
 31
0.0
  0
LINE
  5
8F7
330
6D1
100
AcDbEntity
  8
_TCH_MASK
  6
Continuous
 62
     7
100
AcDbLine
 10
3398.375504344425
 20
4267.940762050177
 30
0.0
 11
3398.473240502513
 21
4268.036461687198
 31
0.0
  0
LINE
  5
8F8
330
6D1
100
AcDbEntity
  8
_TCH_MASK
  6
Continuous
 62
     7
100
AcDbLine
 10
3392.061331115976
 20
4260.309252026011
 30
0.0
 11
3392.159067274057
 21
4260.404952209468
 31
0.0
  0
LINE
  5
8F9
330
6D1
100
AcDbEntity
  8
_TCH_MASK
  6
Continuous
 62
     7
100
AcDbLine
 10
3395.303601858439
 20
4263.415247217198
 30
0.0
 11
3395.185644415775
 21
4263.299747160451
 31
0.0
  0
LINE
  5
8FA
330
6D1
100
AcDbEntity
  8
_TCH_MASK
  6
Continuous
 62
     7
100
AcDbLine
 10
3399.377300099397
 20
4267.318711687178
 30
0.0
 11
3399.279563933394
 21
4267.22301205016
 31
0.0
  0
LINE
  5
8FB
330
6D1
100
AcDbEntity
  8
_TCH_MASK
  6
Continuous
 62
     7
100
AcDbLine
 10
3394.271474166686
 20
4261.365122103661
 30
0.0
 11
3394.212495451299
 21
4261.307372077268
 31
0.0
  0
LINE
  5
8FC
330
6D1
100
AcDbEntity
  8
_TCH_MASK
  6
Continuous
 62
     7
100
AcDbLine
 10
3394.684325265597
 20
4261.480622077288
 30
0.0
 11
3394.802282696371
 21
4261.596122134037
 31
0.0
  0
LINE
  5
8FD
330
6D1
100
AcDbEntity
  8
_TCH_MASK
  6
Continuous
 62
     7
100
AcDbLine
 10
3393.063126870956
 20
4259.687202209518
 30
0.0
 11
3392.965390704944
 21
4259.591502025993
 31
0.0
  0
LINE
  5
8FE
330
6D1
100
AcDbEntity
  8
_TCH_MASK
  6
Continuous
 62
     7
100
AcDbLine
 10
3398.497674542028
 20
4264.567337050155
 30
0.0
 11
3398.448806462984
 21
4264.519486687187
 31
0.0
  0
LINE
  5
8FF
330
6D1
100
AcDbEntity
  8
_TCH_MASK
  6
Continuous
 62
     7
100
AcDbLine
 10
3394.684325265597
 20
4260.816497110257
 30
0.0
 11
3394.566367830805
 21
4260.700997108973
 31
0.0
  0
LINE
  5
900
330
6D1
100
AcDbEntity
  8
_TCH_MASK
  6
Continuous
 62
     7
100
AcDbLine
 10
3392.501824697858
 20
4279.659483545933
 30
0.0
 11
3392.474456242897
 21
4279.639445249014
 31
0.0
  0
LINE
  5
901
330
6D1
100
AcDbEntity
  8
_TCH_MASK
  6
Continuous
 62
     7
100
AcDbLine
 10
3391.575619090064
 20
4281.37475734795
 30
0.0
 11
3391.543370596439
 21
4281.354719395483
 31
0.0
  0
LINE
  5
902
330
6D1
100
AcDbEntity
  8
_TCH_MASK
  6
Continuous
 62
     7
100
AcDbLine
 10
3390.139638797496
 20
4284.22100733209
 30
0.0
 11
3389.540021264242
 21
4283.874073161674
 31
0.0
  0
LINE
  5
903
330
6D1
100
AcDbEntity
  8
_TCH_MASK
  6
Continuous
 62
     7
100
AcDbLine
 10
3390.139638797496
 20
4284.22100733209
 30
0.0
 11
3390.140431181631
 21
4284.221457049495
 31
0.0
  0
LINE
  5
904
330
6D1
100
AcDbEntity
  8
_TCH_MASK
  6
Continuous
 62
     7
100
AcDbLine
 10
3390.140284186418
 20
4284.492912265657
 30
0.0
 11
3390.139389986754
 21
4284.493418056652
 31
0.0
  0
LINE
  5
905
330
6D1
100
AcDbEntity
  8
_TCH_MASK
  6
Continuous
 62
     7
100
AcDbLine
 10
3389.539663688135
 20
4284.840449211439
 30
0.0
 11
3390.139404306101
 21
4284.493442806622
 31
0.0
  0
LINE
  5
906
330
6D1
100
AcDbEntity
  8
_TCH_MASK
  6
Continuous
 62
     7
100
AcDbLine
 10
3399.230695834544
 20
4270.189712233613
 30
0.0
 11
3399.157393715985
 21
4270.237561503712
 31
0.0
  0
LINE
  5
907
330
6D1
100
AcDbEntity
  8
_TCH_MASK
  6
Continuous
 62
     7
100
AcDbLine
 10
3399.230695834544
 20
4267.892911687145
 30
0.0
 11
3399.157393715985
 21
4267.940762050177
 31
0.0
  0
LINE
  5
908
330
6D1
100
AcDbEntity
  8
_TCH_MASK
  6
Continuous
 62
     7
100
AcDbLine
 10
3398.742015008509
 20
4264.71088705013
 30
0.0
 11
3398.83975116659
 21
4264.639112050169
 31
0.0
  0
LINE
  5
909
330
6D1
100
AcDbEntity
  8
_TCH_MASK
  6
Continuous
 62
     7
100
AcDbLine
 10
3394.536878471146
 20
4265.638621994141
 30
0.0
 11
3394.654835905895
 21
4265.551996994132
 31
0.0
  0
LINE
  5
90A
330
6D1
100
AcDbEntity
  8
_TCH_MASK
  6
Continuous
 62
     7
100
AcDbLine
 10
3392.965390704944
 20
4263.802301842523
 30
0.0
 11
3393.063126870956
 21
4263.706602209467
 31
0.0
  0
LINE
  5
90B
330
6D1
100
AcDbEntity
  8
_TCH_MASK
  6
Continuous
 62
     7
100
AcDbLine
 10
3395.185644415775
 20
4261.596122134037
 30
0.0
 11
3395.303601858439
 21
4261.480622077288
 31
0.0
  0
LINE
  5
90C
330
6D1
100
AcDbEntity
  8
_TCH_MASK
  6
Continuous
 62
     7
100
AcDbLine
 10
3392.159067274057
 20
4264.496126663006
 30
0.0
 11
3392.061331115976
 21
4264.591827392968
 31
0.0
  0
LINE
  5
90D
330
6D1
100
AcDbEntity
  8
_TCH_MASK
  6
Continuous
 62
     7
100
AcDbLine
 10
3394.212495451299
 20
4260.700997108973
 30
0.0
 11
3394.094538016543
 21
4260.816497110257
 31
0.0
  0
LINE
  5
90E
330
6D1
100
AcDbEntity
  8
_TCH_MASK
  6
Continuous
 62
     7
100
AcDbLine
 10
3392.965390704944
 20
4260.404952209468
 30
0.0
 11
3393.063126870956
 21
4260.309252026011
 31
0.0
  0
LINE
  5
90F
330
6D1
100
AcDbEntity
  8
_TCH_MASK
  6
Continuous
 62
     7
100
AcDbLine
 10
3392.159067274057
 20
4259.591502025993
 30
0.0
 11
3392.061331115976
 21
4259.687202209518
 31
0.0
  0
LINE
  5
910
330
6D1
100
AcDbEntity
  8
_TCH_MASK
  6
Continuous
 62
     7
100
AcDbLine
 10
3392.965390704944
 20
4256.95975207089
 30
0.0
 11
3393.063126870956
 21
4256.864052026037
 31
0.0
  0
LINE
  5
911
330
6D1
100
AcDbEntity
  8
_TCH_MASK
  6
Continuous
 62
     7
100
AcDbLine
 10
3392.965390704944
 20
4255.811352003529
 30
0.0
 11
3393.063126870956
 21
4255.715652026018
 31
0.0
  0
LINE
  5
912
330
6D1
100
AcDbEntity
  8
_TCH_MASK
  6
Continuous
 62
     7
100
AcDbLine
 10
3392.159067274057
 20
4256.146302026009
 30
0.0
 11
3392.061331115976
 21
4256.242002070871
 31
0.0
  0
LINE
  5
913
330
6D1
100
AcDbEntity
  8
_TCH_MASK
  6
Continuous
 62
     7
100
AcDbLine
 10
3395.097176320916
 20
4260.787622097097
 30
0.0
 11
3395.185644415775
 21
4260.874247097109
 31
0.0
  0
LINE
  5
914
330
6D1
100
AcDbEntity
  8
_TCH_MASK
  6
Continuous
 62
     7
100
AcDbLine
 10
3392.061331115976
 20
4256.864052026037
 30
0.0
 11
3392.159067274057
 21
4256.95975207089
 31
0.0
  0
LINE
  5
915
330
6D1
100
AcDbEntity
  8
_TCH_MASK
  6
Continuous
 62
     7
100
AcDbLine
 10
3398.375504344425
 20
4262.438011960369
 30
0.0
 11
3398.473240502513
 21
4262.533711870671
 31
0.0
  0
LINE
  5
916
330
6D1
100
AcDbEntity
  8
_TCH_MASK
  6
Continuous
 62
     7
100
AcDbLine
 10
3392.061331115976
 20
4255.715652026018
 30
0.0
 11
3392.159067274057
 21
4255.811352003529
 31
0.0
  0
LINE
  5
917
330
6D1
100
AcDbEntity
  8
_TCH_MASK
  6
Continuous
 62
     7
100
AcDbLine
 10
3393.063126870956
 20
4256.242002070871
 30
0.0
 11
3392.965390704944
 21
4256.146302026009
 31
0.0
  0
LINE
  5
918
330
6D1
100
AcDbEntity
  8
_TCH_MASK
  6
Continuous
 62
     7
100
AcDbLine
 10
3399.377300099397
 20
4259.614861864048
 30
0.0
 11
3399.279563933394
 21
4259.519161870612
 31
0.0
  0
LINE
  5
919
330
6D1
100
AcDbEntity
  8
_TCH_MASK
  6
Continuous
 62
     7
100
AcDbLine
 10
3392.085765155498
 20
4265.118177026017
 30
0.0
 11
3392.183501313579
 21
4265.189952025965
 31
0.0
  0
LINE
  5
91A
330
6D1
100
AcDbEntity
  8
_TCH_MASK
  6
Continuous
 62
     7
100
AcDbLine
 10
3394.124027376209
 20
4265.551996994132
 30
0.0
 11
3394.241984807028
 21
4265.638621994141
 31
0.0
  0
LINE
  5
91B
330
6D1
100
AcDbEntity
  8
_TCH_MASK
  6
Continuous
 62
     7
100
AcDbLine
 10
3392.843220487528
 20
4271.266902392922
 30
0.0
 11
3392.916522606088
 21
4271.314751663024
 31
0.0
  0
LINE
  5
91C
330
6D1
100
AcDbEntity
  8
_TCH_MASK
  6
Continuous
 62
     7
100
AcDbLine
 10
3392.281237542935
 20
4267.391052392949
 30
0.0
 11
3392.207935353101
 21
4267.34320202603
 31
0.0
  0
LINE
  5
91D
330
6D1
100
AcDbEntity
  8
_TCH_MASK
  6
Continuous
 62
     7
100
AcDbLine
 10
3401.279717422774
 20
4283.908149904149
 30
0.0
 11
3401.879032847602
 21
4284.254696545032
 31
0.0
  0
LINE
  5
91E
330
6D1
100
AcDbEntity
  8
_TCH_MASK
  6
Continuous
 62
     7
100
AcDbLine
 10
3398.649024055063
 20
4281.163927149941
 30
0.0
 11
3398.361379479837
 21
4281.152843806875
 31
0.0
  0
LINE
  5
91F
330
6D1
100
AcDbEntity
  8
_TCH_MASK
  6
Continuous
 62
     7
100
AcDbLine
 10
3393.957939463915
 20
4279.634284426516
 30
0.0
 11
3392.74791253017
 21
4279.621428516221
 31
0.0
  0
LINE
  5
920
330
6D1
100
AcDbEntity
  8
_TCH_MASK
  6
Continuous
 62
     7
100
AcDbLine
 10
3393.075321017751
 20
4280.289849833745
 30
0.0
 11
3393.467812762668
 21
4280.292024115254
 31
0.0
  0
LINE
  5
921
330
6D1
100
AcDbEntity
  8
_TCH_MASK
  6
Continuous
 62
     7
100
AcDbLine
 10
3388.108480440598
 20
4284.93793805167
 30
0.0
 11
3403.309259446294
 21
4284.93793805167
 31
0.0
  0
LINE
  5
922
330
6D1
100
AcDbEntity
  8
_TCH_MASK
  6
Continuous
 62
     7
100
AcDbLine
 10
3403.231303060551
 20
4282.989119151066
 30
0.0
 11
3388.186436826334
 21
4282.989119151066
 31
0.0
  0
LINE
  5
923
330
6D1
100
AcDbEntity
  8
_TCH_MASK
  6
Continuous
 62
     7
100
AcDbLine
 10
3389.500971656744
 20
4282.365497103699
 30
0.0
 11
3401.916768226191
 21
4282.365497103699
 31
0.0
  0
LINE
  5
924
330
6D1
100
AcDbEntity
  8
_TCH_MASK
  6
Continuous
 62
     7
100
AcDbLine
 10
3391.575621434386
 20
4281.374758809195
 30
0.0
 11
3392.700159484171
 21
4281.374758809195
 31
0.0
  0
LINE
  5
925
330
6D1
100
AcDbEntity
  8
_TCH_MASK
  6
Continuous
 62
     7
100
AcDbLine
 10
3393.129394413838
 20
4281.374758809195
 30
0.0
 11
3393.680104921441
 21
4281.374758809195
 31
0.0
  0
LINE
  5
926
330
6D1
100
AcDbEntity
  8
_TCH_MASK
  6
Continuous
 62
     7
100
AcDbLine
 10
3393.664275993579
 20
4281.354721193337
 30
0.0
 11
3393.109271772832
 21
4281.354721193337
 31
0.0
  0
LINE
  5
927
330
6D1
100
AcDbEntity
  8
_TCH_MASK
  6
Continuous
 62
     7
100
AcDbLine
 10
3392.676687293032
 20
4281.354716286943
 30
0.0
 11
3391.543362399229
 21
4281.354716286943
 31
0.0
  0
LINE
  5
928
330
6D1
100
AcDbEntity
  8
_TCH_MASK
  6
Continuous
 62
     7
100
AcDbLine
 10
3397.116020234149
 20
4281.168876797504
 30
0.0
 11
3397.300446835165
 21
4281.168876797504
 31
0.0
  0
LINE
  5
929
330
6D1
100
AcDbEntity
  8
_TCH_MASK
  6
Continuous
 62
     7
100
AcDbLine
 10
3392.052013022148
 20
4280.776253754768
 30
0.0
 11
3392.318639917161
 21
4280.776253754768
 31
0.0
  0
LINE
  5
92A
330
6D1
100
AcDbEntity
  8
_TCH_MASK
  6
Continuous
 62
     7
100
AcDbLine
 10
3392.99997616485
 20
4280.764633431799
 30
0.0
 11
3392.925929716788
 21
4280.764633431799
 31
0.0
  0
LINE
  5
92B
330
6D1
100
AcDbEntity
  8
_TCH_MASK
  6
Continuous
 62
     7
100
AcDbLine
 10
3393.568627353445
 20
4280.76463339218
 30
0.0
 11
3393.746661583908
 21
4280.76463339218
 31
0.0
  0
LINE
  5
92C
330
6D1
100
AcDbEntity
  8
_TCH_MASK
  6
Continuous
 62
     7
100
AcDbLine
 10
3393.730871345251
 20
4280.744595978307
 30
0.0
 11
3393.551403333462
 21
4280.744595978307
 31
0.0
  0
LINE
  5
92D
330
6D1
100
AcDbEntity
  8
_TCH_MASK
  6
Continuous
 62
     7
100
AcDbLine
 10
3392.903533913022
 20
4280.744596021888
 30
0.0
 11
3392.996264021269
 21
4280.744596021888
 31
0.0
  0
LINE
  5
92E
330
6D1
100
AcDbEntity
  8
_TCH_MASK
  6
Continuous
 62
     7
100
AcDbLine
 10
3396.500908333641
 20
4280.385497103657
 30
0.0
 11
3394.916831549243
 21
4280.385497103657
 31
0.0
  0
LINE
  5
92F
330
6D1
100
AcDbEntity
  8
_TCH_MASK
  6
Continuous
 62
     7
100
AcDbLine
 10
3393.174329504029
 20
4280.100492478283
 30
0.0
 11
3393.529595633248
 21
4280.100492478283
 31
0.0
  0
LINE
  5
930
330
6D1
100
AcDbEntity
  8
_TCH_MASK
  6
Continuous
 62
     7
100
AcDbLine
 10
3393.536063429973
 20
4280.080455008935
 30
0.0
 11
3393.153210281496
 21
4280.080455008935
 31
0.0
  0
LINE
  5
931
330
6D1
100
AcDbEntity
  8
_TCH_MASK
  6
Continuous
 62
     7
100
AcDbLine
 10
3396.478779311154
 20
4280.05627490045
 30
0.0
 11
3394.938960575732
 21
4280.05627490045
 31
0.0
  0
LINE
  5
932
330
6D1
100
AcDbEntity
  8
_TCH_MASK
  6
Continuous
 62
     7
100
AcDbLine
 10
3394.916908361382
 20
4279.989497103642
 30
0.0
 11
3396.500831521553
 21
4279.989497103642
 31
0.0
  0
LINE
  5
933
330
6D1
100
AcDbEntity
  8
_TCH_MASK
  6
Continuous
 62
     7
100
AcDbLine
 10
3391.881266945965
 20
4279.639444936177
 30
0.0
 11
3392.474454579686
 21
4279.639444936177
 31
0.0
  0
LINE
  5
934
330
6D1
100
AcDbEntity
  8
_TCH_MASK
  6
Continuous
 62
     7
100
AcDbLine
 10
3399.1818277555
 20
4270.381111503689
 30
0.0
 11
3399.279563933394
 21
4270.333262233664
 31
0.0
  0
LINE
  5
935
330
6D1
100
AcDbEntity
  8
_TCH_MASK
  6
Continuous
 62
     7
100
AcDbLine
 10
3399.1818277555
 20
4268.084312050153
 30
0.0
 11
3399.279563933394
 21
4268.036461687198
 31
0.0
  0
LINE
  5
936
330
6D1
100
AcDbEntity
  8
_TCH_MASK
  6
Continuous
 62
     7
100
AcDbLine
 10
3392.256803432145
 20
4271.123352392947
 30
0.0
 11
3392.159067274057
 21
4271.171201662972
 31
0.0
  0
LINE
  5
937
330
6D1
100
AcDbEntity
  8
_TCH_MASK
  6
Continuous
 62
     7
100
AcDbLine
 10
3398.570976660587
 20
4267.175161687126
 30
0.0
 11
3398.473240502513
 21
4267.22301205016
 31
0.0
  0
LINE
  5
938
330
6D1
100
AcDbEntity
  8
_TCH_MASK
  6
Continuous
 62
     7
100
AcDbLine
 10
3398.522108581551
 20
4267.366562050135
 30
0.0
 11
3398.595410771385
 21
4267.318711687178
 31
0.0
  0
LINE
  5
939
330
6D1
100
AcDbEntity
  8
_TCH_MASK
  6
Continuous
 62
     7
100
AcDbLine
 10
3392.207935353101
 20
4271.314751663024
 30
0.0
 11
3392.281237542935
 21
4271.266902392922
 31
0.0
  0
LINE
  5
93A
330
6D1
100
AcDbEntity
  8
_TCH_MASK
  6
Continuous
 62
     7
100
AcDbLine
 10
3392.916522606088
 20
4267.34320202603
 30
0.0
 11
3392.843220487528
 21
4267.391052392949
 31
0.0
  0
LINE
  5
93B
330
6D1
100
AcDbEntity
  8
_TCH_MASK
  6
Continuous
 62
     7
100
AcDbLine
 10
3399.230695834544
 20
4262.390161870629
 30
0.0
 11
3399.157393715985
 21
4262.438011960369
 31
0.0
  0
LINE
  5
93C
330
6D1
100
AcDbEntity
  8
_TCH_MASK
  6
Continuous
 62
     7
100
AcDbLine
 10
3392.207935353101
 20
4266.81685239297
 30
0.0
 11
3392.281237542935
 21
4266.769002025976
 31
0.0
  0
LINE
  5
93D
330
6D1
100
AcDbEntity
  8
_TCH_MASK
  6
Continuous
 62
     7
100
AcDbLine
 10
3395.12666567661
 20
4264.108247217188
 30
0.0
 11
3395.038197601564
 21
4264.165996994143
 31
0.0
  0
LINE
  5
93E
330
6D1
100
AcDbEntity
  8
_TCH_MASK
  6
Continuous
 62
     7
100
AcDbLine
 10
3392.207935353101
 20
4265.692377025984
 30
0.0
 11
3392.281237542935
 21
4265.644526663026
 31
0.0
  0
LINE
  5
93F
330
6D1
100
AcDbEntity
  8
_TCH_MASK
  6
Continuous
 62
     7
100
AcDbLine
 10
3392.916522606088
 20
4265.094252392986
 30
0.0
 11
3392.843220487528
 21
4265.142101663009
 31
0.0
  0
LINE
  5
940
330
6D1
100
AcDbEntity
  8
_TCH_MASK
  6
Continuous
 62
     7
100
AcDbLine
 10
3394.271474166686
 20
4263.472996994145
 30
0.0
 11
3394.359942324932
 21
4263.415247217198
 31
0.0
  0
LINE
  5
941
330
6D1
100
AcDbEntity
  8
_TCH_MASK
  6
Continuous
 62
     7
100
AcDbLine
 10
3399.230695834544
 20
4260.093361870667
 30
0.0
 11
3399.157393715985
 21
4260.141211893054
 31
0.0
  0
LINE
  5
942
330
6D1
100
AcDbEntity
  8
_TCH_MASK
  6
Continuous
 62
     7
100
AcDbLine
 10
3392.916522606088
 20
4263.658751842548
 30
0.0
 11
3392.843220487528
 21
4263.706602209467
 31
0.0
  0
LINE
  5
943
330
6D1
100
AcDbEntity
  8
_TCH_MASK
  6
Continuous
 62
     7
100
AcDbLine
 10
3395.12666567661
 20
4261.422872134016
 30
0.0
 11
3395.038197601564
 21
4261.480622077288
 31
0.0
  0
LINE
  5
944
330
6D1
100
AcDbEntity
  8
_TCH_MASK
  6
Continuous
 62
     7
100
AcDbLine
 10
3399.255984584612
 20
4256.767810526363
 30
0.0
 11
3399.049541904235
 21
4256.912363245862
 31
0.0
  0
LINE
  5
945
330
6D1
100
AcDbEntity
  8
_TCH_MASK
  6
Continuous
 62
     7
100
AcDbLine
 10
3398.399938383948
 20
4264.639112050169
 30
0.0
 11
3398.497674542028
 21
4264.71088705013
 31
0.0
  0
LINE
  5
946
330
6D1
100
AcDbEntity
  8
_TCH_MASK
  6
Continuous
 62
     7
100
AcDbLine
 10
3394.124027376209
 20
4261.451747103671
 30
0.0
 11
3394.241984807028
 21
4261.538372103682
 31
0.0
  0
LINE
  5
947
330
6D1
100
AcDbEntity
  8
_TCH_MASK
  6
Continuous
 62
     7
100
AcDbLine
 10
3392.843220487528
 20
4266.769002025976
 30
0.0
 11
3392.916522606088
 21
4266.81685239297
 31
0.0
  0
LINE
  5
948
330
6D1
100
AcDbEntity
  8
_TCH_MASK
  6
Continuous
 62
     7
100
AcDbLine
 10
3398.595410771385
 20
4270.237561503712
 30
0.0
 11
3398.522108581551
 21
4270.189712233613
 31
0.0
  0
LINE
  5
949
330
6D1
100
AcDbEntity
  8
_TCH_MASK
  6
Continuous
 62
     7
100
AcDbLine
 10
3392.843220487528
 20
4265.644526663026
 30
0.0
 11
3392.916522606088
 21
4265.692377025984
 31
0.0
  0
LINE
  5
94A
330
6D1
100
AcDbEntity
  8
_TCH_MASK
  6
Continuous
 62
     7
100
AcDbLine
 10
3392.769918368969
 20
4265.142101663009
 30
0.0
 11
3392.696616214788
 21
4265.094252392986
 31
0.0
  0
LINE
  5
94B
330
6D1
100
AcDbEntity
  8
_TCH_MASK
  6
Continuous
 62
     7
100
AcDbLine
 10
3398.595410771385
 20
4267.940762050177
 30
0.0
 11
3398.522108581551
 21
4267.892911687145
 31
0.0
  0
LINE
  5
94C
330
6D1
100
AcDbEntity
  8
_TCH_MASK
  6
Continuous
 62
     7
100
AcDbLine
 10
3392.281237542935
 20
4263.706602209467
 30
0.0
 11
3392.207935353101
 21
4263.658751842548
 31
0.0
  0
LINE
  5
94D
330
6D1
100
AcDbEntity
  8
_TCH_MASK
  6
Continuous
 62
     7
100
AcDbLine
 10
3399.157393715985
 20
4267.318711687178
 30
0.0
 11
3399.230695834544
 21
4267.366562050135
 31
0.0
  0
LINE
  5
94E
330
6D1
100
AcDbEntity
  8
_TCH_MASK
  6
Continuous
 62
     7
100
AcDbLine
 10
3394.359942324932
 20
4264.165996994143
 30
0.0
 11
3394.271474166686
 21
4264.108247217188
 31
0.0
  0
LINE
  5
94F
330
6D1
100
AcDbEntity
  8
_TCH_MASK
  6
Continuous
 62
     7
100
AcDbLine
 10
3395.038197601564
 20
4263.415247217198
 30
0.0
 11
3395.12666567661
 21
4263.472996994145
 31
0.0
  0
LINE
  5
950
330
6D1
100
AcDbEntity
  8
_TCH_MASK
  6
Continuous
 62
     7
100
AcDbLine
 10
3392.281237542935
 20
4260.309252026011
 30
0.0
 11
3392.207935353101
 21
4260.261402209494
 31
0.0
  0
LINE
  5
951
330
6D1
100
AcDbEntity
  8
_TCH_MASK
  6
Continuous
 62
     7
100
AcDbLine
 10
3394.949729530433
 20
4261.480622077288
 30
0.0
 11
3394.861261411767
 21
4261.422872134016
 31
0.0
  0
LINE
  5
952
330
6D1
100
AcDbEntity
  8
_TCH_MASK
  6
Continuous
 62
     7
100
AcDbLine
 10
3392.843220487528
 20
4259.687202209518
 30
0.0
 11
3392.916522606088
 21
4259.735052025969
 31
0.0
  0
LINE
  5
953
330
6D1
100
AcDbEntity
  8
_TCH_MASK
  6
Continuous
 62
     7
100
AcDbLine
 10
3398.595410771385
 20
4262.438011960369
 30
0.0
 11
3398.522108581551
 21
4262.390161870629
 31
0.0
  0
LINE
  5
954
330
6D1
100
AcDbEntity
  8
_TCH_MASK
  6
Continuous
 62
     7
100
AcDbLine
 10
3392.281237542935
 20
4256.864052026037
 30
0.0
 11
3392.207935353101
 21
4256.816202070847
 31
0.0
  0
LINE
  5
955
330
6D1
100
AcDbEntity
  8
_TCH_MASK
  6
Continuous
 62
     7
100
AcDbLine
 10
3391.98802899741
 20
4269.113652392935
 30
0.0
 11
3392.965390704944
 21
4269.711777026009
 31
0.0
  0
LINE
  5
956
330
6D1
100
AcDbEntity
  8
_TCH_MASK
  6
Continuous
 62
     7
100
AcDbLine
 10
3391.98802899741
 20
4267.965252392992
 30
0.0
 11
3392.965390704944
 21
4268.563377026
 31
0.0
  0
LINE
  5
957
330
6D1
100
AcDbEntity
  8
_TCH_MASK
  6
Continuous
 62
     7
100
AcDbLine
 10
3393.13642899743
 20
4269.640002025994
 30
0.0
 11
3392.134633234543
 21
4269.041877392986
 31
0.0
  0
LINE
  5
958
330
6D1
100
AcDbEntity
  8
_TCH_MASK
  6
Continuous
 62
     7
100
AcDbLine
 10
3393.13642899743
 20
4268.491602025973
 30
0.0
 11
3392.134633234543
 21
4267.893477392965
 31
0.0
  0
LINE
  5
959
330
6D1
100
AcDbEntity
  8
_TCH_MASK
  6
Continuous
 62
     7
100
AcDbLine
 10
3393.038692831426
 20
4264.496126663006
 30
0.0
 11
3392.916522606088
 21
4264.424351662979
 31
0.0
  0
LINE
  5
95A
330
6D1
100
AcDbEntity
  8
_TCH_MASK
  6
Continuous
 62
     7
100
AcDbLine
 10
3392.965390704944
 20
4271.171201662972
 30
0.0
 11
3392.86765452705
 21
4271.123352392947
 31
0.0
  0
LINE
  5
95B
330
6D1
100
AcDbEntity
  8
_TCH_MASK
  6
Continuous
 62
     7
100
AcDbLine
 10
3392.159067274057
 20
4267.486752026004
 30
0.0
 11
3392.256803432145
 21
4267.534602392999
 31
0.0
  0
LINE
  5
95C
330
6D1
100
AcDbEntity
  8
_TCH_MASK
  6
Continuous
 62
     7
100
AcDbLine
 10
3398.473240502513
 20
4270.333262233664
 30
0.0
 11
3398.570976660587
 21
4270.381111503689
 31
0.0
  0
LINE
  5
95D
330
6D1
100
AcDbEntity
  8
_TCH_MASK
  6
Continuous
 62
     7
100
AcDbLine
 10
3392.965390704944
 20
4266.673302392931
 30
0.0
 11
3392.86765452705
 21
4266.625452026
 31
0.0
  0
LINE
  5
95E
330
6D1
100
AcDbEntity
  8
_TCH_MASK
  6
Continuous
 62
     7
100
AcDbLine
 10
3399.725328485162
 20
4277.68833175015
 30
0.0
 11
3391.692411401731
 21
4277.68833175015
 31
0.0
  0
LINE
  5
95F
330
6D1
100
AcDbEntity
  8
_TCH_MASK
  6
Continuous
 62
     7
100
AcDbLine
 10
3391.692411401731
 20
4275.349749073412
 30
0.0
 11
3399.725328485162
 21
4275.349749073412
 31
0.0
  0
LINE
  5
960
330
6D1
100
AcDbEntity
  8
_TCH_MASK
  6
Continuous
 62
     7
100
AcDbLine
 10
3398.470829694088
 20
4273.400930176769
 30
0.0
 11
3392.947592302779
 21
4273.400930176769
 31
0.0
  0
LINE
  5
961
330
6D1
100
AcDbEntity
  8
_TCH_MASK
  6
Continuous
 62
     7
100
AcDbLine
 10
3400.955869941471
 20
4273.332331750125
 30
0.0
 11
3400.411369941461
 21
4273.332331750125
 31
0.0
  0
LINE
  5
962
330
6D1
100
AcDbEntity
  8
_TCH_MASK
  6
Continuous
 62
     7
100
AcDbLine
 10
3391.006369941461
 20
4273.332331750125
 30
0.0
 11
3390.461869941457
 21
4273.332331750125
 31
0.0
  0
LINE
  5
963
330
6D1
100
AcDbEntity
  8
_TCH_MASK
  6
Continuous
 62
     7
100
AcDbLine
 10
3392.110199195013
 20
4273.133052392962
 30
0.0
 11
3391.98802899741
 21
4273.133052392962
 31
0.0
  0
LINE
  5
964
330
6D1
100
AcDbEntity
  8
_TCH_MASK
  6
Continuous
 62
     7
100
AcDbLine
 10
3393.13642899743
 20
4272.750251662984
 30
0.0
 11
3392.110199195013
 21
4272.750251662984
 31
0.0
  0
LINE
  5
965
330
6D1
100
AcDbEntity
  8
_TCH_MASK
  6
Continuous
 62
     7
100
AcDbLine
 10
3390.461869941457
 20
4272.738331750156
 30
0.0
 11
3391.006369941461
 21
4272.738331750156
 31
0.0
  0
LINE
  5
966
330
6D1
100
AcDbEntity
  8
_TCH_MASK
  6
Continuous
 62
     7
100
AcDbLine
 10
3400.411369941461
 20
4272.738331750156
 30
0.0
 11
3400.955869941471
 21
4272.738331750156
 31
0.0
  0
LINE
  5
967
330
6D1
100
AcDbEntity
  8
_TCH_MASK
  6
Continuous
 62
     7
100
AcDbLine
 10
3392.110199195013
 20
4272.606701663009
 30
0.0
 11
3393.13642899743
 21
4272.606701663009
 31
0.0
  0
LINE
  5
968
330
6D1
100
AcDbEntity
  8
_TCH_MASK
  6
Continuous
 62
     7
100
AcDbLine
 10
3391.98802899741
 20
4272.223902025974
 30
0.0
 11
3392.110199195013
 21
4272.223902025974
 31
0.0
  0
LINE
  5
969
330
6D1
100
AcDbEntity
  8
_TCH_MASK
  6
Continuous
 62
     7
100
AcDbLine
 10
3392.745484329447
 20
4271.242976662999
 30
0.0
 11
3392.378973701016
 21
4271.242976662999
 31
0.0
  0
LINE
  5
96A
330
6D1
100
AcDbEntity
  8
_TCH_MASK
  6
Continuous
 62
     7
100
AcDbLine
 10
3392.378973701016
 20
4271.099426663023
 30
0.0
 11
3392.745484329447
 21
4271.099426663023
 31
0.0
  0
LINE
  5
96B
330
6D1
100
AcDbEntity
  8
_TCH_MASK
  6
Continuous
 62
     7
100
AcDbLine
 10
3393.13642899743
 20
4270.908027392958
 30
0.0
 11
3392.989824744466
 21
4270.908027392958
 31
0.0
  0
LINE
  5
96C
330
6D1
100
AcDbEntity
  8
_TCH_MASK
  6
Continuous
 62
     7
100
AcDbLine
 10
3392.134633234543
 20
4270.908027392958
 30
0.0
 11
3391.98802899741
 21
4270.908027392958
 31
0.0
  0
LINE
  5
96D
330
6D1
100
AcDbEntity
  8
_TCH_MASK
  6
Continuous
 62
     7
100
AcDbLine
 10
3392.598880056699
 20
4270.812326662996
 30
0.0
 11
3392.452275819582
 21
4270.812326662996
 31
0.0
  0
LINE
  5
96E
330
6D1
100
AcDbEntity
  8
_TCH_MASK
  6
Continuous
 62
     7
100
AcDbLine
 10
3392.843220487528
 20
4272.032501662965
 30
0.0
 11
3392.965390704944
 21
4272.008577025973
 31
0.0
  0
LINE
  5
96F
330
6D1
100
AcDbEntity
  8
_TCH_MASK
  6
Continuous
 62
     7
100
AcDbLine
 10
3399.059657557897
 20
4270.405037233614
 30
0.0
 11
3399.1818277555
 21
4270.381111503689
 31
0.0
  0
LINE
  5
970
330
6D1
100
AcDbEntity
  8
_TCH_MASK
  6
Continuous
 62
     7
100
AcDbLine
 10
3392.378973701016
 20
4271.099426663023
 30
0.0
 11
3392.256803432145
 21
4271.123352392947
 31
0.0
  0
LINE
  5
971
330
6D1
100
AcDbEntity
  8
_TCH_MASK
  6
Continuous
 62
     7
100
AcDbLine
 10
3399.059657557897
 20
4268.108236687146
 30
0.0
 11
3399.1818277555
 21
4268.084312050153
 31
0.0
  0
LINE
  5
972
330
6D1
100
AcDbEntity
  8
_TCH_MASK
  6
Continuous
 62
     7
100
AcDbLine
 10
3399.157393715985
 20
4270.237561503712
 30
0.0
 11
3399.059657557897
 21
4270.261487233638
 31
0.0
  0
LINE
  5
973
330
6D1
100
AcDbEntity
  8
_TCH_MASK
  6
Continuous
 62
     7
100
AcDbLine
 10
3392.281237542935
 20
4271.266902392922
 30
0.0
 11
3392.378973701016
 21
4271.242976662999
 31
0.0
  0
LINE
  5
974
330
6D1
100
AcDbEntity
  8
_TCH_MASK
  6
Continuous
 62
     7
100
AcDbLine
 10
3399.157393715985
 20
4267.940762050177
 30
0.0
 11
3399.059657557897
 21
4267.964686687171
 31
0.0
  0
LINE
  5
975
330
6D1
100
AcDbEntity
  8
_TCH_MASK
  6
Continuous
 62
     7
100
AcDbLine
 10
3398.595410771385
 20
4267.318711687178
 30
0.0
 11
3398.693146929466
 21
4267.294787050185
 31
0.0
  0
LINE
  5
976
330
6D1
100
AcDbEntity
  8
_TCH_MASK
  6
Continuous
 62
     7
100
AcDbLine
 10
3392.916522606088
 20
4271.865027025998
 30
0.0
 11
3392.843220487528
 21
4271.888951662989
 31
0.0
  0
LINE
  5
977
330
6D1
100
AcDbEntity
  8
_TCH_MASK
  6
Continuous
 62
     7
100
AcDbLine
 10
3399.157393715985
 20
4268.538886687148
 30
0.0
 11
3399.450602225851
 21
4268.443187050128
 31
0.0
  0
LINE
  5
978
330
6D1
100
AcDbEntity
  8
_TCH_MASK
  6
Continuous
 62
     7
100
AcDbLine
 10
3398.399938383948
 20
4268.778136870635
 30
0.0
 11
3399.059657557897
 21
4268.562811870645
 31
0.0
  0
LINE
  5
979
330
6D1
100
AcDbEntity
  8
_TCH_MASK
  6
Continuous
 62
     7
100
AcDbLine
 10
3398.66871288995
 20
4264.734811687188
 30
0.0
 11
3398.742015008509
 21
4264.71088705013
 31
0.0
  0
LINE
  5
97A
330
6D1
100
AcDbEntity
  8
_TCH_MASK
  6
Continuous
 62
     7
100
AcDbLine
 10
3398.717580968988
 20
4264.567337050155
 30
0.0
 11
3398.644278850436
 21
4264.591261687136
 31
0.0
  0
LINE
  5
97B
330
6D1
100
AcDbEntity
  8
_TCH_MASK
  6
Continuous
 62
     7
100
AcDbLine
 10
3392.916522606088
 20
4266.242652392929
 30
0.0
 11
3392.843220487528
 21
4266.266577026035
 31
0.0
  0
LINE
  5
97C
330
6D1
100
AcDbEntity
  8
_TCH_MASK
  6
Continuous
 62
     7
100
AcDbLine
 10
3394.448410400022
 20
4265.667497217208
 30
0.0
 11
3394.536878471146
 21
4265.638621994141
 31
0.0
  0
LINE
  5
97D
330
6D1
100
AcDbEntity
  8
_TCH_MASK
  6
Continuous
 62
     7
100
AcDbLine
 10
3394.507389115418
 20
4265.46537199412
 30
0.0
 11
3394.418921040327
 21
4265.494247217186
 31
0.0
  0
LINE
  5
97E
330
6D1
100
AcDbEntity
  8
_TCH_MASK
  6
Continuous
 62
     7
100
AcDbLine
 10
3399.450602225851
 20
4268.299637050154
 30
0.0
 11
3398.302202225867
 21
4268.682437233628
 31
0.0
  0
LINE
  5
97F
330
6D1
100
AcDbEntity
  8
_TCH_MASK
  6
Continuous
 62
     7
100
AcDbLine
 10
3396.500869941468
 20
4267.627163211185
 30
0.0
 11
3396.732485906243
 21
4267.542861895655
 31
0.0
  0
LINE
  5
980
330
6D1
100
AcDbEntity
  8
_TCH_MASK
  6
Continuous
 62
     7
100
AcDbLine
 10
3397.094869941481
 20
4267.119497103694
 30
0.0
 11
3396.896869941469
 21
4267.191563211166
 31
0.0
  0
LINE
  5
981
330
6D1
100
AcDbEntity
  8
_TCH_MASK
  6
Continuous
 62
     7
100
AcDbLine
 10
3401.510267783262
 20
4259.993056159608
 30
0.0
 11
3402.178948682748
 21
4259.681245137945
 31
0.0
  0
LINE
  5
982
330
6D1
100
AcDbEntity
  8
_TCH_MASK
  6
Continuous
 62
     7
100
AcDbLine
 10
3392.86765452705
 20
4267.534602392999
 30
0.0
 11
3392.965390704944
 21
4267.486752026004
 31
0.0
  0
LINE
  5
983
330
6D1
100
AcDbEntity
  8
_TCH_MASK
  6
Continuous
 62
     7
100
AcDbLine
 10
3392.256803432145
 20
4266.625452026
 30
0.0
 11
3392.159067274057
 21
4266.673302392931
 31
0.0
  0
LINE
  5
984
330
6D1
100
AcDbEntity
  8
_TCH_MASK
  6
Continuous
 62
     7
100
AcDbLine
 10
3399.1818277555
 20
4262.581561960419
 30
0.0
 11
3399.279563933394
 21
4262.533711870671
 31
0.0
  0
LINE
  5
985
330
6D1
100
AcDbEntity
  8
_TCH_MASK
  6
Continuous
 62
     7
100
AcDbLine
 10
3395.067686961223
 20
4264.339246994153
 30
0.0
 11
3395.185644415775
 21
4264.28149721721
 31
0.0
  0
LINE
  5
986
330
6D1
100
AcDbEntity
  8
_TCH_MASK
  6
Continuous
 62
     7
100
AcDbLine
 10
3392.86765452705
 20
4265.285651662984
 30
0.0
 11
3392.965390704944
 21
4265.23780239296
 31
0.0
  0
LINE
  5
987
330
6D1
100
AcDbEntity
  8
_TCH_MASK
  6
Continuous
 62
     7
100
AcDbLine
 10
3392.256803432145
 20
4265.500976662974
 30
0.0
 11
3392.159067274057
 21
4265.548827026008
 31
0.0
  0
LINE
  5
988
330
6D1
100
AcDbEntity
  8
_TCH_MASK
  6
Continuous
 62
     7
100
AcDbLine
 10
3394.330452882118
 20
4263.241997050861
 30
0.0
 11
3394.212495451299
 21
4263.299747160451
 31
0.0
  0
LINE
  5
989
330
6D1
100
AcDbEntity
  8
_TCH_MASK
  6
Continuous
 62
     7
100
AcDbLine
 10
3392.86765452705
 20
4263.850152209442
 30
0.0
 11
3392.965390704944
 21
4263.802301842523
 31
0.0
  0
LINE
  5
98A
330
6D1
100
AcDbEntity
  8
_TCH_MASK
  6
Continuous
 62
     7
100
AcDbLine
 10
3399.1818277555
 20
4260.284761893106
 30
0.0
 11
3399.279563933394
 21
4260.236911870642
 31
0.0
  0
LINE
  5
98B
330
6D1
100
AcDbEntity
  8
_TCH_MASK
  6
Continuous
 62
     7
100
AcDbLine
 10
3395.067686961223
 20
4261.6538720773
 30
0.0
 11
3395.185644415775
 21
4261.596122134037
 31
0.0
  0
LINE
  5
98C
330
6D1
100
AcDbEntity
  8
_TCH_MASK
  6
Continuous
 62
     7
100
AcDbLine
 10
3392.86765452705
 20
4260.452802025985
 30
0.0
 11
3392.965390704944
 21
4260.404952209468
 31
0.0
  0
LINE
  5
98D
330
6D1
100
AcDbEntity
  8
_TCH_MASK
  6
Continuous
 62
     7
100
AcDbLine
 10
3392.256803432145
 20
4259.543652209464
 30
0.0
 11
3392.159067274057
 21
4259.591502025993
 31
0.0
  0
LINE
  5
98E
330
6D1
100
AcDbEntity
  8
_TCH_MASK
  6
Continuous
 62
     7
100
AcDbLine
 10
3400.262878122827
 20
4257.893009211049
 30
0.0
 11
3400.292614871607
 21
4257.875840690482
 31
0.0
  0
LINE
  5
98F
330
6D1
100
AcDbEntity
  8
_TCH_MASK
  6
Continuous
 62
     7
100
AcDbLine
 10
3400.203142386119
 20
4257.720869797013
 30
0.0
 11
3400.239336247543
 21
4257.69997326116
 31
0.0
  0
LINE
  5
990
330
6D1
100
AcDbEntity
  8
_TCH_MASK
  6
Continuous
 62
     7
100
AcDbLine
 10
3400.097279571479
 20
4257.781989720101
 30
0.0
 11
3400.173405637295
 21
4257.738038317646
 31
0.0
  0
LINE
  5
991
330
6D1
100
AcDbEntity
  8
_TCH_MASK
  6
Continuous
 62
     7
100
AcDbLine
 10
3400.223639326288
 20
4257.672785394077
 30
0.0
 11
3400.187445460906
 21
4257.69368192993
 31
0.0
  0
LINE
  5
992
330
6D1
100
AcDbEntity
  8
_TCH_MASK
  6
Continuous
 62
     7
100
AcDbLine
 10
3400.157708712082
 20
4257.710850450563
 30
0.0
 11
3400.050316581103
 21
4257.772853326911
 31
0.0
  0
LINE
  5
993
330
6D1
100
AcDbEntity
  8
_TCH_MASK
  6
Continuous
 62
     7
100
AcDbLine
 10
3400.153010279013
 20
4257.634038441444
 30
0.0
 11
3400.123273526276
 21
4257.651206962
 31
0.0
  0
LINE
  5
994
330
6D1
100
AcDbEntity
  8
_TCH_MASK
  6
Continuous
 62
     7
100
AcDbLine
 10
3400.672486888558
 20
4256.428778203251
 30
0.0
 11
3400.703073290986
 21
4256.411119133733
 31
0.0
  0
LINE
  5
995
330
6D1
100
AcDbEntity
  8
_TCH_MASK
  6
Continuous
 62
     7
100
AcDbLine
 10
3398.689490918857
 20
4257.508565900812
 30
0.0
 11
3398.931293171867
 21
4257.368961304251
 31
0.0
  0
LINE
  5
996
330
6D1
100
AcDbEntity
  8
_TCH_MASK
  6
Continuous
 62
     7
100
AcDbLine
 10
3398.912162534616
 20
4257.335826075586
 30
0.0
 11
3398.740369121632
 21
4257.435011047173
 31
0.0
  0
LINE
  5
997
330
6D1
100
AcDbEntity
  8
_TCH_MASK
  6
Continuous
 62
     7
100
AcDbLine
 10
3398.707209352782
 20
4257.377576648567
 30
0.0
 11
3398.681550806003
 21
4257.392390616574
 31
0.0
  0
LINE
  5
998
330
6D1
100
AcDbEntity
  8
_TCH_MASK
  6
Continuous
 62
     7
100
AcDbLine
 10
3400.605948529192
 20
4256.242894108433
 30
0.0
 11
3400.578080951855
 21
4256.25898346164
 31
0.0
  0
LINE
  5
999
330
6D1
100
AcDbEntity
  8
_TCH_MASK
  6
Continuous
 62
     7
100
AcDbLine
 10
3399.323118345812
 20
4256.110789256855
 30
0.0
 11
3399.356253578488
 21
4256.091658623537
 31
0.0
  0
LINE
  5
99A
330
6D1
100
AcDbEntity
  8
_TCH_MASK
  6
Continuous
 62
     7
100
AcDbLine
 10
3399.257068602921
 20
4255.919865206617
 30
0.0
 11
3399.314503013382
 21
4255.886705437734
 31
0.0
  0
LINE
  5
99B
330
6D1
100
AcDbEntity
  8
_TCH_MASK
  6
Continuous
 62
     7
100
AcDbLine
 10
3399.209342239425
 20
4255.854074922889
 30
0.0
 11
3399.183513753218
 21
4255.868987007817
 31
0.0
  0
LINE
  5
99C
330
6D1
100
AcDbEntity
  8
_TCH_MASK
  6
Continuous
 62
     7
100
AcDbLine
 10
3392.916522606088
 20
4260.261402209494
 30
0.0
 11
3392.843220487528
 21
4260.309252026011
 31
0.0
  0
LINE
  5
99D
330
6D1
100
AcDbEntity
  8
_TCH_MASK
  6
Continuous
 62
     7
100
AcDbLine
 10
3392.207935353101
 20
4259.735052025969
 30
0.0
 11
3392.281237542935
 21
4259.687202209518
 31
0.0
  0
LINE
  5
99E
330
6D1
100
AcDbEntity
  8
_TCH_MASK
  6
Continuous
 62
     7
100
AcDbLine
 10
3392.916522606088
 20
4256.816202070847
 30
0.0
 11
3392.843220487528
 21
4256.864052026037
 31
0.0
  0
LINE
  5
99F
330
6D1
100
AcDbEntity
  8
_TCH_MASK
  6
Continuous
 62
     7
100
AcDbLine
 10
3392.207935353101
 20
4256.289852025985
 30
0.0
 11
3392.281237542935
 21
4256.242002070871
 31
0.0
  0
LINE
  5
9A0
330
6D1
100
AcDbEntity
  8
_TCH_MASK
  6
Continuous
 62
     7
100
AcDbLine
 10
3392.916522606088
 20
4255.667802003555
 30
0.0
 11
3392.843220487528
 21
4255.715652026018
 31
0.0
  0
LINE
  5
9A1
330
6D1
100
AcDbEntity
  8
_TCH_MASK
  6
Continuous
 62
     7
100
AcDbLine
 10
3399.049541904235
 20
4256.912363245862
 30
0.0
 11
3399.255984584612
 21
4257.056915969399
 31
0.0
  0
LINE
  5
9A2
330
6D1
100
AcDbEntity
  8
_TCH_MASK
  6
Continuous
 62
     7
100
AcDbLine
 10
3392.843220487528
 20
4256.242002070871
 30
0.0
 11
3392.916522606088
 21
4256.289852025985
 31
0.0
  0
LINE
  5
9A3
330
6D1
100
AcDbEntity
  8
_TCH_MASK
  6
Continuous
 62
     7
100
AcDbLine
 10
3392.281237542935
 20
4255.715652026018
 30
0.0
 11
3392.207935353101
 21
4255.667802003555
 31
0.0
  0
LINE
  5
9A4
330
6D1
100
AcDbEntity
  8
_TCH_MASK
  6
Continuous
 62
     7
100
AcDbLine
 10
3399.157393715985
 20
4259.614861864048
 30
0.0
 11
3399.230695834544
 21
4259.662711870666
 31
0.0
  0
LINE
  5
9A5
330
6D1
100
AcDbEntity
  8
_TCH_MASK
  6
Continuous
 62
     7
100
AcDbLine
 10
3391.98802899741
 20
4258.586652026025
 30
0.0
 11
3392.965390704944
 21
4259.184776936204
 31
0.0
  0
LINE
  5
9A6
330
6D1
100
AcDbEntity
  8
_TCH_MASK
  6
Continuous
 62
     7
100
AcDbLine
 10
3398.302202225867
 20
4260.715411821784
 30
0.0
 11
3399.279563933394
 21
4261.313536870636
 31
0.0
  0
LINE
  5
9A7
330
6D1
100
AcDbEntity
  8
_TCH_MASK
  6
Continuous
 62
     7
100
AcDbLine
 10
3393.13642899743
 20
4259.113001936254
 30
0.0
 11
3392.134633234543
 21
4258.514877025999
 31
0.0
  0
LINE
  5
9A8
330
6D1
100
AcDbEntity
  8
_TCH_MASK
  6
Continuous
 62
     7
100
AcDbLine
 10
3399.450602225851
 20
4261.24176187061
 30
0.0
 11
3398.448806462984
 21
4260.64363682177
 31
0.0
  0
LINE
  5
9A9
330
6D1
100
AcDbEntity
  8
_TCH_MASK
  6
Continuous
 62
     7
100
AcDbLine
 10
3395.274112498781
 20
4260.700997108973
 30
0.0
 11
3395.12666567661
 21
4260.614372105
 31
0.0
  0
LINE
  5
9AA
330
6D1
100
AcDbEntity
  8
_TCH_MASK
  6
Continuous
 62
     7
100
AcDbLine
 10
3399.096515428202
 20
4257.79336093531
 30
0.0
 11
3399.063380187574
 21
4257.774230294134
 31
0.0
  0
LINE
  5
9AB
330
6D1
100
AcDbEntity
  8
_TCH_MASK
  6
Continuous
 62
     7
100
AcDbLine
 10
3399.165990289912
 20
4257.66400117554
 30
0.0
 11
3399.2968319965
 21
4257.739542670185
 31
0.0
  0
LINE
  5
9AC
330
6D1
100
AcDbEntity
  8
_TCH_MASK
  6
Continuous
 62
     7
100
AcDbLine
 10
3399.31449106605
 20
4257.708956263753
 30
0.0
 11
3399.148135204305
 21
4257.612910661388
 31
0.0
  0
LINE
  5
9AD
330
6D1
100
AcDbEntity
  8
_TCH_MASK
  6
Continuous
 62
     7
100
AcDbLine
 10
3398.605374990715
 20
4256.461853667705
 30
0.0
 11
3398.847177239746
 21
4256.601458260303
 31
0.0
  0
LINE
  5
9AE
330
6D1
100
AcDbEntity
  8
_TCH_MASK
  6
Continuous
 62
     7
100
AcDbLine
 10
3398.866307876961
 20
4256.568323027598
 30
0.0
 11
3398.694514463961
 21
4256.469138052049
 31
0.0
  0
LINE
  5
9AF
330
6D1
100
AcDbEntity
  8
_TCH_MASK
  6
Continuous
 62
     7
100
AcDbLine
 10
3398.727674232811
 20
4256.411703649549
 30
0.0
 11
3398.702015598952
 21
4256.396889630051
 31
0.0
  0
LINE
  5
9B0
330
6D1
100
AcDbEntity
  8
_TCH_MASK
  6
Continuous
 62
     7
100
AcDbLine
 10
3398.71652888808
 20
4256.269329468582
 30
0.0
 11
3398.958331141076
 21
4256.408934061179
 31
0.0
  0
LINE
  5
9B1
330
6D1
100
AcDbEntity
  8
_TCH_MASK
  6
Continuous
 62
     7
100
AcDbLine
 10
3400.705904346447
 20
4257.408703816801
 30
0.0
 11
3400.675317940049
 21
4257.391044747205
 31
0.0
  0
LINE
  5
9B2
330
6D1
100
AcDbEntity
  8
_TCH_MASK
  6
Continuous
 62
     7
100
AcDbLine
 10
3398.977461774324
 20
4256.375798832435
 30
0.0
 11
3398.805668357367
 21
4256.276613856889
 31
0.0
  0
LINE
  5
9B3
330
6D1
100
AcDbEntity
  8
_TCH_MASK
  6
Continuous
 62
     7
100
AcDbLine
 10
3398.838828126216
 20
4256.219179454387
 30
0.0
 11
3398.813169496316
 21
4256.204365434888
 31
0.0
  0
LINE
  5
9B4
330
6D1
100
AcDbEntity
  8
_TCH_MASK
  6
Continuous
 62
     7
100
AcDbLine
 10
3392.965390704944
 20
4265.548827026008
 30
0.0
 11
3392.86765452705
 21
4265.500976662974
 31
0.0
  0
LINE
  5
9B5
330
6D1
100
AcDbEntity
  8
_TCH_MASK
  6
Continuous
 62
     7
100
AcDbLine
 10
3392.256803432145
 20
4265.070326662982
 30
0.0
 11
3392.207935353101
 21
4265.04640202599
 31
0.0
  0
LINE
  5
9B6
330
6D1
100
AcDbEntity
  8
_TCH_MASK
  6
Continuous
 62
     7
100
AcDbLine
 10
3392.647748135743
 20
4265.23780239296
 30
0.0
 11
3392.745484329447
 21
4265.285651662984
 31
0.0
  0
LINE
  5
9B7
330
6D1
100
AcDbEntity
  8
_TCH_MASK
  6
Continuous
 62
     7
100
AcDbLine
 10
3398.473240502513
 20
4268.036461687198
 30
0.0
 11
3398.570976660587
 21
4268.084312050153
 31
0.0
  0
LINE
  5
9B8
330
6D1
100
AcDbEntity
  8
_TCH_MASK
  6
Continuous
 62
     7
100
AcDbLine
 10
3392.159067274057
 20
4263.802301842523
 30
0.0
 11
3392.256803432145
 21
4263.850152209442
 31
0.0
  0
LINE
  5
9B9
330
6D1
100
AcDbEntity
  8
_TCH_MASK
  6
Continuous
 62
     7
100
AcDbLine
 10
3399.279563933394
 20
4267.22301205016
 30
0.0
 11
3399.1818277555
 21
4267.175161687126
 31
0.0
  0
LINE
  5
9BA
330
6D1
100
AcDbEntity
  8
_TCH_MASK
  6
Continuous
 62
     7
100
AcDbLine
 10
3394.212495451299
 20
4264.28149721721
 30
0.0
 11
3394.330452882118
 21
4264.339246994153
 31
0.0
  0
LINE
  5
9BB
330
6D1
100
AcDbEntity
  8
_TCH_MASK
  6
Continuous
 62
     7
100
AcDbLine
 10
3395.185644415775
 20
4263.299747160451
 30
0.0
 11
3395.067686961223
 21
4263.241997050861
 31
0.0
  0
LINE
  5
9BC
330
6D1
100
AcDbEntity
  8
_TCH_MASK
  6
Continuous
 62
     7
100
AcDbLine
 10
3392.159067274057
 20
4260.404952209468
 30
0.0
 11
3392.256803432145
 21
4260.452802025985
 31
0.0
  0
LINE
  5
9BD
330
6D1
100
AcDbEntity
  8
_TCH_MASK
  6
Continuous
 62
     7
100
AcDbLine
 10
3394.330452882118
 20
4261.393997077278
 30
0.0
 11
3394.271474166686
 21
4261.365122103661
 31
0.0
  0
LINE
  5
9BE
330
6D1
100
AcDbEntity
  8
_TCH_MASK
  6
Continuous
 62
     7
100
AcDbLine
 10
3394.802282696371
 20
4261.596122134037
 30
0.0
 11
3394.920240170737
 21
4261.6538720773
 31
0.0
  0
LINE
  5
9BF
330
6D1
100
AcDbEntity
  8
_TCH_MASK
  6
Continuous
 62
     7
100
AcDbLine
 10
3398.473240502513
 20
4262.533711870671
 30
0.0
 11
3398.570976660587
 21
4262.581561960419
 31
0.0
  0
LINE
  5
9C0
330
6D1
100
AcDbEntity
  8
_TCH_MASK
  6
Continuous
 62
     7
100
AcDbLine
 10
3392.965390704944
 20
4259.591502025993
 30
0.0
 11
3392.86765452705
 21
4259.543652209464
 31
0.0
  0
LINE
  5
9C1
330
6D1
100
AcDbEntity
  8
_TCH_MASK
  6
Continuous
 62
     7
100
AcDbLine
 10
3392.159067274057
 20
4256.95975207089
 30
0.0
 11
3392.256803432145
 21
4257.007602026013
 31
0.0
  0
LINE
  5
9C2
330
6D1
100
AcDbEntity
  8
_TCH_MASK
  6
Continuous
 62
     7
100
AcDbLine
 10
3399.279563933394
 20
4259.519161870612
 30
0.0
 11
3399.1818277555
 21
4259.471311868034
 31
0.0
  0
LINE
  5
9C3
330
6D1
100
AcDbEntity
  8
_TCH_MASK
  6
Continuous
 62
     7
100
AcDbLine
 10
3389.907472099672
 20
4259.993056159608
 30
0.0
 11
3389.238791204145
 21
4259.681245137945
 31
0.0
  0
LINE
  5
9C4
330
6D1
100
AcDbEntity
  8
_TCH_MASK
  6
Continuous
 62
     7
100
AcDbLine
 10
3398.888619245641
 20
4264.543411870619
 30
0.0
 11
3399.450602225851
 21
4264.758736870609
 31
0.0
  0
LINE
  5
9C5
330
6D1
100
AcDbEntity
  8
_TCH_MASK
  6
Continuous
 62
     7
100
AcDbLine
 10
3399.450602225851
 20
4264.591261687136
 30
0.0
 11
3398.937487324671
 21
4264.399861870644
 31
0.0
  0
LINE
  5
9C6
330
6D1
100
AcDbEntity
  8
_TCH_MASK
  6
Continuous
 62
     7
100
AcDbLine
 10
3398.302202225867
 20
4268.873836503693
 30
0.0
 11
3399.450602225851
 21
4269.256637233669
 31
0.0
  0
LINE
  5
9C7
330
6D1
100
AcDbEntity
  8
_TCH_MASK
  6
Continuous
 62
     7
100
AcDbLine
 10
3392.281237542935
 20
4271.888951662989
 30
0.0
 11
3392.207935353101
 21
4271.865027025998
 31
0.0
  0
LINE
  5
9C8
330
6D1
100
AcDbEntity
  8
_TCH_MASK
  6
Continuous
 62
     7
100
AcDbLine
 10
3399.059657557897
 20
4268.993461870635
 30
0.0
 11
3398.399938383948
 21
4268.778136870635
 31
0.0
  0
LINE
  5
9C9
330
6D1
100
AcDbEntity
  8
_TCH_MASK
  6
Continuous
 62
     7
100
AcDbLine
 10
3399.450602225851
 20
4269.113087233619
 30
0.0
 11
3399.157393715985
 21
4269.017386503668
 31
0.0
  0
LINE
  5
9CA
330
6D1
100
AcDbEntity
  8
_TCH_MASK
  6
Continuous
 62
     7
100
AcDbLine
 10
3392.281237542935
 20
4266.266577026035
 30
0.0
 11
3392.207935353101
 21
4266.242652392929
 31
0.0
  0
LINE
  5
9CB
330
6D1
100
AcDbEntity
  8
_TCH_MASK
  6
Continuous
 62
     7
100
AcDbLine
 10
3392.183501313579
 20
4265.189952025965
 30
0.0
 11
3392.256803432145
 21
4265.213876663024
 31
0.0
  0
LINE
  5
9CC
330
6D1
100
AcDbEntity
  8
_TCH_MASK
  6
Continuous
 62
     7
100
AcDbLine
 10
3394.241984807028
 20
4265.638621994141
 30
0.0
 11
3394.330452882118
 21
4265.667497217208
 31
0.0
  0
LINE
  5
9CD
330
6D1
100
AcDbEntity
  8
_TCH_MASK
  6
Continuous
 62
     7
100
AcDbLine
 10
3394.330452882118
 20
4265.494247217186
 30
0.0
 11
3394.241984807028
 21
4265.46537199412
 31
0.0
  0
LINE
  5
9CE
330
6D1
100
AcDbEntity
  8
_TCH_MASK
  6
Continuous
 62
     7
100
AcDbLine
 10
3392.330105621979
 20
4264.615752025988
 30
0.0
 11
3392.403407740538
 21
4264.639676662981
 31
0.0
  0
LINE
  5
9CF
330
6D1
100
AcDbEntity
  8
_TCH_MASK
  6
Continuous
 62
     7
100
AcDbLine
 10
3392.818786448014
 20
4264.543977025972
 30
0.0
 11
3392.892088566572
 21
4264.56790166303
 31
0.0
  0
LINE
  5
9D0
330
6D1
100
AcDbEntity
  8
_TCH_MASK
  6
Continuous
 62
     7
100
AcDbLine
 10
3392.745484329447
 20
4271.242976662999
 30
0.0
 11
3392.843220487528
 21
4271.266902392922
 31
0.0
  0
LINE
  5
9D1
330
6D1
100
AcDbEntity
  8
_TCH_MASK
  6
Continuous
 62
     7
100
AcDbLine
 10
3398.693146929466
 20
4270.261487233638
 30
0.0
 11
3398.595410771385
 21
4270.237561503712
 31
0.0
  0
LINE
  5
9D2
330
6D1
100
AcDbEntity
  8
_TCH_MASK
  6
Continuous
 62
     7
100
AcDbLine
 10
3392.378973701016
 20
4267.414977025979
 30
0.0
 11
3392.281237542935
 21
4267.391052392949
 31
0.0
  0
LINE
  5
9D3
330
6D1
100
AcDbEntity
  8
_TCH_MASK
  6
Continuous
 62
     7
100
AcDbLine
 10
3392.745484329447
 20
4266.745077392957
 30
0.0
 11
3392.843220487528
 21
4266.769002025976
 31
0.0
  0
LINE
  5
9D4
330
6D1
100
AcDbEntity
  8
_TCH_MASK
  6
Continuous
 62
     7
100
AcDbLine
 10
3392.159067274057
 20
4272.008577025973
 30
0.0
 11
3392.281237542935
 21
4272.032501662965
 31
0.0
  0
LINE
  5
9D5
330
6D1
100
AcDbEntity
  8
_TCH_MASK
  6
Continuous
 62
     7
100
AcDbLine
 10
3392.86765452705
 20
4271.123352392947
 30
0.0
 11
3392.745484329447
 21
4271.099426663023
 31
0.0
  0
LINE
  5
9D6
330
6D1
100
AcDbEntity
  8
_TCH_MASK
  6
Continuous
 62
     7
100
AcDbLine
 10
3398.570976660587
 20
4270.381111503689
 30
0.0
 11
3398.693146929466
 21
4270.405037233614
 31
0.0
  0
LINE
  5
9D7
330
6D1
100
AcDbEntity
  8
_TCH_MASK
  6
Continuous
 62
     7
100
AcDbLine
 10
3395.097176320916
 20
4265.927372217229
 30
0.0
 11
3394.006069941462
 21
4265.8984969941
 31
0.0
  0
LINE
  5
9D8
330
6D1
100
AcDbEntity
  8
_TCH_MASK
  6
Continuous
 62
     7
100
AcDbLine
 10
3399.059657557897
 20
4270.405037233614
 30
0.0
 11
3398.693146929466
 21
4270.405037233614
 31
0.0
  0
LINE
  5
9D9
330
6D1
100
AcDbEntity
  8
_TCH_MASK
  6
Continuous
 62
     7
100
AcDbLine
 10
3398.693146929466
 20
4270.261487233638
 30
0.0
 11
3399.059657557897
 21
4270.261487233638
 31
0.0
  0
LINE
  5
9DA
330
6D1
100
AcDbEntity
  8
_TCH_MASK
  6
Continuous
 62
     7
100
AcDbLine
 10
3392.989824744466
 20
4270.19027739293
 30
0.0
 11
3392.598880056699
 21
4270.19027739293
 31
0.0
  0
LINE
  5
9DB
330
6D1
100
AcDbEntity
  8
_TCH_MASK
  6
Continuous
 62
     7
100
AcDbLine
 10
3392.452275819582
 20
4270.19027739293
 30
0.0
 11
3392.134633234543
 21
4270.19027739293
 31
0.0
  0
LINE
  5
9DC
330
6D1
100
AcDbEntity
  8
_TCH_MASK
  6
Continuous
 62
     7
100
AcDbLine
 10
3391.98802899741
 20
4270.046727392954
 30
0.0
 11
3393.13642899743
 21
4270.046727392954
 31
0.0
  0
LINE
  5
9DD
330
6D1
100
AcDbEntity
  8
_TCH_MASK
  6
Continuous
 62
     7
100
AcDbLine
 10
3393.13642899743
 20
4269.855327025983
 30
0.0
 11
3391.98802899741
 21
4269.855327025983
 31
0.0
  0
LINE
  5
9DE
330
6D1
100
AcDbEntity
  8
_TCH_MASK
  6
Continuous
 62
     7
100
AcDbLine
 10
3391.98802899741
 20
4269.711777026009
 30
0.0
 11
3392.965390704944
 21
4269.711777026009
 31
0.0
  0
LINE
  5
9DF
330
6D1
100
AcDbEntity
  8
_TCH_MASK
  6
Continuous
 62
     7
100
AcDbLine
 10
3399.303997972916
 20
4269.59158650371
 30
0.0
 11
3398.448806462984
 21
4269.59158650371
 31
0.0
  0
LINE
  5
9E0
330
6D1
100
AcDbEntity
  8
_TCH_MASK
  6
Continuous
 62
     7
100
AcDbLine
 10
3398.302202225867
 20
4269.448036503669
 30
0.0
 11
3399.450602225851
 21
4269.448036503669
 31
0.0
  0
LINE
  5
9E1
330
6D1
100
AcDbEntity
  8
_TCH_MASK
  6
Continuous
 62
     7
100
AcDbLine
 10
3393.13642899743
 20
4269.041877392986
 30
0.0
 11
3392.134633234543
 21
4269.041877392986
 31
0.0
  0
LINE
  5
9E2
330
6D1
100
AcDbEntity
  8
_TCH_MASK
  6
Continuous
 62
     7
100
AcDbLine
 10
3401.153869941481
 20
4268.976331750176
 30
0.0
 11
3400.361869941458
 21
4268.976331750176
 31
0.0
  0
LINE
  5
9E3
330
6D1
100
AcDbEntity
  8
_TCH_MASK
  6
Continuous
 62
     7
100
AcDbLine
 10
3391.98802899741
 20
4268.898327392945
 30
0.0
 11
3393.13642899743
 21
4268.898327392945
 31
0.0
  0
LINE
  5
9E4
330
6D1
100
AcDbEntity
  8
_TCH_MASK
  6
Continuous
 62
     7
100
AcDbLine
 10
3400.496678435484
 20
4268.877331750156
 30
0.0
 11
3401.153869941481
 21
4268.877331750156
 31
0.0
  0
LINE
  5
9E5
330
6D1
100
AcDbEntity
  8
_TCH_MASK
  6
Continuous
 62
     7
100
AcDbLine
 10
3400.479827376199
 20
4268.778331750135
 30
0.0
 11
3400.614635917766
 21
4268.778331750135
 31
0.0
  0
LINE
  5
9E6
330
6D1
100
AcDbEntity
  8
_TCH_MASK
  6
Continuous
 62
     7
100
AcDbLine
 10
3393.13642899743
 20
4268.706927025974
 30
0.0
 11
3391.98802899741
 21
4268.706927025974
 31
0.0
  0
LINE
  5
9E7
330
6D1
100
AcDbEntity
  8
_TCH_MASK
  6
Continuous
 62
     7
100
AcDbLine
 10
3391.98802899741
 20
4268.563377026
 30
0.0
 11
3392.965390704944
 21
4268.563377026
 31
0.0
  0
LINE
  5
9E8
330
6D1
100
AcDbEntity
  8
_TCH_MASK
  6
Continuous
 62
     7
100
AcDbLine
 10
3397.094869941481
 20
4268.505497103681
 30
0.0
 11
3396.698869941465
 21
4268.505497103681
 31
0.0
  0
LINE
  5
9E9
330
6D1
100
AcDbEntity
  8
_TCH_MASK
  6
Continuous
 62
     7
100
AcDbLine
 10
3394.37669053115
 20
4268.109497103676
 30
0.0
 11
3394.520869941458
 21
4268.109497103676
 31
0.0
  0
LINE
  5
9EA
330
6D1
100
AcDbEntity
  8
_TCH_MASK
  6
Continuous
 62
     7
100
AcDbLine
 10
3394.916869941459
 20
4268.109497103676
 30
0.0
 11
3395.061049355733
 21
4268.109497103676
 31
0.0
  0
LINE
  5
9EB
330
6D1
100
AcDbEntity
  8
_TCH_MASK
  6
Continuous
 62
     7
100
AcDbLine
 10
3399.059657557897
 20
4268.108236687146
 30
0.0
 11
3398.693146929466
 21
4268.108236687146
 31
0.0
  0
LINE
  5
9EC
330
6D1
100
AcDbEntity
  8
_TCH_MASK
  6
Continuous
 62
     7
100
AcDbLine
 10
3398.693146929466
 20
4267.964686687171
 30
0.0
 11
3399.059657557897
 21
4267.964686687171
 31
0.0
  0
LINE
  5
9ED
330
6D1
100
AcDbEntity
  8
_TCH_MASK
  6
Continuous
 62
     7
100
AcDbLine
 10
3393.13642899743
 20
4267.893477392965
 30
0.0
 11
3392.134633234543
 21
4267.893477392965
 31
0.0
  0
LINE
  5
9EE
330
6D1
100
AcDbEntity
  8
_TCH_MASK
  6
Continuous
 62
     7
100
AcDbLine
 10
3400.955869941471
 20
4267.788331750152
 30
0.0
 11
3400.411369941461
 21
4267.788331750152
 31
0.0
  0
LINE
  5
9EF
330
6D1
100
AcDbEntity
  8
_TCH_MASK
  6
Continuous
 62
     7
100
AcDbLine
 10
3391.006369941461
 20
4267.788331750152
 30
0.0
 11
3390.461869941457
 21
4267.788331750152
 31
0.0
  0
LINE
  5
9F0
330
6D1
100
AcDbEntity
  8
_TCH_MASK
  6
Continuous
 62
     7
100
AcDbLine
 10
3391.98802899741
 20
4267.749927392991
 30
0.0
 11
3393.13642899743
 21
4267.749927392991
 31
0.0
  0
LINE
  5
9F1
330
6D1
100
AcDbEntity
  8
_TCH_MASK
  6
Continuous
 62
     7
100
AcDbLine
 10
3392.745484329447
 20
4267.558527026021
 30
0.0
 11
3392.378973701016
 21
4267.558527026021
 31
0.0
  0
LINE
  5
9F2
330
6D1
100
AcDbEntity
  8
_TCH_MASK
  6
Continuous
 62
     7
100
AcDbLine
 10
3392.378973701016
 20
4267.414977025979
 30
0.0
 11
3392.745484329447
 21
4267.414977025979
 31
0.0
  0
LINE
  5
9F3
330
6D1
100
AcDbEntity
  8
_TCH_MASK
  6
Continuous
 62
     7
100
AcDbLine
 10
3399.059657557897
 20
4267.294787050185
 30
0.0
 11
3398.693146929466
 21
4267.294787050185
 31
0.0
  0
LINE
  5
9F4
330
6D1
100
AcDbEntity
  8
_TCH_MASK
  6
Continuous
 62
     7
100
AcDbLine
 10
3398.693146929466
 20
4267.151237050134
 30
0.0
 11
3399.059657557897
 21
4267.151237050134
 31
0.0
  0
LINE
  5
9F5
330
6D1
100
AcDbEntity
  8
_TCH_MASK
  6
Continuous
 62
     7
100
AcDbLine
 10
3399.450602225851
 20
4266.959836687126
 30
0.0
 11
3399.303997972916
 21
4266.959836687126
 31
0.0
  0
LINE
  5
9F6
330
6D1
100
AcDbEntity
  8
_TCH_MASK
  6
Continuous
 62
     7
100
AcDbLine
 10
3392.745484329447
 20
4266.745077392957
 30
0.0
 11
3392.378973701016
 21
4266.745077392957
 31
0.0
  0
LINE
  5
9F7
330
6D1
100
AcDbEntity
  8
_TCH_MASK
  6
Continuous
 62
     7
100
AcDbLine
 10
3392.378973701016
 20
4266.601527392981
 30
0.0
 11
3392.745484329447
 21
4266.601527392981
 31
0.0
  0
LINE
  5
9F8
330
6D1
100
AcDbEntity
  8
_TCH_MASK
  6
Continuous
 62
     7
100
AcDbLine
 10
3394.520869941458
 20
4266.525497103715
 30
0.0
 11
3394.916869941459
 21
4266.525497103715
 31
0.0
  0
LINE
  5
9F9
330
6D1
100
AcDbEntity
  8
_TCH_MASK
  6
Continuous
 62
     7
100
AcDbLine
 10
3397.03546994146
 20
4266.439163211228
 30
0.0
 11
3396.896869941469
 21
4266.439163211228
 31
0.0
  0
LINE
  5
9FA
330
6D1
100
AcDbEntity
  8
_TCH_MASK
  6
Continuous
 62
     7
100
AcDbLine
 10
3396.500869941468
 20
4266.439163211228
 30
0.0
 11
3396.36226994147
 21
4266.439163211228
 31
0.0
  0
LINE
  5
9FB
330
6D1
100
AcDbEntity
  8
_TCH_MASK
  6
Continuous
 62
     7
100
AcDbLine
 10
3399.303997972916
 20
4266.242086687183
 30
0.0
 11
3398.302202225867
 21
4266.242086687183
 31
0.0
  0
LINE
  5
9FC
330
6D1
100
AcDbEntity
  8
_TCH_MASK
  6
Continuous
 62
     7
100
AcDbLine
 10
3398.302202225867
 20
4266.098536687133
 30
0.0
 11
3399.450602225851
 21
4266.098536687133
 31
0.0
  0
LINE
  5
9FD
330
6D1
100
AcDbEntity
  8
_TCH_MASK
  6
Continuous
 62
     7
100
AcDbLine
 10
3395.392069941453
 20
4266.071746994109
 30
0.0
 11
3395.244623131163
 21
4266.071746994109
 31
0.0
  0
LINE
  5
9FE
330
6D1
100
AcDbEntity
  8
_TCH_MASK
  6
Continuous
 62
     7
100
AcDbLine
 10
3395.244623131163
 20
4265.927372217229
 30
0.0
 11
3395.392069941453
 21
4265.927372217229
 31
0.0
  0
LINE
  5
9FF
330
6D1
100
AcDbEntity
  8
_TCH_MASK
  6
Continuous
 62
     7
100
AcDbLine
 10
3388.186433377188
 20
4265.917465607969
 30
0.0
 11
3391.343515613597
 21
4265.917465607969
 31
0.0
  0
LINE
  5
A00
330
6D1
100
AcDbEntity
  8
_TCH_MASK
  6
Continuous
 62
     7
100
AcDbLine
 10
3400.074224273252
 20
4265.917465607969
 30
0.0
 11
3403.231306509697
 21
4265.917465607969
 31
0.0
  0
LINE
  5
A01
330
6D1
100
AcDbEntity
  8
_TCH_MASK
  6
Continuous
 62
     7
100
AcDbLine
 10
3394.448410400022
 20
4265.667497217208
 30
0.0
 11
3394.330452882118
 21
4265.667497217208
 31
0.0
  0
LINE
  5
A02
330
6D1
100
AcDbEntity
  8
_TCH_MASK
  6
Continuous
 62
     7
100
AcDbLine
 10
3392.745484329447
 20
4265.620602026032
 30
0.0
 11
3392.378973701016
 21
4265.620602026032
 31
0.0
  0
LINE
  5
A03
330
6D1
100
AcDbEntity
  8
_TCH_MASK
  6
Continuous
 62
     7
100
AcDbLine
 10
3396.896869941469
 20
4265.607563211204
 30
0.0
 11
3396.500869941468
 21
4265.607563211204
 31
0.0
  0
LINE
  5
A04
330
6D1
100
AcDbEntity
  8
_TCH_MASK
  6
Continuous
 62
     7
100
AcDbLine
 10
3394.330452882118
 20
4265.494247217186
 30
0.0
 11
3394.418921040327
 21
4265.494247217186
 31
0.0
  0
LINE
  5
A05
330
6D1
100
AcDbEntity
  8
_TCH_MASK
  6
Continuous
 62
     7
100
AcDbLine
 10
3392.378973701016
 20
4265.477052025993
 30
0.0
 11
3392.745484329447
 21
4265.477052025993
 31
0.0
  0
LINE
  5
A06
330
6D1
100
AcDbEntity
  8
_TCH_MASK
  6
Continuous
 62
     7
100
AcDbLine
 10
3392.86765452705
 20
4265.285651662984
 30
0.0
 11
3392.745484329447
 21
4265.285651662984
 31
0.0
  0
LINE
  5
A07
330
6D1
100
AcDbEntity
  8
_TCH_MASK
  6
Continuous
 62
     7
100
AcDbLine
 10
3396.995869941456
 20
4265.21156321119
 30
0.0
 11
3396.896869941469
 21
4265.21156321119
 31
0.0
  0
LINE
  5
A08
330
6D1
100
AcDbEntity
  8
_TCH_MASK
  6
Continuous
 62
     7
100
AcDbLine
 10
3396.500869941468
 20
4265.21156321119
 30
0.0
 11
3396.401869941445
 21
4265.21156321119
 31
0.0
  0
LINE
  5
A09
330
6D1
100
AcDbEntity
  8
_TCH_MASK
  6
Continuous
 62
     7
100
AcDbLine
 10
3392.769918368969
 20
4265.142101663009
 30
0.0
 11
3392.843220487528
 21
4265.142101663009
 31
0.0
  0
LINE
  5
A0A
330
6D1
100
AcDbEntity
  8
_TCH_MASK
  6
Continuous
 62
     7
100
AcDbLine
 10
3395.392069941453
 20
4264.772371994133
 30
0.0
 11
3394.772793336713
 21
4264.772371994133
 31
0.0
  0
LINE
  5
A0B
330
6D1
100
AcDbEntity
  8
_TCH_MASK
  6
Continuous
 62
     7
100
AcDbLine
 10
3394.595857190508
 20
4264.772371994133
 30
0.0
 11
3394.153516731938
 21
4264.772371994133
 31
0.0
  0
LINE
  5
A0C
330
6D1
100
AcDbEntity
  8
_TCH_MASK
  6
Continuous
 62
     7
100
AcDbLine
 10
3398.66871288995
 20
4264.734811687188
 30
0.0
 11
3398.570976660587
 21
4264.734811687188
 31
0.0
  0
LINE
  5
A0D
330
6D1
100
AcDbEntity
  8
_TCH_MASK
  6
Continuous
 62
     7
100
AcDbLine
 10
3392.330105621979
 20
4264.615752025988
 30
0.0
 11
3392.281237542935
 21
4264.615752025988
 31
0.0
  0
LINE
  5
A0E
330
6D1
100
AcDbEntity
  8
_TCH_MASK
  6
Continuous
 62
     7
100
AcDbLine
 10
3394.006069941462
 20
4264.599121994111
 30
0.0
 11
3395.392069941453
 21
4264.599121994111
 31
0.0
  0
LINE
  5
A0F
330
6D1
100
AcDbEntity
  8
_TCH_MASK
  6
Continuous
 62
     7
100
AcDbLine
 10
3398.570976660587
 20
4264.591261687136
 30
0.0
 11
3398.644278850436
 21
4264.591261687136
 31
0.0
  0
LINE
  5
A10
330
6D1
100
AcDbEntity
  8
_TCH_MASK
  6
Continuous
 62
     7
100
AcDbLine
 10
3392.256803432145
 20
4264.472202026013
 30
0.0
 11
3392.354539661493
 21
4264.472202026013
 31
0.0
  0
LINE
  5
A11
330
6D1
100
AcDbEntity
  8
_TCH_MASK
  6
Continuous
 62
     7
100
AcDbLine
 10
3394.920240170737
 20
4264.368122217221
 30
0.0
 11
3394.477899755758
 21
4264.368122217221
 31
0.0
  0
LINE
  5
A12
330
6D1
100
AcDbEntity
  8
_TCH_MASK
  6
Continuous
 62
     7
100
AcDbLine
 10
3393.13642899743
 20
4264.20902666299
 30
0.0
 11
3391.98802899741
 21
4264.20902666299
 31
0.0
  0
LINE
  5
A13
330
6D1
100
AcDbEntity
  8
_TCH_MASK
  6
Continuous
 62
     7
100
AcDbLine
 10
3394.477899755758
 20
4264.194872217199
 30
0.0
 11
3394.920240170737
 21
4264.194872217199
 31
0.0
  0
LINE
  5
A14
330
6D1
100
AcDbEntity
  8
_TCH_MASK
  6
Continuous
 62
     7
100
AcDbLine
 10
3391.98802899741
 20
4264.065477209443
 30
0.0
 11
3393.13642899743
 21
4264.065477209443
 31
0.0
  0
LINE
  5
A15
330
6D1
100
AcDbEntity
  8
_TCH_MASK
  6
Continuous
 62
     7
100
AcDbLine
 10
3396.401869941445
 20
4264.023563211166
 30
0.0
 11
3396.995869941456
 21
4264.023563211166
 31
0.0
  0
LINE
  5
A16
330
6D1
100
AcDbEntity
  8
_TCH_MASK
  6
Continuous
 62
     7
100
AcDbLine
 10
3399.450602225851
 20
4263.993136776892
 30
0.0
 11
3398.937487324671
 21
4263.993136776892
 31
0.0
  0
LINE
  5
A17
330
6D1
100
AcDbEntity
  8
_TCH_MASK
  6
Continuous
 62
     7
100
AcDbLine
 10
3398.790883087553
 20
4263.993136776892
 30
0.0
 11
3398.42437242347
 21
4263.993136776892
 31
0.0
  0
LINE
  5
A18
330
6D1
100
AcDbEntity
  8
_TCH_MASK
  6
Continuous
 62
     7
100
AcDbLine
 10
3392.745484329447
 20
4263.87407684255
 30
0.0
 11
3392.378973701016
 21
4263.87407684255
 31
0.0
  0
LINE
  5
A19
330
6D1
100
AcDbEntity
  8
_TCH_MASK
  6
Continuous
 62
     7
100
AcDbLine
 10
3398.302202225867
 20
4263.849586776917
 30
0.0
 11
3399.450602225851
 21
4263.849586776917
 31
0.0
  0
LINE
  5
A1A
330
6D1
100
AcDbEntity
  8
_TCH_MASK
  6
Continuous
 62
     7
100
AcDbLine
 10
3397.589869941469
 20
4263.825563211201
 30
0.0
 11
3397.045369941465
 21
4263.825563211201
 31
0.0
  0
LINE
  5
A1B
330
6D1
100
AcDbEntity
  8
_TCH_MASK
  6
Continuous
 62
     7
100
AcDbLine
 10
3396.352369941466
 20
4263.825563211201
 30
0.0
 11
3395.807869941469
 21
4263.825563211201
 31
0.0
  0
LINE
  5
A1C
330
6D1
100
AcDbEntity
  8
_TCH_MASK
  6
Continuous
 62
     7
100
AcDbLine
 10
3392.378973701016
 20
4263.730526842498
 30
0.0
 11
3392.745484329447
 21
4263.730526842498
 31
0.0
  0
LINE
  5
A1D
330
6D1
100
AcDbEntity
  8
_TCH_MASK
  6
Continuous
 62
     7
100
AcDbLine
 10
3399.450602225851
 20
4263.658186960413
 30
0.0
 11
3399.303997972916
 21
4263.658186960413
 31
0.0
  0
LINE
  5
A1E
330
6D1
100
AcDbEntity
  8
_TCH_MASK
  6
Continuous
 62
     7
100
AcDbLine
 10
3398.448806462984
 20
4263.658186960413
 30
0.0
 11
3398.302202225867
 21
4263.658186960413
 31
0.0
  0
LINE
  5
A1F
330
6D1
100
AcDbEntity
  8
_TCH_MASK
  6
Continuous
 62
     7
100
AcDbLine
 10
3398.913053285156
 20
4263.56248677689
 30
0.0
 11
3398.766449048038
 21
4263.56248677689
 31
0.0
  0
LINE
  5
A20
330
6D1
100
AcDbEntity
  8
_TCH_MASK
  6
Continuous
 62
     7
100
AcDbLine
 10
3394.920240170737
 20
4263.386371994133
 30
0.0
 11
3394.477899755758
 21
4263.386371994133
 31
0.0
  0
LINE
  5
A21
330
6D1
100
AcDbEntity
  8
_TCH_MASK
  6
Continuous
 62
     7
100
AcDbLine
 10
3394.477899755758
 20
4263.21312216044
 30
0.0
 11
3394.920240170737
 21
4263.21312216044
 31
0.0
  0
LINE
  5
A22
330
6D1
100
AcDbEntity
  8
_TCH_MASK
  6
Continuous
 62
     7
100
AcDbLine
 10
3392.989824744466
 20
4263.060627209473
 30
0.0
 11
3392.134633234543
 21
4263.060627209473
 31
0.0
  0
LINE
  5
A23
330
6D1
100
AcDbEntity
  8
_TCH_MASK
  6
Continuous
 62
     7
100
AcDbLine
 10
3394.153516731938
 20
4262.982122050905
 30
0.0
 11
3394.006069941462
 21
4262.982122050905
 31
0.0
  0
LINE
  5
A24
330
6D1
100
AcDbEntity
  8
_TCH_MASK
  6
Continuous
 62
     7
100
AcDbLine
 10
3399.303997972916
 20
4262.940436960395
 30
0.0
 11
3398.913053285156
 21
4262.940436960395
 31
0.0
  0
LINE
  5
A25
330
6D1
100
AcDbEntity
  8
_TCH_MASK
  6
Continuous
 62
     7
100
AcDbLine
 10
3398.766449048038
 20
4262.940436960395
 30
0.0
 11
3398.448806462984
 21
4262.940436960395
 31
0.0
  0
LINE
  5
A26
330
6D1
100
AcDbEntity
  8
_TCH_MASK
  6
Continuous
 62
     7
100
AcDbLine
 10
3391.98802899741
 20
4262.917077209499
 30
0.0
 11
3393.13642899743
 21
4262.917077209499
 31
0.0
  0
LINE
  5
A27
330
6D1
100
AcDbEntity
  8
_TCH_MASK
  6
Continuous
 62
     7
100
AcDbLine
 10
3398.302202225867
 20
4262.79688696042
 30
0.0
 11
3399.450602225851
 21
4262.79688696042
 31
0.0
  0
LINE
  5
A28
330
6D1
100
AcDbEntity
  8
_TCH_MASK
  6
Continuous
 62
     7
100
AcDbLine
 10
3399.059657557897
 20
4262.60548687062
 30
0.0
 11
3398.693146929466
 21
4262.60548687062
 31
0.0
  0
LINE
  5
A29
330
6D1
100
AcDbEntity
  8
_TCH_MASK
  6
Continuous
 62
     7
100
AcDbLine
 10
3395.392069941453
 20
4262.520122160441
 30
0.0
 11
3394.153516731938
 21
4262.520122160441
 31
0.0
  0
LINE
  5
A2A
330
6D1
100
AcDbEntity
  8
_TCH_MASK
  6
Continuous
 62
     7
100
AcDbLine
 10
3398.693146929466
 20
4262.461936870646
 30
0.0
 11
3399.059657557897
 21
4262.461936870646
 31
0.0
  0
LINE
  5
A2B
330
6D1
100
AcDbEntity
  8
_TCH_MASK
  6
Continuous
 62
     7
100
AcDbLine
 10
3394.153516731938
 20
4262.34687216042
 30
0.0
 11
3395.392069941453
 21
4262.34687216042
 31
0.0
  0
LINE
  5
A2C
330
6D1
100
AcDbEntity
  8
_TCH_MASK
  6
Continuous
 62
     7
100
AcDbLine
 10
3394.006069941462
 20
4261.884872103713
 30
0.0
 11
3394.153516731938
 21
4261.884872103713
 31
0.0
  0
LINE
  5
A2D
330
6D1
100
AcDbEntity
  8
_TCH_MASK
  6
Continuous
 62
     7
100
AcDbLine
 10
3396.401869941445
 20
4261.797520356561
 30
0.0
 11
3396.500869941468
 21
4261.797520356561
 31
0.0
  0
LINE
  5
A2E
330
6D1
100
AcDbEntity
  8
_TCH_MASK
  6
Continuous
 62
     7
100
AcDbLine
 10
3396.896869941469
 20
4261.797520356561
 30
0.0
 11
3396.995869941456
 21
4261.797520356561
 31
0.0
  0
LINE
  5
A2F
330
6D1
100
AcDbEntity
  8
_TCH_MASK
  6
Continuous
 62
     7
100
AcDbLine
 10
3399.303997972916
 20
4261.792036960375
 30
0.0
 11
3398.448806462984
 21
4261.792036960375
 31
0.0
  0
LINE
  5
A30
330
6D1
100
AcDbEntity
  8
_TCH_MASK
  6
Continuous
 62
     7
100
AcDbLine
 10
3395.067686961223
 20
4261.6538720773
 30
0.0
 11
3394.920240170737
 21
4261.6538720773
 31
0.0
  0
LINE
  5
A31
330
6D1
100
AcDbEntity
  8
_TCH_MASK
  6
Continuous
 62
     7
100
AcDbLine
 10
3398.302202225867
 20
4261.648486821804
 30
0.0
 11
3399.450602225851
 21
4261.648486821804
 31
0.0
  0
LINE
  5
A32
330
6D1
100
AcDbEntity
  8
_TCH_MASK
  6
Continuous
 62
     7
100
AcDbLine
 10
3392.110199195013
 20
4261.577276842509
 30
0.0
 11
3391.98802899741
 21
4261.577276842509
 31
0.0
  0
LINE
  5
A33
330
6D1
100
AcDbEntity
  8
_TCH_MASK
  6
Continuous
 62
     7
100
AcDbLine
 10
3394.949729530433
 20
4261.480622077288
 30
0.0
 11
3395.038197601564
 21
4261.480622077288
 31
0.0
  0
LINE
  5
A34
330
6D1
100
AcDbEntity
  8
_TCH_MASK
  6
Continuous
 62
     7
100
AcDbLine
 10
3399.450602225851
 20
4261.457086870612
 30
0.0
 11
3398.302202225867
 21
4261.457086870612
 31
0.0
  0
LINE
  5
A35
330
6D1
100
AcDbEntity
  8
_TCH_MASK
  6
Continuous
 62
     7
100
AcDbLine
 10
3396.500869941468
 20
4261.401520356548
 30
0.0
 11
3396.896869941469
 21
4261.401520356548
 31
0.0
  0
LINE
  5
A36
330
6D1
100
AcDbEntity
  8
_TCH_MASK
  6
Continuous
 62
     7
100
AcDbLine
 10
3398.302202225867
 20
4261.313536870636
 30
0.0
 11
3399.279563933394
 21
4261.313536870636
 31
0.0
  0
LINE
  5
A37
330
6D1
100
AcDbEntity
  8
_TCH_MASK
  6
Continuous
 62
     7
100
AcDbLine
 10
3393.13642899743
 20
4261.194477209513
 30
0.0
 11
3392.110199195013
 21
4261.194477209513
 31
0.0
  0
LINE
  5
A38
330
6D1
100
AcDbEntity
  8
_TCH_MASK
  6
Continuous
 62
     7
100
AcDbLine
 10
3392.110199195013
 20
4261.050927209462
 30
0.0
 11
3393.13642899743
 21
4261.050927209462
 31
0.0
  0
LINE
  5
A39
330
6D1
100
AcDbEntity
  8
_TCH_MASK
  6
Continuous
 62
     7
100
AcDbLine
 10
3394.418921040327
 20
4260.845372103683
 30
0.0
 11
3394.359942324932
 21
4260.845372103683
 31
0.0
  0
LINE
  5
A3A
330
6D1
100
AcDbEntity
  8
_TCH_MASK
  6
Continuous
 62
     7
100
AcDbLine
 10
3394.330452882118
 20
4260.67212210366
 30
0.0
 11
3394.448410400022
 21
4260.67212210366
 31
0.0
  0
LINE
  5
A3B
330
6D1
100
AcDbEntity
  8
_TCH_MASK
  6
Continuous
 62
     7
100
AcDbLine
 10
3391.98802899741
 20
4260.668127025986
 30
0.0
 11
3392.110199195013
 21
4260.668127025986
 31
0.0
  0
LINE
  5
A3C
330
6D1
100
AcDbEntity
  8
_TCH_MASK
  6
Continuous
 62
     7
100
AcDbLine
 10
3399.450602225851
 20
4260.64363682177
 30
0.0
 11
3398.448806462984
 21
4260.64363682177
 31
0.0
  0
LINE
  5
A3D
330
6D1
100
AcDbEntity
  8
_TCH_MASK
  6
Continuous
 62
     7
100
AcDbLine
 10
3396.36226994147
 20
4260.5699203566
 30
0.0
 11
3396.500869941468
 21
4260.5699203566
 31
0.0
  0
LINE
  5
A3E
330
6D1
100
AcDbEntity
  8
_TCH_MASK
  6
Continuous
 62
     7
100
AcDbLine
 10
3396.896869941469
 20
4260.5699203566
 30
0.0
 11
3397.03546994146
 21
4260.5699203566
 31
0.0
  0
LINE
  5
A3F
330
6D1
100
AcDbEntity
  8
_TCH_MASK
  6
Continuous
 62
     7
100
AcDbLine
 10
3398.302202225867
 20
4260.500086893106
 30
0.0
 11
3399.450602225851
 21
4260.500086893106
 31
0.0
  0
LINE
  5
A40
330
6D1
100
AcDbEntity
  8
_TCH_MASK
  6
Continuous
 62
     7
100
AcDbLine
 10
3392.745484329447
 20
4260.476727209484
 30
0.0
 11
3392.378973701016
 21
4260.476727209484
 31
0.0
  0
LINE
  5
A41
330
6D1
100
AcDbEntity
  8
_TCH_MASK
  6
Continuous
 62
     7
100
AcDbLine
 10
3392.378973701016
 20
4260.333177209509
 30
0.0
 11
3392.745484329447
 21
4260.333177209509
 31
0.0
  0
LINE
  5
A42
330
6D1
100
AcDbEntity
  8
_TCH_MASK
  6
Continuous
 62
     7
100
AcDbLine
 10
3399.059657557897
 20
4260.308686870657
 30
0.0
 11
3398.302202225867
 21
4260.308686870657
 31
0.0
  0
LINE
  5
A43
330
6D1
100
AcDbEntity
  8
_TCH_MASK
  6
Continuous
 62
     7
100
AcDbLine
 10
3394.916869941459
 20
4260.189497103646
 30
0.0
 11
3394.520869941458
 21
4260.189497103646
 31
0.0
  0
LINE
  5
A44
330
6D1
100
AcDbEntity
  8
_TCH_MASK
  6
Continuous
 62
     7
100
AcDbLine
 10
3398.302202225867
 20
4260.165136870616
 30
0.0
 11
3399.059657557897
 21
4260.165136870616
 31
0.0
  0
LINE
  5
A45
330
6D1
100
AcDbEntity
  8
_TCH_MASK
  6
Continuous
 62
     7
100
AcDbLine
 10
3401.510267783262
 20
4259.993056159608
 30
0.0
 11
3400.074224273252
 21
4259.993056159608
 31
0.0
  0
LINE
  5
A46
330
6D1
100
AcDbEntity
  8
_TCH_MASK
  6
Continuous
 62
     7
100
AcDbLine
 10
3391.343515613597
 20
4259.993056159608
 30
0.0
 11
3389.907472099672
 21
4259.993056159608
 31
0.0
  0
LINE
  5
A47
330
6D1
100
AcDbEntity
  8
_TCH_MASK
  6
Continuous
 62
     7
100
AcDbLine
 10
3403.231225753422
 20
4259.681245137945
 30
0.0
 11
3402.178948682748
 21
4259.681245137945
 31
0.0
  0
LINE
  5
A48
330
6D1
100
AcDbEntity
  8
_TCH_MASK
  6
Continuous
 62
     7
100
AcDbLine
 10
3389.238791204145
 20
4259.681245137945
 30
0.0
 11
3388.186514133471
 21
4259.681245137945
 31
0.0
  0
LINE
  5
A49
330
6D1
100
AcDbEntity
  8
_TCH_MASK
  6
Continuous
 62
     7
100
AcDbLine
 10
3392.745484329447
 20
4259.663277026019
 30
0.0
 11
3392.378973701016
 21
4259.663277026019
 31
0.0
  0
LINE
  5
A4A
330
6D1
100
AcDbEntity
  8
_TCH_MASK
  6
Continuous
 62
     7
100
AcDbLine
 10
3399.059657557897
 20
4259.590936870639
 30
0.0
 11
3398.302202225867
 21
4259.590936870639
 31
0.0
  0
LINE
  5
A4B
330
6D1
100
AcDbEntity
  8
_TCH_MASK
  6
Continuous
 62
     7
100
AcDbLine
 10
3392.378973701016
 20
4259.519727025968
 30
0.0
 11
3392.745484329447
 21
4259.519727025968
 31
0.0
  0
LINE
  5
A4C
330
6D1
100
AcDbEntity
  8
_TCH_MASK
  6
Continuous
 62
     7
100
AcDbLine
 10
3398.302202225867
 20
4259.447386870664
 30
0.0
 11
3399.059657557897
 21
4259.447386870664
 31
0.0
  0
LINE
  5
A4D
330
6D1
100
AcDbEntity
  8
_TCH_MASK
  6
Continuous
 62
     7
100
AcDbLine
 10
3393.13642899743
 20
4259.328326936254
 30
0.0
 11
3391.98802899741
 21
4259.328326936254
 31
0.0
  0
LINE
  5
A4E
330
6D1
100
AcDbEntity
  8
_TCH_MASK
  6
Continuous
 62
     7
100
AcDbLine
 10
3391.98802899741
 20
4259.184776936204
 30
0.0
 11
3392.965390704944
 21
4259.184776936204
 31
0.0
  0
LINE
  5
A4F
330
6D1
100
AcDbEntity
  8
_TCH_MASK
  6
Continuous
 62
     7
100
AcDbLine
 10
3395.061049355733
 20
4258.605497103682
 30
0.0
 11
3394.916869941459
 21
4258.605497103682
 31
0.0
  0
LINE
  5
A50
330
6D1
100
AcDbEntity
  8
_TCH_MASK
  6
Continuous
 62
     7
100
AcDbLine
 10
3394.520869941458
 20
4258.605497103682
 30
0.0
 11
3394.37669053115
 21
4258.605497103682
 31
0.0
  0
LINE
  5
A51
330
6D1
100
AcDbEntity
  8
_TCH_MASK
  6
Continuous
 62
     7
100
AcDbLine
 10
3393.13642899743
 20
4258.514877025999
 30
0.0
 11
3392.134633234543
 21
4258.514877025999
 31
0.0
  0
LINE
  5
A52
330
6D1
100
AcDbEntity
  8
_TCH_MASK
  6
Continuous
 62
     7
100
AcDbLine
 10
3396.698869941465
 20
4258.503586460109
 30
0.0
 11
3397.094869941481
 21
4258.503586460109
 31
0.0
  0
LINE
  5
A53
330
6D1
100
AcDbEntity
  8
_TCH_MASK
  6
Continuous
 62
     7
100
AcDbLine
 10
3391.98802899741
 20
4258.371327026024
 30
0.0
 11
3393.13642899743
 21
4258.371327026024
 31
0.0
  0
LINE
  5
A54
330
6D1
100
AcDbEntity
  8
_TCH_MASK
  6
Continuous
 62
     7
100
AcDbLine
 10
3399.58840915269
 20
4257.970532693597
 30
0.0
 11
3399.626670423212
 21
4257.970532693597
 31
0.0
  0
LINE
  5
A55
330
6D1
100
AcDbEntity
  8
_TCH_MASK
  6
Continuous
 62
     7
100
AcDbLine
 10
3399.619803022885
 20
4257.868895048487
 30
0.0
 11
3399.581541748406
 21
4257.868895048487
 31
0.0
  0
LINE
  5
A56
330
6D1
100
AcDbEntity
  8
_TCH_MASK
  6
Continuous
 62
     7
100
AcDbLine
 10
3398.801810727338
 20
4257.093943113764
 30
0.0
 11
3398.766492588235
 21
4257.093943113764
 31
0.0
  0
LINE
  5
A57
330
6D1
100
AcDbEntity
  8
_TCH_MASK
  6
Continuous
 62
     7
100
AcDbLine
 10
3392.745484329447
 20
4257.031527070849
 30
0.0
 11
3392.378973701016
 21
4257.031527070849
 31
0.0
  0
LINE
  5
A58
330
6D1
100
AcDbEntity
  8
_TCH_MASK
  6
Continuous
 62
     7
100
AcDbLine
 10
3399.255984584612
 20
4256.963973917994
 30
0.0
 11
3400.288197982656
 21
4256.963973917994
 31
0.0
  0
LINE
  5
A59
330
6D1
100
AcDbEntity
  8
_TCH_MASK
  6
Continuous
 62
     7
100
AcDbLine
 10
3392.378973701016
 20
4256.887977070873
 30
0.0
 11
3392.745484329447
 21
4256.887977070873
 31
0.0
  0
LINE
  5
A5A
330
6D1
100
AcDbEntity
  8
_TCH_MASK
  6
Continuous
 62
     7
100
AcDbLine
 10
3400.288197982656
 20
4256.860752577767
 30
0.0
 11
3399.255984584612
 21
4256.860752577767
 31
0.0
  0
LINE
  5
A5B
330
6D1
100
AcDbEntity
  8
_TCH_MASK
  6
Continuous
 62
     7
100
AcDbLine
 10
3398.801810727338
 20
4256.811005913347
 30
0.0
 11
3398.522601538171
 21
4256.811005913347
 31
0.0
  0
LINE
  5
A5C
330
6D1
100
AcDbEntity
  8
_TCH_MASK
  6
Continuous
 62
     7
100
AcDbLine
 10
3398.603440681181
 20
4256.772744650748
 30
0.0
 11
3398.801810727338
 21
4256.772744650748
 31
0.0
  0
LINE
  5
A5D
330
6D1
100
AcDbEntity
  8
_TCH_MASK
  6
Continuous
 62
     7
100
AcDbLine
 10
3398.573812741285
 20
4256.706425105128
 30
0.0
 11
3398.603440681181
 21
4256.706425105128
 31
0.0
  0
LINE
  5
A5E
330
6D1
100
AcDbEntity
  8
_TCH_MASK
  6
Continuous
 62
     7
100
AcDbLine
 10
3392.745484329447
 20
4256.21807702597
 30
0.0
 11
3392.378973701016
 21
4256.21807702597
 31
0.0
  0
LINE
  5
A5F
330
6D1
100
AcDbEntity
  8
_TCH_MASK
  6
Continuous
 62
     7
100
AcDbLine
 10
3392.378973701016
 20
4256.074527025995
 30
0.0
 11
3392.745484329447
 21
4256.074527025995
 31
0.0
  0
LINE
  5
A60
330
6D1
100
AcDbEntity
  8
_TCH_MASK
  6
Continuous
 62
     7
100
AcDbLine
 10
3399.724633287333
 20
4255.976433719447
 30
0.0
 11
3399.76289456182
 21
4255.976433719447
 31
0.0
  0
LINE
  5
A61
330
6D1
100
AcDbEntity
  8
_TCH_MASK
  6
Continuous
 62
     7
100
AcDbLine
 10
3392.745484329447
 20
4255.883127003545
 30
0.0
 11
3392.378973701016
 21
4255.883127003545
 31
0.0
  0
LINE
  5
A62
330
6D1
100
AcDbEntity
  8
_TCH_MASK
  6
Continuous
 62
     7
100
AcDbLine
 10
3392.378973701016
 20
4255.739577003571
 30
0.0
 11
3392.745484329447
 21
4255.739577003571
 31
0.0
  0
LINE
  5
A63
330
6D1
100
AcDbEntity
  8
_TCH_MASK
  6
Continuous
 62
     7
100
AcDbLine
 10
3392.989824744466
 20
4255.069677026017
 30
0.0
 11
3392.134633234543
 21
4255.069677026017
 31
0.0
  0
LINE
  5
A64
330
6D1
100
AcDbEntity
  8
_TCH_MASK
  6
Continuous
 62
     7
100
AcDbLine
 10
3391.98802899741
 20
4254.926127025973
 30
0.0
 11
3393.13642899743
 21
4254.926127025973
 31
0.0
  0
LINE
  5
A65
330
6D1
100
AcDbEntity
  8
_TCH_MASK
  6
Continuous
 62
     7
100
AcDbLine
 10
3388.186433377188
 20
4254.536363245879
 30
0.0
 11
3403.231306509697
 21
4254.536363245879
 31
0.0
  0
LINE
  5
A66
330
6D1
100
AcDbEntity
  8
_TCH_MASK
  6
Continuous
 62
     7
100
AcDbLine
 10
3394.006069941462
 20
4266.100622217176
 30
0.0
 11
3395.097176320916
 21
4266.071746994109
 31
0.0
  0
LINE
  5
A67
330
6D1
100
AcDbEntity
  8
_TCH_MASK
  6
Continuous
 62
     7
100
AcDbLine
 10
3398.693146929466
 20
4267.151237050134
 30
0.0
 11
3398.570976660587
 21
4267.175161687126
 31
0.0
  0
LINE
  5
A68
330
6D1
100
AcDbEntity
  8
_TCH_MASK
  6
Continuous
 62
     7
100
AcDbLine
 10
3392.745484329447
 20
4267.558527026021
 30
0.0
 11
3392.86765452705
 21
4267.534602392999
 31
0.0
  0
LINE
  5
A69
330
6D1
100
AcDbEntity
  8
_TCH_MASK
  6
Continuous
 62
     7
100
AcDbLine
 10
3392.378973701016
 20
4266.601527392981
 30
0.0
 11
3392.256803432145
 21
4266.625452026
 31
0.0
  0
LINE
  5
A6A
330
6D1
100
AcDbEntity
  8
_TCH_MASK
  6
Continuous
 62
     7
100
AcDbLine
 10
3392.843220487528
 20
4266.410127026012
 30
0.0
 11
3392.965390704944
 21
4266.386202392981
 31
0.0
  0
LINE
  5
A6B
330
6D1
100
AcDbEntity
  8
_TCH_MASK
  6
Continuous
 62
     7
100
AcDbLine
 10
3392.378973701016
 20
4265.477052025993
 30
0.0
 11
3392.256803432145
 21
4265.500976662974
 31
0.0
  0
LINE
  5
A6C
330
6D1
100
AcDbEntity
  8
_TCH_MASK
  6
Continuous
 62
     7
100
AcDbLine
 10
3394.920240170737
 20
4264.368122217221
 30
0.0
 11
3395.067686961223
 21
4264.339246994153
 31
0.0
  0
LINE
  5
A6D
330
6D1
100
AcDbEntity
  8
_TCH_MASK
  6
Continuous
 62
     7
100
AcDbLine
 10
3392.745484329447
 20
4263.87407684255
 30
0.0
 11
3392.86765452705
 21
4263.850152209442
 31
0.0
  0
LINE
  5
A6E
330
6D1
100
AcDbEntity
  8
_TCH_MASK
  6
Continuous
 62
     7
100
AcDbLine
 10
3399.059657557897
 20
4262.60548687062
 30
0.0
 11
3399.1818277555
 21
4262.581561960419
 31
0.0
  0
LINE
  5
A6F
330
6D1
100
AcDbEntity
  8
_TCH_MASK
  6
Continuous
 62
     7
100
AcDbLine
 10
3394.477899755758
 20
4263.21312216044
 30
0.0
 11
3394.330452882118
 21
4263.241997050861
 31
0.0
  0
LINE
  5
A70
330
6D1
100
AcDbEntity
  8
_TCH_MASK
  6
Continuous
 62
     7
100
AcDbLine
 10
3399.059657557897
 20
4260.308686870657
 30
0.0
 11
3399.1818277555
 21
4260.284761893106
 31
0.0
  0
LINE
  5
A71
330
6D1
100
AcDbEntity
  8
_TCH_MASK
  6
Continuous
 62
     7
100
AcDbLine
 10
3392.745484329447
 20
4260.476727209484
 30
0.0
 11
3392.86765452705
 21
4260.452802025985
 31
0.0
  0
LINE
  5
A72
330
6D1
100
AcDbEntity
  8
_TCH_MASK
  6
Continuous
 62
     7
100
AcDbLine
 10
3392.378973701016
 20
4259.519727025968
 30
0.0
 11
3392.256803432145
 21
4259.543652209464
 31
0.0
  0
LINE
  5
A73
330
6D1
100
AcDbEntity
  8
_TCH_MASK
  6
Continuous
 62
     7
100
AcDbLine
 10
3392.745484329447
 20
4257.031527070849
 30
0.0
 11
3392.86765452705
 21
4257.007602026013
 31
0.0
  0
LINE
  5
A74
330
6D1
100
AcDbEntity
  8
_TCH_MASK
  6
Continuous
 62
     7
100
AcDbLine
 10
3392.378973701016
 20
4256.074527025995
 30
0.0
 11
3392.256803432145
 21
4256.098452070896
 31
0.0
  0
LINE
  5
A75
330
6D1
100
AcDbEntity
  8
_TCH_MASK
  6
Continuous
 62
     7
100
AcDbLine
 10
3392.745484329447
 20
4255.883127003545
 30
0.0
 11
3392.86765452705
 21
4255.859202025994
 31
0.0
  0
LINE
  5
A76
330
6D1
100
AcDbEntity
  8
_TCH_MASK
  6
Continuous
 62
     7
100
AcDbLine
 10
3392.843220487528
 20
4267.391052392949
 30
0.0
 11
3392.745484329447
 21
4267.414977025979
 31
0.0
  0
LINE
  5
A77
330
6D1
100
AcDbEntity
  8
_TCH_MASK
  6
Continuous
 62
     7
100
AcDbLine
 10
3392.281237542935
 20
4266.769002025976
 30
0.0
 11
3392.378973701016
 21
4266.745077392957
 31
0.0
  0
LINE
  5
A78
330
6D1
100
AcDbEntity
  8
_TCH_MASK
  6
Continuous
 62
     7
100
AcDbLine
 10
3392.281237542935
 20
4265.644526663026
 30
0.0
 11
3392.378973701016
 21
4265.620602026032
 31
0.0
  0
LINE
  5
A79
330
6D1
100
AcDbEntity
  8
_TCH_MASK
  6
Continuous
 62
     7
100
AcDbLine
 10
3395.038197601564
 20
4264.165996994143
 30
0.0
 11
3394.920240170737
 21
4264.194872217199
 31
0.0
  0
LINE
  5
A7A
330
6D1
100
AcDbEntity
  8
_TCH_MASK
  6
Continuous
 62
     7
100
AcDbLine
 10
3392.256803432145
 20
4264.472202026013
 30
0.0
 11
3392.159067274057
 21
4264.496126663006
 31
0.0
  0
LINE
  5
A7B
330
6D1
100
AcDbEntity
  8
_TCH_MASK
  6
Continuous
 62
     7
100
AcDbLine
 10
3399.157393715985
 20
4262.438011960369
 30
0.0
 11
3399.059657557897
 21
4262.461936870646
 31
0.0
  0
LINE
  5
A7C
330
6D1
100
AcDbEntity
  8
_TCH_MASK
  6
Continuous
 62
     7
100
AcDbLine
 10
3394.359942324932
 20
4263.415247217198
 30
0.0
 11
3394.477899755758
 21
4263.386371994133
 31
0.0
  0
LINE
  5
A7D
330
6D1
100
AcDbEntity
  8
_TCH_MASK
  6
Continuous
 62
     7
100
AcDbLine
 10
3392.843220487528
 20
4263.706602209467
 30
0.0
 11
3392.745484329447
 21
4263.730526842498
 31
0.0
  0
LINE
  5
A7E
330
6D1
100
AcDbEntity
  8
_TCH_MASK
  6
Continuous
 62
     7
100
AcDbLine
 10
3399.157393715985
 20
4260.141211893054
 30
0.0
 11
3399.059657557897
 21
4260.165136870616
 31
0.0
  0
LINE
  5
A7F
330
6D1
100
AcDbEntity
  8
_TCH_MASK
  6
Continuous
 62
     7
100
AcDbLine
 10
3394.330452882118
 20
4260.67212210366
 30
0.0
 11
3394.212495451299
 21
4260.700997108973
 31
0.0
  0
LINE
  5
A80
330
6D1
100
AcDbEntity
  8
_TCH_MASK
  6
Continuous
 62
     7
100
AcDbLine
 10
3392.843220487528
 20
4260.309252026011
 30
0.0
 11
3392.745484329447
 21
4260.333177209509
 31
0.0
  0
LINE
  5
A81
330
6D1
100
AcDbEntity
  8
_TCH_MASK
  6
Continuous
 62
     7
100
AcDbLine
 10
3392.281237542935
 20
4259.687202209518
 30
0.0
 11
3392.378973701016
 21
4259.663277026019
 31
0.0
  0
LINE
  5
A82
330
6D1
100
AcDbEntity
  8
_TCH_MASK
  6
Continuous
 62
     7
100
AcDbLine
 10
3392.843220487528
 20
4256.864052026037
 30
0.0
 11
3392.745484329447
 21
4256.887977070873
 31
0.0
  0
LINE
  5
A83
330
6D1
100
AcDbEntity
  8
_TCH_MASK
  6
Continuous
 62
     7
100
AcDbLine
 10
3392.281237542935
 20
4256.242002070871
 30
0.0
 11
3392.378973701016
 21
4256.21807702597
 31
0.0
  0
LINE
  5
A84
330
6D1
100
AcDbEntity
  8
_TCH_MASK
  6
Continuous
 62
     7
100
AcDbLine
 10
3392.843220487528
 20
4255.715652026018
 30
0.0
 11
3392.745484329447
 21
4255.739577003571
 31
0.0
  0
LINE
  5
A85
330
6D1
100
AcDbEntity
  8
_TCH_MASK
  6
Continuous
 62
     7
100
AcDbLine
 10
3392.207935353101
 20
4264.639676662981
 30
0.0
 11
3392.281237542935
 21
4264.615752025988
 31
0.0
  0
LINE
  5
A86
330
6D1
100
AcDbEntity
  8
_TCH_MASK
  6
Continuous
 62
     7
100
AcDbLine
 10
3394.271474166686
 20
4260.874247097109
 30
0.0
 11
3394.359942324932
 21
4260.845372103683
 31
0.0
  0
LINE
  5
A87
330
6D1
100
AcDbEntity
  8
_TCH_MASK
  6
Continuous
 62
     7
100
AcDbLine
 10
3392.86765452705
 20
4257.007602026013
 30
0.0
 11
3392.965390704944
 21
4256.95975207089
 31
0.0
  0
LINE
  5
A88
330
6D1
100
AcDbEntity
  8
_TCH_MASK
  6
Continuous
 62
     7
100
AcDbLine
 10
3392.86765452705
 20
4255.859202025994
 30
0.0
 11
3392.965390704944
 21
4255.811352003529
 31
0.0
  0
LINE
  5
A89
330
6D1
100
AcDbEntity
  8
_TCH_MASK
  6
Continuous
 62
     7
100
AcDbLine
 10
3392.256803432145
 20
4256.098452070896
 30
0.0
 11
3392.159067274057
 21
4256.146302026009
 31
0.0
  0
LINE
  5
A8A
330
6D1
100
AcDbEntity
  8
_TCH_MASK
  6
Continuous
 62
     7
100
AcDbLine
 10
3392.159067274057
 20
4255.811352003529
 30
0.0
 11
3392.256803432145
 21
4255.859202025994
 31
0.0
  0
LINE
  5
A8B
330
6D1
100
AcDbEntity
  8
_TCH_MASK
  6
Continuous
 62
     7
100
AcDbLine
 10
3392.965390704944
 20
4256.146302026009
 30
0.0
 11
3392.86765452705
 21
4256.098452070896
 31
0.0
  0
LINE
  5
A8C
330
6D1
100
AcDbEntity
  8
_TCH_MASK
  6
Continuous
 62
     7
100
AcDbLine
 10
3400.235899042789
 20
4257.846280074555
 30
0.0
 11
3400.097279571479
 21
4257.781989720101
 31
0.0
  0
LINE
  5
A8D
330
6D1
100
AcDbEntity
  8
_TCH_MASK
  6
Continuous
 62
     7
100
AcDbLine
 10
3400.068073696297
 20
4257.803609553922
 30
0.0
 11
3400.262878122827
 21
4257.893009211049
 31
0.0
  0
LINE
  5
A8E
330
6D1
100
AcDbEntity
  8
_TCH_MASK
  6
Continuous
 62
     7
100
AcDbLine
 10
3400.48797284277
 20
4257.477727507784
 30
0.0
 11
3400.633011711681
 21
4257.534957562399
 31
0.0
  0
LINE
  5
A8F
330
6D1
100
AcDbEntity
  8
_TCH_MASK
  6
Continuous
 62
     7
100
AcDbLine
 10
3400.61616012179
 20
4257.49350909773
 30
0.0
 11
3400.542009830612
 21
4257.46497203493
 31
0.0
  0
LINE
  5
A90
330
6D1
100
AcDbEntity
  8
_TCH_MASK
  6
Continuous
 62
     7
100
AcDbLine
 10
3396.896869941469
 20
4259.817520356585
 30
0.0
 11
3397.094869941481
 21
4259.889586460097
 31
0.0
  0
LINE
  5
A91
330
6D1
100
AcDbEntity
  8
_TCH_MASK
  6
Continuous
 62
     7
100
AcDbLine
 10
3396.732485906243
 20
4259.466221672098
 30
0.0
 11
3396.500869941468
 21
4259.381920356566
 31
0.0
  0
LINE
  5
A92
330
6D1
100
AcDbEntity
  8
_TCH_MASK
  6
Continuous
 62
     7
100
AcDbLine
 10
3398.497674542028
 20
4264.71088705013
 30
0.0
 11
3398.570976660587
 21
4264.734811687188
 31
0.0
  0
LINE
  5
A93
330
6D1
100
AcDbEntity
  8
_TCH_MASK
  6
Continuous
 62
     7
100
AcDbLine
 10
3398.570976660587
 20
4264.591261687136
 30
0.0
 11
3398.497674542028
 21
4264.567337050155
 31
0.0
  0
LINE
  5
A94
330
6D1
100
AcDbEntity
  8
_TCH_MASK
  6
Continuous
 62
     7
100
AcDbLine
 10
3394.241984807028
 20
4261.538372103682
 30
0.0
 11
3394.330452882118
 21
4261.567247077287
 31
0.0
  0
LINE
  5
A95
330
6D1
100
AcDbEntity
  8
_TCH_MASK
  6
Continuous
 62
     7
100
AcDbLine
 10
3394.418921040327
 20
4260.845372103683
 30
0.0
 11
3394.507389115418
 21
4260.874247097109
 31
0.0
  0
LINE
  5
A96
330
6D1
100
AcDbEntity
  8
_TCH_MASK
  6
Continuous
 62
     7
100
AcDbLine
 10
3395.008708245828
 20
4260.758747103672
 30
0.0
 11
3395.097176320916
 21
4260.787622097097
 31
0.0
  0
LINE
  5
A97
330
6D1
100
AcDbEntity
  8
_TCH_MASK
  6
Continuous
 62
     7
100
AcDbLine
 10
3398.693146929466
 20
4267.964686687171
 30
0.0
 11
3398.595410771385
 21
4267.940762050177
 31
0.0
  0
LINE
  5
A98
330
6D1
100
AcDbEntity
  8
_TCH_MASK
  6
Continuous
 62
     7
100
AcDbLine
 10
3399.059657557897
 20
4267.294787050185
 30
0.0
 11
3399.157393715985
 21
4267.318711687178
 31
0.0
  0
LINE
  5
A99
330
6D1
100
AcDbEntity
  8
_TCH_MASK
  6
Continuous
 62
     7
100
AcDbLine
 10
3392.745484329447
 20
4265.620602026032
 30
0.0
 11
3392.843220487528
 21
4265.644526663026
 31
0.0
  0
LINE
  5
A9A
330
6D1
100
AcDbEntity
  8
_TCH_MASK
  6
Continuous
 62
     7
100
AcDbLine
 10
3392.452275819582
 20
4264.496126663006
 30
0.0
 11
3392.354539661493
 21
4264.472202026013
 31
0.0
  0
LINE
  5
A9B
330
6D1
100
AcDbEntity
  8
_TCH_MASK
  6
Continuous
 62
     7
100
AcDbLine
 10
3392.916522606088
 20
4264.424351662979
 30
0.0
 11
3392.818786448014
 21
4264.400427025997
 31
0.0
  0
LINE
  5
A9C
330
6D1
100
AcDbEntity
  8
_TCH_MASK
  6
Continuous
 62
     7
100
AcDbLine
 10
3392.378973701016
 20
4263.730526842498
 30
0.0
 11
3392.281237542935
 21
4263.706602209467
 31
0.0
  0
LINE
  5
A9D
330
6D1
100
AcDbEntity
  8
_TCH_MASK
  6
Continuous
 62
     7
100
AcDbLine
 10
3394.477899755758
 20
4264.194872217199
 30
0.0
 11
3394.359942324932
 21
4264.165996994143
 31
0.0
  0
LINE
  5
A9E
330
6D1
100
AcDbEntity
  8
_TCH_MASK
  6
Continuous
 62
     7
100
AcDbLine
 10
3394.920240170737
 20
4263.386371994133
 30
0.0
 11
3395.038197601564
 21
4263.415247217198
 31
0.0
  0
LINE
  5
A9F
330
6D1
100
AcDbEntity
  8
_TCH_MASK
  6
Continuous
 62
     7
100
AcDbLine
 10
3398.693146929466
 20
4262.461936870646
 30
0.0
 11
3398.595410771385
 21
4262.438011960369
 31
0.0
  0
LINE
  5
AA0
330
6D1
100
AcDbEntity
  8
_TCH_MASK
  6
Continuous
 62
     7
100
AcDbLine
 10
3392.378973701016
 20
4260.333177209509
 30
0.0
 11
3392.281237542935
 21
4260.309252026011
 31
0.0
  0
LINE
  5
AA1
330
6D1
100
AcDbEntity
  8
_TCH_MASK
  6
Continuous
 62
     7
100
AcDbLine
 10
3394.566367830805
 20
4260.700997108973
 30
0.0
 11
3394.448410400022
 21
4260.67212210366
 31
0.0
  0
LINE
  5
AA2
330
6D1
100
AcDbEntity
  8
_TCH_MASK
  6
Continuous
 62
     7
100
AcDbLine
 10
3395.12666567661
 20
4260.614372105
 30
0.0
 11
3395.008708245828
 21
4260.58549710365
 31
0.0
  0
LINE
  5
AA3
330
6D1
100
AcDbEntity
  8
_TCH_MASK
  6
Continuous
 62
     7
100
AcDbLine
 10
3392.745484329447
 20
4259.663277026019
 30
0.0
 11
3392.843220487528
 21
4259.687202209518
 31
0.0
  0
LINE
  5
AA4
330
6D1
100
AcDbEntity
  8
_TCH_MASK
  6
Continuous
 62
     7
100
AcDbLine
 10
3399.059657557897
 20
4259.590936870639
 30
0.0
 11
3399.157393715985
 21
4259.614861864048
 31
0.0
  0
LINE
  5
AA5
330
6D1
100
AcDbEntity
  8
_TCH_MASK
  6
Continuous
 62
     7
100
AcDbLine
 10
3392.378973701016
 20
4256.887977070873
 30
0.0
 11
3392.281237542935
 21
4256.864052026037
 31
0.0
  0
LINE
  5
AA6
330
6D1
100
AcDbEntity
  8
_TCH_MASK
  6
Continuous
 62
     7
100
AcDbLine
 10
3392.745484329447
 20
4256.21807702597
 30
0.0
 11
3392.843220487528
 21
4256.242002070871
 31
0.0
  0
LINE
  5
AA7
330
6D1
100
AcDbEntity
  8
_TCH_MASK
  6
Continuous
 62
     7
100
AcDbLine
 10
3392.378973701016
 20
4255.739577003571
 30
0.0
 11
3392.281237542935
 21
4255.715652026018
 31
0.0
  0
LINE
  5
AA8
330
6D1
100
AcDbEntity
  8
_TCH_MASK
  6
Continuous
 62
     7
100
AcDbLine
 10
3392.256803432145
 20
4267.534602392999
 30
0.0
 11
3392.378973701016
 21
4267.558527026021
 31
0.0
  0
LINE
  5
AA9
330
6D1
100
AcDbEntity
  8
_TCH_MASK
  6
Continuous
 62
     7
100
AcDbLine
 10
3398.570976660587
 20
4268.084312050153
 30
0.0
 11
3398.693146929466
 21
4268.108236687146
 31
0.0
  0
LINE
  5
AAA
330
6D1
100
AcDbEntity
  8
_TCH_MASK
  6
Continuous
 62
     7
100
AcDbLine
 10
3392.86765452705
 20
4266.625452026
 30
0.0
 11
3392.745484329447
 21
4266.601527392981
 31
0.0
  0
LINE
  5
AAB
330
6D1
100
AcDbEntity
  8
_TCH_MASK
  6
Continuous
 62
     7
100
AcDbLine
 10
3392.159067274057
 20
4266.386202392981
 30
0.0
 11
3392.281237542935
 21
4266.410127026012
 31
0.0
  0
LINE
  5
AAC
330
6D1
100
AcDbEntity
  8
_TCH_MASK
  6
Continuous
 62
     7
100
AcDbLine
 10
3399.1818277555
 20
4267.175161687126
 30
0.0
 11
3399.059657557897
 21
4267.151237050134
 31
0.0
  0
LINE
  5
AAD
330
6D1
100
AcDbEntity
  8
_TCH_MASK
  6
Continuous
 62
     7
100
AcDbLine
 10
3392.86765452705
 20
4265.500976662974
 30
0.0
 11
3392.745484329447
 21
4265.477052025993
 31
0.0
  0
LINE
  5
AAE
330
6D1
100
AcDbEntity
  8
_TCH_MASK
  6
Continuous
 62
     7
100
AcDbLine
 10
3394.330452882118
 20
4264.339246994153
 30
0.0
 11
3394.477899755758
 21
4264.368122217221
 31
0.0
  0
LINE
  5
AAF
330
6D1
100
AcDbEntity
  8
_TCH_MASK
  6
Continuous
 62
     7
100
AcDbLine
 10
3392.256803432145
 20
4263.850152209442
 30
0.0
 11
3392.378973701016
 21
4263.87407684255
 31
0.0
  0
LINE
  5
AB0
330
6D1
100
AcDbEntity
  8
_TCH_MASK
  6
Continuous
 62
     7
100
AcDbLine
 10
3395.067686961223
 20
4263.241997050861
 30
0.0
 11
3394.920240170737
 21
4263.21312216044
 31
0.0
  0
LINE
  5
AB1
330
6D1
100
AcDbEntity
  8
_TCH_MASK
  6
Continuous
 62
     7
100
AcDbLine
 10
3398.570976660587
 20
4262.581561960419
 30
0.0
 11
3398.693146929466
 21
4262.60548687062
 31
0.0
  0
LINE
  5
AB2
330
6D1
100
AcDbEntity
  8
_TCH_MASK
  6
Continuous
 62
     7
100
AcDbLine
 10
3392.256803432145
 20
4260.452802025985
 30
0.0
 11
3392.378973701016
 21
4260.476727209484
 31
0.0
  0
LINE
  5
AB3
330
6D1
100
AcDbEntity
  8
_TCH_MASK
  6
Continuous
 62
     7
100
AcDbLine
 10
3392.86765452705
 20
4259.543652209464
 30
0.0
 11
3392.745484329447
 21
4259.519727025968
 31
0.0
  0
LINE
  5
AB4
330
6D1
100
AcDbEntity
  8
_TCH_MASK
  6
Continuous
 62
     7
100
AcDbLine
 10
3399.1818277555
 20
4259.471311868034
 30
0.0
 11
3399.059657557897
 21
4259.447386870664
 31
0.0
  0
LINE
  5
AB5
330
6D1
100
AcDbEntity
  8
_TCH_MASK
  6
Continuous
 62
     7
100
AcDbLine
 10
3392.256803432145
 20
4257.007602026013
 30
0.0
 11
3392.378973701016
 21
4257.031527070849
 31
0.0
  0
LINE
  5
AB6
330
6D1
100
AcDbEntity
  8
_TCH_MASK
  6
Continuous
 62
     7
100
AcDbLine
 10
3392.86765452705
 20
4256.098452070896
 30
0.0
 11
3392.745484329447
 21
4256.074527025995
 31
0.0
  0
LINE
  5
AB7
330
6D1
100
AcDbEntity
  8
_TCH_MASK
  6
Continuous
 62
     7
100
AcDbLine
 10
3392.256803432145
 20
4255.859202025994
 30
0.0
 11
3392.378973701016
 21
4255.883127003545
 31
0.0
  0
ARC
  5
AB8
330
6D1
100
AcDbEntity
  8
_TCH_MASK
  6
Continuous
 62
     7
100
AcDbCircle
 10
3376.21784654171
 20
4952.866354538027
 30
0.0
 40
668.99159241552
100
AcDbArc
 50
271.694660955796
 51
271.9407830903932
  0
ARC
  5
AB9
330
6D1
100
AcDbEntity
  8
_TCH_MASK
  6
Continuous
 62
     9
100
AcDbCircle
 10
3376.419978722508
 20
4869.446339651012
 30
0.0
 40
584.96916874572
100
AcDbArc
 50
271.9182754812289
 51
272.1991218079592
  0
ARC
  5
ABA
330
6D1
100
AcDbEntity
  8
_TCH_MASK
  6
Continuous
 62
     9
100
AcDbCircle
 10
3394.336289545885
 20
4401.778958464268
 30
0.0
 40
116.95873658832
100
AcDbArc
 50
272.2199161412125
 51
272.5706721386629
  0
ARC
  5
ABB
330
6D1
100
AcDbEntity
  8
_TCH_MASK
  6
Continuous
 62
     7
100
AcDbCircle
 10
3304.654088270851
 20
4324.498725549573
 30
0.0
 40
105.9963263568
100
AcDbArc
 50
335.3329348834685
 51
336.5783156169584
  0
ARC
  5
ABC
330
6D1
100
AcDbEntity
  8
_TCH_MASK
  6
Continuous
 62
     7
100
AcDbCircle
 10
3330.20481458625
 20
4312.828970309136
 30
0.0
 40
77.90688053280002
100
AcDbArc
 50
334.7914029479936
 51
335.2898469425361
  0
ARC
  5
ABD
330
6D1
100
AcDbEntity
  8
_TCH_MASK
  6
Continuous
 62
     7
100
AcDbCircle
 10
3336.424152855587
 20
4309.909425960105
 30
0.0
 40
71.03637491544002
100
AcDbArc
 50
334.6578692487629
 51
334.7854233360729
  0
ARC
  5
ABE
330
6D1
100
AcDbEntity
  8
_TCH_MASK
  6
Continuous
 62
     7
100
AcDbCircle
 10
3342.00664404768
 20
4307.259290829786
 30
0.0
 40
64.85678036243999
100
AcDbArc
 50
334.1846261551901
 51
334.6628830453489
  0
ARC
  5
ABF
330
6D1
100
AcDbEntity
  8
_TCH_MASK
  6
Continuous
 62
     7
100
AcDbCircle
 10
3346.750873739619
 20
4304.969982254824
 30
0.0
 40
59.58908444016
100
AcDbArc
 50
334.0279875885499
 51
334.1796817857284
  0
ARC
  5
AC0
330
6D1
100
AcDbEntity
  8
_TCH_MASK
  6
Continuous
 62
     7
100
AcDbCircle
 10
3352.606008056755
 20
4302.10662819116
 30
0.0
 40
53.07131783844001
100
AcDbArc
 50
333.2927085549751
 51
334.0388131746899
  0
ARC
  5
AC1
330
6D1
100
AcDbEntity
  8
_TCH_MASK
  6
Continuous
 62
     7
100
AcDbCircle
 10
3360.677175362253
 20
4298.044347442064
 30
0.0
 40
44.03550306671998
100
AcDbArc
 50
332.4667255385572
 51
333.2946029728272
  0
ARC
  5
AC2
330
6D1
100
AcDbEntity
  8
_TCH_MASK
  6
Continuous
 62
     7
100
AcDbCircle
 10
3390.447071839548
 20
4298.189893632161
 30
0.0
 40
2.338595596614359
100
AcDbArc
 50
90.00031653637305
 51
179.9996834634041
  0
ARC
  5
AC3
330
6D1
100
AcDbEntity
  8
_TCH_MASK
  6
Continuous
 62
     7
100
AcDbCircle
 10
3390.461869941457
 20
4279.866331750167
 30
0.0
 40
0.396
100
AcDbArc
 50
93.2270449438428
 51
180.0
  0
ARC
  5
AC4
330
6D1
100
AcDbEntity
  8
_TCH_MASK
  6
Continuous
 62
     7
100
AcDbCircle
 10
3391.623010148484
 20
4281.092528468752
 30
0.0
 40
0.27401863896
100
AcDbArc
 50
106.8977994139205
 51
121.379574147239
  0
ARC
  5
AC5
330
6D1
100
AcDbEntity
  8
_TCH_MASK
  6
Continuous
 62
     7
100
AcDbCircle
 10
3391.654830669082
 20
4281.116205688856
 30
0.0
 40
0.27041415984
100
AcDbArc
 50
107.032746199561
 51
121.3900422672385
  0
ARC
  5
AC6
330
6D1
100
AcDbEntity
  8
_TCH_MASK
  6
Continuous
 62
     7
100
AcDbCircle
 10
3393.933501959371
 20
4279.894181733184
 30
0.0
 40
0.24297844032
100
AcDbArc
 50
326.3146096145494
 51
21.56650056485632
  0
ARC
  5
AC7
330
6D1
100
AcDbEntity
  8
_TCH_MASK
  6
Continuous
 62
     7
100
AcDbCircle
 10
3393.765418230818
 20
4280.565268823706
 30
0.0
 40
0.20024495568
100
AcDbArc
 50
27.38276607587422
 51
95.37469015964225
  0
ARC
  5
AC8
330
6D1
100
AcDbEntity
  8
_TCH_MASK
  6
Continuous
 62
     7
100
AcDbCircle
 10
3400.970680340407
 20
4298.189905925265
 30
0.0
 40
2.338583303475016
100
AcDbArc
 50
0.0000153546388564
 51
89.99998464470378
  0
ARC
  5
AC9
330
6D1
100
AcDbEntity
  8
_TCH_MASK
  6
Continuous
 62
     7
100
AcDbCircle
 10
3400.955869941471
 20
4279.866331750167
 30
0.0
 40
0.396
100
AcDbArc
 50
0.0
 51
86.78747316994167
  0
ARC
  5
ACA
330
6D1
100
AcDbEntity
  8
_TCH_MASK
  6
Continuous
 62
     7
100
AcDbCircle
 10
3390.461869941457
 20
4273.72833175014
 30
0.0
 40
0.396
100
AcDbArc
 50
180.0
 51
270.0
  0
ARC
  5
ACB
330
6D1
100
AcDbEntity
  8
_TCH_MASK
  6
Continuous
 62
     7
100
AcDbCircle
 10
3391.006369941461
 20
4273.72833175014
 30
0.0
 40
0.396
100
AcDbArc
 50
270.0
 51
0.0
  0
ARC
  5
ACC
330
6D1
100
AcDbEntity
  8
_TCH_MASK
  6
Continuous
 62
     7
100
AcDbCircle
 10
3390.461869941457
 20
4268.184331750155
 30
0.0
 40
0.396
100
AcDbArc
 50
180.0
 51
270.0
  0
ARC
  5
ACD
330
6D1
100
AcDbEntity
  8
_TCH_MASK
  6
Continuous
 62
     7
100
AcDbCircle
 10
3391.006369941461
 20
4268.184331750155
 30
0.0
 40
0.396
100
AcDbArc
 50
270.0
 51
0.0
  0
ARC
  5
ACE
330
6D1
100
AcDbEntity
  8
_TCH_MASK
  6
Continuous
 62
     7
100
AcDbCircle
 10
3391.006369941461
 20
4272.342331750141
 30
0.0
 40
0.396
100
AcDbArc
 50
0.0
 51
90.0
  0
ARC
  5
ACF
330
6D1
100
AcDbEntity
  8
_TCH_MASK
  6
Continuous
 62
     7
100
AcDbCircle
 10
3390.461869941457
 20
4272.342331750141
 30
0.0
 40
0.396
100
AcDbArc
 50
90.0
 51
180.0
  0
ARC
  5
AD0
330
6D1
100
AcDbEntity
  8
_TCH_MASK
  6
Continuous
 62
     7
100
AcDbCircle
 10
3400.411369941461
 20
4273.72833175014
 30
0.0
 40
0.396
100
AcDbArc
 50
180.0
 51
270.0
  0
ARC
  5
AD1
330
6D1
100
AcDbEntity
  8
_TCH_MASK
  6
Continuous
 62
     7
100
AcDbCircle
 10
3400.955869941471
 20
4273.72833175014
 30
0.0
 40
0.396
100
AcDbArc
 50
270.0
 51
0.0
  0
ARC
  5
AD2
330
6D1
100
AcDbEntity
  8
_TCH_MASK
  6
Continuous
 62
     7
100
AcDbCircle
 10
3400.955869941471
 20
4268.184331750155
 30
0.0
 40
0.396
100
AcDbArc
 50
270.0
 51
0.0
  0
ARC
  5
AD3
330
6D1
100
AcDbEntity
  8
_TCH_MASK
  6
Continuous
 62
     7
100
AcDbCircle
 10
3400.955869941471
 20
4272.342331750141
 30
0.0
 40
0.396
100
AcDbArc
 50
0.0
 51
90.0
  0
ARC
  5
AD4
330
6D1
100
AcDbEntity
  8
_TCH_MASK
  6
Continuous
 62
     7
100
AcDbCircle
 10
3400.411369941461
 20
4272.342331750141
 30
0.0
 40
0.396
100
AcDbArc
 50
90.0
 51
180.0
  0
ARC
  5
AD5
330
6D1
100
AcDbEntity
  8
_TCH_MASK
  6
Continuous
 62
     7
100
AcDbCircle
 10
3400.411369941461
 20
4268.184331750155
 30
0.0
 40
0.396
100
AcDbArc
 50
180.0
 51
270.0
  0
ARC
  5
AD6
330
6D1
100
AcDbEntity
  8
_TCH_MASK
  6
Continuous
 62
     7
100
AcDbCircle
 10
3396.698869941465
 20
4263.825563211201
 30
0.0
 40
0.8910000000000001
100
AcDbArc
 50
180.0
 51
250.5287793655824
  0
ARC
  5
AD7
330
6D1
100
AcDbEntity
  8
_TCH_MASK
  6
Continuous
 62
     7
100
AcDbCircle
 10
3396.698869941465
 20
4263.825563211201
 30
0.0
 40
0.8910000000000001
100
AcDbArc
 50
289.4712206344175
 51
0.0
  0
ARC
  5
AD8
330
6D1
100
AcDbEntity
  8
_TCH_MASK
  6
Continuous
 62
     7
100
AcDbCircle
 10
3396.698869941465
 20
4263.825563211201
 30
0.0
 40
0.3465
100
AcDbArc
 50
180.0
 51
0.0
  0
ARC
  5
AD9
330
6D1
100
AcDbEntity
  8
_TCH_MASK
  6
Continuous
 62
     7
100
AcDbCircle
 10
3399.668869941459
 20
4256.912363245862
 30
0.0
 40
1.23865607844
100
AcDbArc
 50
168.0836893650427
 51
191.9162586949942
  0
CIRCLE
  5
ADA
330
6D1
100
AcDbEntity
  8
_TCH_MASK
  6
Continuous
 62
     7
100
AcDbCircle
 10
3399.668869941459
 20
4256.912363245862
 30
0.0
 40
1.197367542359998
  0
CIRCLE
  5
ADB
330
6D1
100
AcDbEntity
  8
_TCH_MASK
  6
Continuous
 62
     7
100
AcDbCircle
 10
3399.668869941459
 20
4256.912363245862
 30
0.0
 40
0.8257707176400002
  0
CIRCLE
  5
ADC
330
6D1
100
AcDbEntity
  8
_TCH_MASK
  6
Continuous
 62
     7
100
AcDbCircle
 10
3399.668869941459
 20
4256.912363245862
 30
0.0
 40
0.7844821815600001
  0
ARC
  5
ADD
330
6D1
100
AcDbEntity
  8
_TCH_MASK
  6
Continuous
 62
     9
100
AcDbCircle
 10
3405.071272086825
 20
3975.985736931952
 30
0.0
 40
308.951258616
100
AcDbArc
 50
91.79079744289127
 51
92.32243588521679
  0
ARC
  5
ADE
330
6D1
100
AcDbEntity
  8
_TCH_MASK
  6
Continuous
 62
     7
100
AcDbCircle
 10
3486.751115047999
 20
4324.493032214029
 30
0.0
 40
105.98265669816
100
AcDbArc
 50
203.421675174737
 51
204.6670845061003
  0
ARC
  5
ADF
330
6D1
100
AcDbEntity
  8
_TCH_MASK
  6
Continuous
 62
     7
100
AcDbCircle
 10
3461.248536265921
 20
4312.845461360864
 30
0.0
 40
77.94612447336
100
AcDbArc
 50
204.7102226325458
 51
205.2039497739354
  0
ARC
  5
AE0
330
6D1
100
AcDbEntity
  8
_TCH_MASK
  6
Continuous
 62
     7
100
AcDbCircle
 10
3455.065777201649
 20
4309.943538746444
 30
0.0
 40
71.11621910843999
100
AcDbArc
 50
205.2097695039593
 51
205.3403711015295
  0
ARC
  5
AE1
330
6D1
100
AcDbEntity
  8
_TCH_MASK
  6
Continuous
 62
     7
100
AcDbCircle
 10
3449.319406628842
 20
4307.215598930103
 30
0.0
 40
64.75521366071999
100
AcDbArc
 50
205.3350232327806
 51
205.8289841593743
  0
ARC
  5
AE2
330
6D1
100
AcDbEntity
  8
_TCH_MASK
  6
Continuous
 62
     7
100
AcDbCircle
 10
3444.618057899861
 20
4304.946200668882
 30
0.0
 40
59.53479089975999
100
AcDbArc
 50
205.8344045161035
 51
205.965234673803
  0
ARC
  5
AE3
330
6D1
100
AcDbEntity
  8
_TCH_MASK
  6
Continuous
 62
     7
100
AcDbCircle
 10
3438.856038749495
 20
4302.128687957266
 30
0.0
 40
53.12081221919999
100
AcDbArc
 50
205.9540685114334
 51
206.7070685216542
  0
ARC
  5
AE4
330
6D1
100
AcDbEntity
  8
_TCH_MASK
  6
Continuous
 62
     7
100
AcDbCircle
 10
3430.741085106202
 20
4298.044606897297
 30
0.0
 40
44.03609053271999
100
AcDbArc
 50
206.7054092296812
 51
207.5332754336896
  0
SPLINE
  5
AE5
330
6D1
100
AcDbEntity
  8
_TCH_MASK
  6
Continuous
 62
     7
100
AcDbSpline
210
0.0
220
0.0
230
1.0
 70
     8
 71
     3
 72
     9
 73
     5
 74
     0
 42
0.0000001
 43
0.0000000001
 40
0.0
 40
0.0
 40
0.0
 40
0.0
 40
0.4950208191
 40
1.0
 40
1.0
 40
1.0
 40
1.0
 10
3394.122959847351
 20
4279.740308492347
 30
0.0
 10
3394.10464686298
 20
4279.712782033473
 30
0.0
 10
3394.055657655452
 20
4279.664313942109
 30
0.0
 10
3393.991229496947
 20
4279.639694230075
 30
0.0
 10
3393.957939463915
 20
4279.634284426584
 30
0.0
  0
SPLINE
  5
AE6
330
6D1
100
AcDbEntity
  8
_TCH_MASK
  6
Continuous
 62
     7
100
AcDbSpline
210
0.0
220
0.0
230
1.0
 70
     8
 71
     3
 72
     8
 73
     4
 74
     0
 42
0.0000001
 43
0.0000000001
 40
0.0
 40
0.0
 40
0.0
 40
0.0
 40
1.0
 40
1.0
 40
1.0
 40
1.0
 10
3399.991497956602
 20
4256.289139000357
 30
0.0
 10
3399.919740554862
 20
4256.24092700617
 30
0.0
 10
3399.816589278955
 20
4256.216820981342
 30
0.0
 10
3399.682604757952
 20
4256.216820981342
 30
0.0
  0
SPLINE
  5
AE7
330
6D1
100
AcDbEntity
  8
_TCH_MASK
  6
Continuous
 62
     7
100
AcDbSpline
210
0.0
220
0.0
230
1.0
 70
     8
 71
     3
 72
     8
 73
     4
 74
     0
 42
0.0000001
 43
0.0000000001
 40
0.0
 40
0.0
 40
0.0
 40
0.0
 40
1.0
 40
1.0
 40
1.0
 40
1.0
 10
3399.682604757952
 20
4256.216820981342
 30
0.0
 10
3399.545256608995
 20
4256.216820981342
 30
0.0
 10
3399.44154474359
 20
4256.241487619406
 30
0.0
 10
3399.371469141959
 20
4256.290820824143
 30
0.0
  0
SPLINE
  5
AE8
330
6D1
100
AcDbEntity
  8
_TCH_MASK
  6
Continuous
 62
     7
100
AcDbSpline
210
0.0
220
0.0
230
1.0
 70
     8
 71
     3
 72
     8
 73
     4
 74
     0
 42
0.0000001
 43
0.0000000001
 40
0.0
 40
0.0
 40
0.0
 40
0.0
 40
1.0
 40
1.0
 40
1.0
 40
1.0
 10
3399.371469141959
 20
4256.290820824143
 30
0.0
 10
3399.301393560099
 20
4256.340154013176
 30
0.0
 10
3399.266075472464
 20
4256.406305385449
 30
0.0
 10
3399.266075472464
 20
4256.488714292268
 30
0.0
  0
SPLINE
  5
AE9
330
6D1
100
AcDbEntity
  8
_TCH_MASK
  6
Continuous
 62
     7
100
AcDbSpline
210
0.0
220
0.0
230
1.0
 70
     8
 71
     3
 72
     8
 73
     4
 74
     0
 42
0.0000001
 43
0.0000000001
 40
0.0
 40
0.0
 40
0.0
 40
0.0
 40
1.0
 40
1.0
 40
1.0
 40
1.0
 10
3399.266075472464
 20
4256.488714292268
 30
0.0
 10
3399.266075472464
 20
4256.572804987293
 30
0.0
 10
3399.302514762837
 20
4256.639516949173
 30
0.0
 10
3399.374272168542
 20
4256.687728943211
 30
0.0
  0
SPLINE
  5
AEA
330
6D1
100
AcDbEntity
  8
_TCH_MASK
  6
Continuous
 62
     7
100
AcDbSpline
210
0.0
220
0.0
230
1.0
 70
     8
 71
     3
 72
     8
 73
     4
 74
     0
 42
0.0000001
 43
0.0000000001
 40
0.0
 40
0.0
 40
0.0
 40
0.0
 40
1.0
 40
1.0
 40
1.0
 40
1.0
 10
3399.374272168542
 20
4256.687728943211
 30
0.0
 10
3399.446029574261
 20
4256.735940941434
 30
0.0
 10
3399.544696003636
 20
4256.760607551766
 30
0.0
 10
3399.669150250062
 20
4256.760607551766
 30
0.0
  0
SPLINE
  5
AEB
330
6D1
100
AcDbEntity
  8
_TCH_MASK
  6
Continuous
 62
     7
100
AcDbSpline
210
0.0
220
0.0
230
1.0
 70
     8
 71
     3
 72
     8
 73
     4
 74
     0
 42
0.0000001
 43
0.0000000001
 40
0.0
 40
0.0
 40
0.0
 40
0.0
 40
1.0
 40
1.0
 40
1.0
 40
1.0
 10
3399.669150250062
 20
4256.760607551766
 30
0.0
 10
3399.816028665715
 20
4256.760607551766
 30
0.0
 10
3399.924225385535
 20
4256.735380351904
 30
0.0
 10
3399.994300971346
 20
4256.686047123396
 30
0.0
  0
SPLINE
  5
AEC
330
6D1
100
AcDbEntity
  8
_TCH_MASK
  6
Continuous
 62
     7
100
AcDbSpline
210
0.0
220
0.0
230
1.0
 70
     8
 71
     3
 72
     8
 73
     4
 74
     0
 42
0.0000001
 43
0.0000000001
 40
0.0
 40
0.0
 40
0.0
 40
0.0
 40
1.0
 40
1.0
 40
1.0
 40
1.0
 10
3399.994300971346
 20
4256.686047123396
 30
0.0
 10
3400.064376541312
 20
4256.636713906622
 30
0.0
 10
3400.099134063218
 20
4256.570562585862
 30
0.0
 10
3400.099134063218
 20
4256.488714292268
 30
0.0
  0
SPLINE
  5
AED
330
6D1
100
AcDbEntity
  8
_TCH_MASK
  6
Continuous
 62
     7
100
AcDbSpline
210
0.0
220
0.0
230
1.0
 70
     8
 71
     3
 72
     8
 73
     4
 74
     0
 42
0.0000001
 43
0.0000000001
 40
0.0
 40
0.0
 40
0.0
 40
0.0
 40
1.0
 40
1.0
 40
1.0
 40
1.0
 10
3400.099134063218
 20
4256.488714292268
 30
0.0
 10
3400.099134063218
 20
4256.404062979979
 30
0.0
 10
3400.063255362344
 20
4256.33735099448
 30
0.0
 10
3399.991497956602
 20
4256.289139000357
 30
0.0
  0
SPLINE
  5
AEE
330
6D1
100
AcDbEntity
  8
_TCH_MASK
  6
Continuous
 62
     7
100
AcDbSpline
210
0.0
220
0.0
230
1.0
 70
     8
 71
     3
 72
     8
 73
     4
 74
     0
 42
0.0000001
 43
0.0000000001
 40
0.0
 40
0.0
 40
0.0
 40
0.0
 40
1.0
 40
1.0
 40
1.0
 40
1.0
 10
3399.366984307286
 20
4256.488714292268
 30
0.0
 10
3399.366984307286
 20
4256.379956959179
 30
0.0
 10
3399.472378000544
 20
4256.326138927668
 30
0.0
 10
3399.683165359304
 20
4256.326138927668
 30
0.0
  0
SPLINE
  5
AEF
330
6D1
100
AcDbEntity
  8
_TCH_MASK
  6
Continuous
 62
     7
100
AcDbSpline
210
0.0
220
0.0
230
1.0
 70
     8
 71
     3
 72
     8
 73
     4
 74
     0
 42
0.0000001
 43
0.0000000001
 40
0.0
 40
0.0
 40
0.0
 40
0.0
 40
1.0
 40
1.0
 40
1.0
 40
1.0
 10
3399.683165359304
 20
4256.326138927668
 30
0.0
 10
3399.893392128564
 20
4256.326138927668
 30
0.0
 10
3399.998225216514
 20
4256.379956959179
 30
0.0
 10
3399.998225216514
 20
4256.488714292268
 30
0.0
  0
SPLINE
  5
AF0
330
6D1
100
AcDbEntity
  8
_TCH_MASK
  6
Continuous
 62
     7
100
AcDbSpline
210
0.0
220
0.0
230
1.0
 70
     8
 71
     3
 72
     8
 73
     4
 74
     0
 42
0.0000001
 43
0.0000000001
 40
0.0
 40
0.0
 40
0.0
 40
0.0
 40
1.0
 40
1.0
 40
1.0
 40
1.0
 10
3399.998225216514
 20
4256.488714292268
 30
0.0
 10
3399.998225216514
 20
4256.596910988426
 30
0.0
 10
3399.889467883426
 20
4256.651289629212
 30
0.0
 10
3399.67139266342
 20
4256.651289629212
 30
0.0
  0
SPLINE
  5
AF1
330
6D1
100
AcDbEntity
  8
_TCH_MASK
  6
Continuous
 62
     7
100
AcDbSpline
210
0.0
220
0.0
230
1.0
 70
     8
 71
     3
 72
     8
 73
     4
 74
     0
 42
0.0000001
 43
0.0000000001
 40
0.0
 40
0.0
 40
0.0
 40
0.0
 40
1.0
 40
1.0
 40
1.0
 40
1.0
 10
3399.67139266342
 20
4256.651289629212
 30
0.0
 10
3399.5738474486
 20
4256.651289629212
 30
0.0
 10
3399.498726418882
 20
4256.637274519857
 30
0.0
 10
3399.446029574261
 20
4256.609244277671
 30
0.0
  0
SPLINE
  5
AF2
330
6D1
100
AcDbEntity
  8
_TCH_MASK
  6
Continuous
 62
     7
100
AcDbSpline
210
0.0
220
0.0
230
1.0
 70
     8
 71
     3
 72
     8
 73
     4
 74
     0
 42
0.0000001
 43
0.0000000001
 40
0.0
 40
0.0
 40
0.0
 40
0.0
 40
1.0
 40
1.0
 40
1.0
 40
1.0
 10
3399.446029574261
 20
4256.609244277671
 30
0.0
 10
3399.393332733584
 20
4256.581214039361
 30
0.0
 10
3399.366984307286
 20
4256.541411144858
 30
0.0
 10
3399.366984307286
 20
4256.488714292268
 30
0.0
  0
SPLINE
  5
AF3
330
6D1
100
AcDbEntity
  8
_TCH_MASK
  6
Continuous
 62
     7
100
AcDbSpline
210
0.0
220
0.0
230
1.0
 70
     8
 71
     3
 72
     8
 73
     4
 74
     0
 42
0.0000001
 43
0.0000000001
 40
0.0
 40
0.0
 40
0.0
 40
0.0
 40
1.0
 40
1.0
 40
1.0
 40
1.0
 10
3400.09913404737
 20
4257.250211679436
 30
0.0
 10
3400.09913404737
 20
4257.110060500029
 30
0.0
 10
3400.027937246981
 20
4257.032136439717
 30
0.0
 10
3399.884983052718
 20
4257.015318299848
 30
0.0
  0
SPLINE
  5
AF4
330
6D1
100
AcDbEntity
  8
_TCH_MASK
  6
Continuous
 62
     7
100
AcDbSpline
210
0.0
220
0.0
230
1.0
 70
     8
 71
     3
 72
     8
 73
     4
 74
     0
 42
0.0000001
 43
0.0000000001
 40
0.0
 40
0.0
 40
0.0
 40
0.0
 40
1.0
 40
1.0
 40
1.0
 40
1.0
 10
3399.884983052718
 20
4257.12463621844
 30
0.0
 10
3399.960664687789
 20
4257.141454358233
 30
0.0
 10
3399.998225204632
 20
4257.185181533635
 30
0.0
 10
3399.998225204632
 20
4257.255817712951
 30
0.0
  0
SPLINE
  5
AF5
330
6D1
100
AcDbEntity
  8
_TCH_MASK
  6
Continuous
 62
     7
100
AcDbSpline
210
0.0
220
0.0
230
1.0
 70
     8
 71
     3
 72
     8
 73
     4
 74
     0
 42
0.0000001
 43
0.0000000001
 40
0.0
 40
0.0
 40
0.0
 40
0.0
 40
1.0
 40
1.0
 40
1.0
 40
1.0
 10
3399.998225204632
 20
4257.255817712951
 30
0.0
 10
3399.998225204632
 20
4257.304590320223
 30
0.0
 10
3399.978043436859
 20
4257.343272039906
 30
0.0
 10
3399.936986830056
 20
4257.372236624255
 30
0.0
  0
SPLINE
  5
AF6
330
6D1
100
AcDbEntity
  8
_TCH_MASK
  6
Continuous
 62
     7
100
AcDbSpline
210
0.0
220
0.0
230
1.0
 70
     8
 71
     3
 72
     8
 73
     4
 74
     0
 42
0.0000001
 43
0.0000000001
 40
0.0
 40
0.0
 40
0.0
 40
0.0
 40
1.0
 40
1.0
 40
1.0
 40
1.0
 10
3399.936986830056
 20
4257.372236624255
 30
0.0
 10
3399.896195143301
 20
4257.401014312494
 30
0.0
 10
3399.818831704186
 20
4257.423438493651
 30
0.0
 10
3399.704468337704
 20
4257.44025664534
 30
0.0
  0
SPLINE
  5
AF7
330
6D1
100
AcDbEntity
  8
_TCH_MASK
  6
Continuous
 62
     7
100
AcDbSpline
210
0.0
220
0.0
230
1.0
 70
     8
 71
     3
 72
     8
 73
     4
 74
     0
 42
0.0000001
 43
0.0000000001
 40
0.0
 40
0.0
 40
0.0
 40
0.0
 40
1.0
 40
1.0
 40
1.0
 40
1.0
 10
3399.704468337704
 20
4257.44025664534
 30
0.0
 10
3399.774543927473
 20
4257.39989313364
 30
0.0
 10
3399.809301429574
 20
4257.335984190529
 30
0.0
 10
3399.809301429574
 20
4257.247969250339
 30
0.0
  0
SPLINE
  5
AF8
330
6D1
100
AcDbEntity
  8
_TCH_MASK
  6
Continuous
 62
     7
100
AcDbSpline
210
0.0
220
0.0
230
1.0
 70
     8
 71
     3
 72
     8
 73
     4
 74
     0
 42
0.0000001
 43
0.0000000001
 40
0.0
 40
0.0
 40
0.0
 40
0.0
 40
1.0
 40
1.0
 40
1.0
 40
1.0
 10
3399.809301429574
 20
4257.247969250339
 30
0.0
 10
3399.809301429574
 20
4257.173969419357
 30
0.0
 10
3399.785756018013
 20
4257.114545330701
 30
0.0
 10
3399.738240354214
 20
4257.068435458969
 30
0.0
  0
SPLINE
  5
AF9
330
6D1
100
AcDbEntity
  8
_TCH_MASK
  6
Continuous
 62
     7
100
AcDbSpline
210
0.0
220
0.0
230
1.0
 70
     8
 71
     3
 72
     8
 73
     4
 74
     0
 42
0.0000001
 43
0.0000000001
 40
0.0
 40
0.0
 40
0.0
 40
0.0
 40
1.0
 40
1.0
 40
1.0
 40
1.0
 10
3399.738240354214
 20
4257.068435458969
 30
0.0
 10
3399.691013817952
 20
4257.022606157215
 30
0.0
 10
3399.627104898581
 20
4257.000181972021
 30
0.0
 10
3399.547499010456
 20
4257.000181972021
 30
0.0
  0
SPLINE
  5
AFA
330
6D1
100
AcDbEntity
  8
_TCH_MASK
  6
Continuous
 62
     7
100
AcDbSpline
210
0.0
220
0.0
230
1.0
 70
     8
 71
     3
 72
     8
 73
     4
 74
     0
 42
0.0000001
 43
0.0000000001
 40
0.0
 40
0.0
 40
0.0
 40
0.0
 40
1.0
 40
1.0
 40
1.0
 40
1.0
 10
3399.547499010456
 20
4257.000181972021
 30
0.0
 10
3399.46565076441
 20
4257.000181972021
 30
0.0
 10
3399.398378165642
 20
4257.023727371802
 30
0.0
 10
3399.345681324936
 20
4257.070818178993
 30
0.0
  0
SPLINE
  5
AFB
330
6D1
100
AcDbEntity
  8
_TCH_MASK
  6
Continuous
 62
     7
100
AcDbSpline
210
0.0
220
0.0
230
1.0
 70
     8
 71
     3
 72
     8
 73
     4
 74
     0
 42
0.0000001
 43
0.0000000001
 40
0.0
 40
0.0
 40
0.0
 40
0.0
 40
1.0
 40
1.0
 40
1.0
 40
1.0
 10
3399.345681324936
 20
4257.070818178993
 30
0.0
 10
3399.292984511995
 20
4257.117908958593
 30
0.0
 10
3399.266075472464
 20
4257.182939104471
 30
0.0
 10
3399.266075472464
 20
4257.265347987455
 30
0.0
  0
SPLINE
  5
AFC
330
6D1
100
AcDbEntity
  8
_TCH_MASK
  6
Continuous
 62
     7
100
AcDbSpline
210
0.0
220
0.0
230
1.0
 70
     8
 71
     3
 72
     8
 73
     4
 74
     0
 42
0.0000001
 43
0.0000000001
 40
0.0
 40
0.0
 40
0.0
 40
0.0
 40
1.0
 40
1.0
 40
1.0
 40
1.0
 10
3399.266075472464
 20
4257.265347987455
 30
0.0
 10
3399.266075472464
 20
4257.350559912979
 30
0.0
 10
3399.298029932128
 20
4257.418393073447
 30
0.0
 10
3399.360954256903
 20
4257.468114548426
 30
0.0
  0
SPLINE
  5
AFD
330
6D1
100
AcDbEntity
  8
_TCH_MASK
  6
Continuous
 62
     7
100
AcDbSpline
210
0.0
220
0.0
230
1.0
 70
     8
 71
     3
 72
     8
 73
     4
 74
     0
 42
0.0000001
 43
0.0000000001
 40
0.0
 40
0.0
 40
0.0
 40
0.0
 40
1.0
 40
1.0
 40
1.0
 40
1.0
 10
3399.360954256903
 20
4257.468114548426
 30
0.0
 10
3399.423605365431
 20
4257.517620131956
 30
0.0
 10
3399.520590018474
 20
4257.542847331818
 30
0.0
 10
3399.650650310141
 20
4257.542847331818
 30
0.0
  0
SPLINE
  5
AFE
330
6D1
100
AcDbEntity
  8
_TCH_MASK
  6
Continuous
 62
     7
100
AcDbSpline
210
0.0
220
0.0
230
1.0
 70
     8
 71
     3
 72
     8
 73
     4
 74
     0
 42
0.0000001
 43
0.0000000001
 40
0.0
 40
0.0
 40
0.0
 40
0.0
 40
1.0
 40
1.0
 40
1.0
 40
1.0
 10
3399.650650310141
 20
4257.542847331818
 30
0.0
 10
3399.791922664663
 20
4257.542847331818
 30
0.0
 10
3399.902361801827
 20
4257.516498905483
 30
0.0
 10
3399.980930676829
 20
4257.465051674492
 30
0.0
  0
SPLINE
  5
AFF
330
6D1
100
AcDbEntity
  8
_TCH_MASK
  6
Continuous
 62
     7
100
AcDbSpline
210
0.0
220
0.0
230
1.0
 70
     8
 71
     3
 72
     8
 73
     4
 74
     0
 42
0.0000001
 43
0.0000000001
 40
0.0
 40
0.0
 40
0.0
 40
0.0
 40
1.0
 40
1.0
 40
1.0
 40
1.0
 10
3399.980930676829
 20
4257.465051674492
 30
0.0
 10
3400.059891718527
 20
4257.413347653311
 30
0.0
 10
3400.09913404737
 20
4257.341590223826
 30
0.0
 10
3400.09913404737
 20
4257.250211679436
 30
0.0
  0
SPLINE
  5
B00
330
6D1
100
AcDbEntity
  8
_TCH_MASK
  6
Continuous
 62
     7
100
AcDbSpline
210
0.0
220
0.0
230
1.0
 70
     8
 71
     3
 72
     8
 73
     4
 74
     0
 42
0.0000001
 43
0.0000000001
 40
0.0
 40
0.0
 40
0.0
 40
0.0
 40
1.0
 40
1.0
 40
1.0
 40
1.0
 10
3399.412814436699
 20
4257.151955961442
 30
0.0
 10
3399.443226531817
 20
4257.123515007815
 30
0.0
 10
3399.485271879326
 20
4257.109499886715
 30
0.0
 10
3399.537968731884
 20
4257.109499886715
 30
0.0
  0
SPLINE
  5
B01
330
6D1
100
AcDbEntity
  8
_TCH_MASK
  6
Continuous
 62
     7
100
AcDbSpline
210
0.0
220
0.0
230
1.0
 70
     8
 71
     3
 72
     8
 73
     4
 74
     0
 42
0.0000001
 43
0.0000000001
 40
0.0
 40
0.0
 40
0.0
 40
0.0
 40
1.0
 40
1.0
 40
1.0
 40
1.0
 10
3399.537968731884
 20
4257.109499886715
 30
0.0
 10
3399.590665584474
 20
4257.109499886715
 30
0.0
 10
3399.63215031875
 20
4257.122954406463
 30
0.0
 10
3399.662551409012
 20
4257.150845300272
 30
0.0
  0
SPLINE
  5
B02
330
6D1
100
AcDbEntity
  8
_TCH_MASK
  6
Continuous
 62
     7
100
AcDbSpline
210
0.0
220
0.0
230
1.0
 70
     8
 71
     3
 72
     8
 73
     4
 74
     0
 42
0.0000001
 43
0.0000000001
 40
0.0
 40
0.0
 40
0.0
 40
0.0
 40
1.0
 40
1.0
 40
1.0
 40
1.0
 10
3399.662551409012
 20
4257.150845300272
 30
0.0
 10
3399.693256247149
 20
4257.179014863189
 30
0.0
 10
3399.708392582871
 20
4257.215454177404
 30
0.0
 10
3399.708392582871
 20
4257.260863156782
 30
0.0
  0
SPLINE
  5
B03
330
6D1
100
AcDbEntity
  8
_TCH_MASK
  6
Continuous
 62
     7
100
AcDbSpline
210
0.0
220
0.0
230
1.0
 70
     8
 71
     3
 72
     8
 73
     4
 74
     0
 42
0.0000001
 43
0.0000000001
 40
0.0
 40
0.0
 40
0.0
 40
0.0
 40
1.0
 40
1.0
 40
1.0
 40
1.0
 10
3399.708392582871
 20
4257.260863156782
 30
0.0
 10
3399.708392582871
 20
4257.305711523065
 30
0.0
 10
3399.693816860388
 20
4257.343272039906
 30
0.0
 10
3399.663964317209
 20
4257.372842963611
 30
0.0
  0
SPLINE
  5
B04
330
6D1
100
AcDbEntity
  8
_TCH_MASK
  6
Continuous
 62
     7
100
AcDbSpline
210
0.0
220
0.0
230
1.0
 70
     8
 71
     3
 72
     8
 73
     4
 74
     0
 42
0.0000001
 43
0.0000000001
 40
0.0
 40
0.0
 40
0.0
 40
0.0
 40
1.0
 40
1.0
 40
1.0
 40
1.0
 10
3399.663964317209
 20
4257.372842963611
 30
0.0
 10
3399.634392771689
 20
4257.402135539034
 30
0.0
 10
3399.594029216372
 20
4257.417271847052
 30
0.0
 10
3399.543014203526
 20
4257.417271847052
 30
0.0
  0
SPLINE
  5
B05
330
6D1
100
AcDbEntity
  8
_TCH_MASK
  6
Continuous
 62
     7
100
AcDbSpline
210
0.0
220
0.0
230
1.0
 70
     8
 71
     3
 72
     8
 73
     4
 74
     0
 42
0.0000001
 43
0.0000000001
 40
0.0
 40
0.0
 40
0.0
 40
0.0
 40
1.0
 40
1.0
 40
1.0
 40
1.0
 10
3399.543014203526
 20
4257.417271847052
 30
0.0
 10
3399.493120365711
 20
4257.417271847052
 30
0.0
 10
3399.451075018195
 20
4257.402696152269
 30
0.0
 10
3399.417576407985
 20
4257.37450148289
 30
0.0
  0
SPLINE
  5
B06
330
6D1
100
AcDbEntity
  8
_TCH_MASK
  6
Continuous
 62
     7
100
AcDbSpline
210
0.0
220
0.0
230
1.0
 70
     8
 71
     3
 72
     8
 73
     4
 74
     0
 42
0.0000001
 43
0.0000000001
 40
0.0
 40
0.0
 40
0.0
 40
0.0
 40
1.0
 40
1.0
 40
1.0
 40
1.0
 10
3399.417576407985
 20
4257.37450148289
 30
0.0
 10
3399.383802470854
 20
4257.346075082308
 30
0.0
 10
3399.366984319168
 20
4257.30851456539
 30
0.0
 10
3399.366984319168
 20
4257.262544972786
 30
0.0
  0
SPLINE
  5
B07
330
6D1
100
AcDbEntity
  8
_TCH_MASK
  6
Continuous
 62
     7
100
AcDbSpline
210
0.0
220
0.0
230
1.0
 70
     8
 71
     3
 72
     8
 73
     4
 74
     0
 42
0.0000001
 43
0.0000000001
 40
0.0
 40
0.0
 40
0.0
 40
0.0
 40
1.0
 40
1.0
 40
1.0
 40
1.0
 10
3399.366984319168
 20
4257.262544972786
 30
0.0
 10
3399.366984319168
 20
4257.217135993266
 30
0.0
 10
3399.382681244388
 20
4257.180136089661
 30
0.0
 10
3399.412814436699
 20
4257.151955961442
 30
0.0
  0
LINE
  5
B08
330
6D1
100
AcDbEntity
  8
_TCH_MASK
  6
Continuous
 62
     7
100
AcDbLine
 10
3398.573812741285
 20
4256.706425105128
 30
0.0
 11
3398.56125520511
 21
4256.75940225439
 31
0.0
  0
LINE
  5
B09
330
6D1
100
AcDbEntity
  8
_TCH_MASK
  6
Continuous
 62
     7
100
AcDbLine
 10
3398.56125520511
 20
4256.75940225439
 30
0.0
 11
3398.522601538171
 21
4256.781181743568
 31
0.0
  0
SPLINE
  5
B0A
330
6D1
100
AcDbEntity
  8
_TCH_MASK
  6
Continuous
 62
     7
100
AcDbSpline
210
0.0
220
0.0
230
1.0
 70
     8
 71
     3
 72
     8
 73
     4
 74
     0
 42
0.0000001
 43
0.0000000001
 40
0.0
 40
0.0
 40
0.0
 40
0.0
 40
1.0
 40
1.0
 40
1.0
 40
1.0
 10
3398.56851079232
 20
4256.962869097745
 30
0.0
 10
3398.57989532109
 20
4256.952474513594
 30
0.0
 10
3398.596573340255
 20
4256.947373011878
 30
0.0
 10
3398.619726319783
 20
4256.947373011878
 30
0.0
  0
SPLINE
  5
B0B
330
6D1
100
AcDbEntity
  8
_TCH_MASK
  6
Continuous
 62
     7
100
AcDbSpline
210
0.0
220
0.0
230
1.0
 70
     8
 71
     3
 72
     8
 73
     4
 74
     0
 42
0.0000001
 43
0.0000000001
 40
0.0
 40
0.0
 40
0.0
 40
0.0
 40
1.0
 40
1.0
 40
1.0
 40
1.0
 10
3398.619726319783
 20
4256.90911174142
 30
0.0
 10
3398.58538923107
 20
4256.90911174142
 30
0.0
 10
3398.559489294574
 20
4256.917352628142
 30
0.0
 10
3398.542222680823
 20
4256.934226805869
 30
0.0
  0
SPLINE
  5
B0C
330
6D1
100
AcDbEntity
  8
_TCH_MASK
  6
Continuous
 62
     7
100
AcDbSpline
210
0.0
220
0.0
230
1.0
 70
     8
 71
     3
 72
     8
 73
     4
 74
     0
 42
0.0000001
 43
0.0000000001
 40
0.0
 40
0.0
 40
0.0
 40
0.0
 40
1.0
 40
1.0
 40
1.0
 40
1.0
 10
3398.542222680823
 20
4256.934226805869
 30
0.0
 10
3398.524956015565
 20
4256.951101031202
 30
0.0
 10
3398.516322768097
 20
4256.973861582553
 30
0.0
 10
3398.516322768097
 20
4257.002900904118
 30
0.0
  0
SPLINE
  5
B0D
330
6D1
100
AcDbEntity
  8
_TCH_MASK
  6
Continuous
 62
     7
100
AcDbSpline
210
0.0
220
0.0
230
1.0
 70
     8
 71
     3
 72
     8
 73
     4
 74
     0
 42
0.0000001
 43
0.0000000001
 40
0.0
 40
0.0
 40
0.0
 40
0.0
 40
1.0
 40
1.0
 40
1.0
 40
1.0
 10
3398.516322768097
 20
4257.002900904118
 30
0.0
 10
3398.516322768097
 20
4257.03037053704
 30
0.0
 10
3398.523974965174
 20
4257.052542458239
 30
0.0
 10
3398.538887081754
 20
4257.069416655774
 30
0.0
  0
SPLINE
  5
B0E
330
6D1
100
AcDbEntity
  8
_TCH_MASK
  6
Continuous
 62
     7
100
AcDbSpline
210
0.0
220
0.0
230
1.0
 70
     8
 71
     3
 72
     8
 73
     4
 74
     0
 42
0.0000001
 43
0.0000000001
 40
0.0
 40
0.0
 40
0.0
 40
0.0
 40
1.0
 40
1.0
 40
1.0
 40
1.0
 10
3398.538887081754
 20
4257.069416655774
 30
0.0
 10
3398.553799194335
 20
4257.086290853452
 30
0.0
 10
3398.574401411162
 20
4257.094727958167
 30
0.0
 10
3398.600497533946
 20
4257.094727958167
 30
0.0
  0
SPLINE
  5
B0F
330
6D1
100
AcDbEntity
  8
_TCH_MASK
  6
Continuous
 62
     7
100
AcDbSpline
210
0.0
220
0.0
230
1.0
 70
     8
 71
     3
 72
     8
 73
     4
 74
     0
 42
0.0000001
 43
0.0000000001
 40
0.0
 40
0.0
 40
0.0
 40
0.0
 40
1.0
 40
1.0
 40
1.0
 40
1.0
 10
3398.600497533946
 20
4257.094727958167
 30
0.0
 10
3398.621688416606
 20
4257.094727958167
 30
0.0
 10
3398.639543676465
 20
4257.088841608162
 30
0.0
 10
3398.654101218578
 20
4257.077312820628
 30
0.0
  0
LINE
  5
B10
330
6D1
100
AcDbEntity
  8
_TCH_MASK
  6
Continuous
 62
     7
100
AcDbLine
 10
3398.654101218578
 20
4257.077312820552
 30
0.0
 11
3398.698346654966
 21
4257.017976893354
 31
0.0
  0
LINE
  5
B11
330
6D1
100
AcDbEntity
  8
_TCH_MASK
  6
Continuous
 62
     7
100
AcDbLine
 10
3398.698346654966
 20
4257.017976893354
 30
0.0
 11
3398.735147374551
 21
4256.960764310236
 31
0.0
  0
LINE
  5
B12
330
6D1
100
AcDbEntity
  8
_TCH_MASK
  6
Continuous
 62
     7
100
AcDbLine
 10
3398.735147374551
 20
4256.960764310236
 30
0.0
 11
3398.766492588235
 21
4256.942860144417
 31
0.0
  0
SPLINE
  5
B13
330
6D1
100
AcDbEntity
  8
_TCH_MASK
  6
Continuous
 62
     7
100
AcDbSpline
210
0.0
220
0.0
230
1.0
 70
     8
 71
     3
 72
     8
 73
     4
 74
     0
 42
0.0000001
 43
0.0000000001
 40
0.0
 40
0.0
 40
0.0
 40
0.0
 40
1.0
 40
1.0
 40
1.0
 40
1.0
 10
3398.801810727338
 20
4256.901851909112
 30
0.0
 10
3398.770613071159
 20
4256.902832967321
 30
0.0
 10
3398.745694185105
 20
4256.9097003756
 30
0.0
 10
3398.727084854152
 20
4256.922303503271
 30
0.0
  0
SPLINE
  5
B14
330
6D1
100
AcDbEntity
  8
_TCH_MASK
  6
Continuous
 62
     7
100
AcDbSpline
210
0.0
220
0.0
230
1.0
 70
     8
 71
     3
 72
     8
 73
     4
 74
     0
 42
0.0000001
 43
0.0000000001
 40
0.0
 40
0.0
 40
0.0
 40
0.0
 40
1.0
 40
1.0
 40
1.0
 40
1.0
 10
3398.727084854152
 20
4256.922303503271
 30
0.0
 10
3398.708610139423
 20
4256.934815463817
 30
0.0
 10
3398.689970019449
 20
4256.958360863445
 30
0.0
 10
3398.671378064974
 20
4256.992920064678
 30
0.0
  0
LINE
  5
B15
330
6D1
100
AcDbEntity
  8
_TCH_MASK
  6
Continuous
 62
     7
100
AcDbLine
 10
3398.671378064974
 20
4256.992920064599
 30
0.0
 11
3398.63463833736
 21
4257.045282617929
 31
0.0
  0
LINE
  5
B16
330
6D1
100
AcDbEntity
  8
_TCH_MASK
  6
Continuous
 62
     7
100
AcDbLine
 10
3398.63463833736
 20
4257.045282617929
 30
0.0
 11
3398.601282394047
 21
4257.056466687568
 31
0.0
  0
SPLINE
  5
B17
330
6D1
100
AcDbEntity
  8
_TCH_MASK
  6
Continuous
 62
     7
100
AcDbSpline
210
0.0
220
0.0
230
1.0
 70
     8
 71
     3
 72
     8
 73
     4
 74
     0
 42
0.0000001
 43
0.0000000001
 40
0.0
 40
0.0
 40
0.0
 40
0.0
 40
1.0
 40
1.0
 40
1.0
 40
1.0
 10
3398.601282394047
 20
4257.056466687635
 30
0.0
 10
3398.58656646777
 20
4257.056466687635
 30
0.0
 10
3398.574597597465
 20
4257.051561396067
 30
0.0
 10
3398.565428154078
 20
4257.041701756338
 30
0.0
  0
LINE
  5
B18
330
6D1
100
AcDbEntity
  8
_TCH_MASK
  6
Continuous
 62
     7
100
AcDbLine
 10
3398.565428154078
 20
4257.041701756273
 30
0.0
 11
3398.551640808233
 21
4257.003489542259
 31
0.0
  0
SPLINE
  5
B19
330
6D1
100
AcDbEntity
  8
_TCH_MASK
  6
Continuous
 62
     7
100
AcDbSpline
210
0.0
220
0.0
230
1.0
 70
     8
 71
     3
 72
     8
 73
     4
 74
     0
 42
0.0000001
 43
0.0000000001
 40
0.0
 40
0.0
 40
0.0
 40
0.0
 40
1.0
 40
1.0
 40
1.0
 40
1.0
 10
3398.551640808233
 20
4257.003489542335
 30
0.0
 10
3398.551640808233
 20
4256.986615336733
 30
0.0
 10
3398.55733100744
 20
4256.973076738378
 30
0.0
 10
3398.56851079232
 20
4256.962869097745
 30
0.0
  0
SPLINE
  5
B1A
330
6D1
100
AcDbEntity
  8
_TCH_MASK
  6
Continuous
 62
     7
100
AcDbSpline
210
0.0
220
0.0
230
1.0
 70
     8
 71
     3
 72
     8
 73
     4
 74
     0
 42
0.0000001
 43
0.0000000001
 40
0.0
 40
0.0
 40
0.0
 40
0.0
 40
1.0
 40
1.0
 40
1.0
 40
1.0
 10
3399.619803022885
 20
4257.868895048487
 30
0.0
 10
3399.622549975895
 20
4257.828671665281
 30
0.0
 10
3399.642563558504
 20
4257.808658023313
 30
0.0
 10
3399.679451366377
 20
4257.808658023313
 30
0.0
  0
SPLINE
  5
B1B
330
6D1
100
AcDbEntity
  8
_TCH_MASK
  6
Continuous
 62
     7
100
AcDbSpline
210
0.0
220
0.0
230
1.0
 70
     8
 71
     3
 72
     8
 73
     4
 74
     0
 42
0.0000001
 43
0.0000000001
 40
0.0
 40
0.0
 40
0.0
 40
0.0
 40
1.0
 40
1.0
 40
1.0
 40
1.0
 10
3399.679451366377
 20
4257.808658023313
 30
0.0
 10
3399.696914198125
 20
4257.808658023313
 30
0.0
 10
3399.710845212803
 20
4257.813563362423
 30
0.0
 10
3399.721293581722
 20
4257.823715994612
 30
0.0
  0
SPLINE
  5
B1C
330
6D1
100
AcDbEntity
  8
_TCH_MASK
  6
Continuous
 62
     7
100
AcDbSpline
210
0.0
220
0.0
230
1.0
 70
     8
 71
     3
 72
     8
 73
     4
 74
     0
 42
0.0000001
 43
0.0000000001
 40
0.0
 40
0.0
 40
0.0
 40
0.0
 40
1.0
 40
1.0
 40
1.0
 40
1.0
 10
3399.721293581722
 20
4257.823715994612
 30
0.0
 10
3399.731643643667
 20
4257.833773099712
 30
0.0
 10
3399.736941363328
 20
4257.845938259332
 30
0.0
 10
3399.736941363328
 20
4257.860457892268
 30
0.0
  0
LINE
  5
B1D
330
6D1
100
AcDbEntity
  8
_TCH_MASK
  6
Continuous
 62
     7
100
AcDbLine
 10
3399.736941363328
 20
4257.860457892268
 30
0.0
 11
3399.726885957105
 21
4257.887297299166
 31
0.0
  0
LINE
  5
B1E
330
6D1
100
AcDbEntity
  8
_TCH_MASK
  6
Continuous
 62
     7
100
AcDbLine
 10
3399.726885957105
 20
4257.887297299166
 30
0.0
 11
3399.702753717102
 21
4257.902055106436
 31
0.0
  0
LINE
  5
B1F
330
6D1
100
AcDbEntity
  8
_TCH_MASK
  6
Continuous
 62
     7
100
AcDbLine
 10
3399.702753717102
 20
4257.902055106436
 30
0.0
 11
3399.65629838685
 21
4257.906763851323
 31
0.0
  0
LINE
  5
B20
330
6D1
100
AcDbEntity
  8
_TCH_MASK
  6
Continuous
 62
     7
100
AcDbLine
 10
3399.65629838685
 20
4257.942081990427
 30
0.0
 11
3399.711469776106
 21
4257.952436008404
 31
0.0
  0
SPLINE
  5
B21
330
6D1
100
AcDbEntity
  8
_TCH_MASK
  6
Continuous
 62
     7
100
AcDbSpline
210
0.0
220
0.0
230
1.0
 70
     8
 71
     3
 72
     8
 73
     4
 74
     0
 42
0.0000001
 43
0.0000000001
 40
0.0
 40
0.0
 40
0.0
 40
0.0
 40
1.0
 40
1.0
 40
1.0
 40
1.0
 10
3399.711469776106
 20
4257.952436008468
 30
0.0
 10
3399.721440652196
 20
4257.960329630813
 30
0.0
 10
3399.726542161793
 20
4257.97131745083
 30
0.0
 10
3399.726542161793
 20
4257.985444707276
 30
0.0
  0
LINE
  5
B22
330
6D1
100
AcDbEntity
  8
_TCH_MASK
  6
Continuous
 62
     7
100
AcDbLine
 10
3399.726542161793
 20
4257.985444707199
 30
0.0
 11
3399.712954728567
 21
4258.017568302462
 31
0.0
  0
LINE
  5
B23
330
6D1
100
AcDbEntity
  8
_TCH_MASK
  6
Continuous
 62
     7
100
AcDbLine
 10
3399.712954728567
 20
4258.017568302462
 30
0.0
 11
3399.678274078179
 21
4258.029592379088
 31
0.0
  0
SPLINE
  5
B24
330
6D1
100
AcDbEntity
  8
_TCH_MASK
  6
Continuous
 62
     7
100
AcDbSpline
210
0.0
220
0.0
230
1.0
 70
     8
 71
     3
 72
     8
 73
     4
 74
     0
 42
0.0000001
 43
0.0000000001
 40
0.0
 40
0.0
 40
0.0
 40
0.0
 40
1.0
 40
1.0
 40
1.0
 40
1.0
 10
3399.678274078179
 20
4258.029592379088
 30
0.0
 10
3399.646095375567
 20
4258.029592379088
 30
0.0
 10
3399.62882875785
 20
4258.009774927462
 30
0.0
 10
3399.626670423212
 20
4257.97053269366
 30
0.0
  0
SPLINE
  5
B25
330
6D1
100
AcDbEntity
  8
_TCH_MASK
  6
Continuous
 62
     7
100
AcDbSpline
210
0.0
220
0.0
230
1.0
 70
     8
 71
     3
 72
     8
 73
     4
 74
     0
 42
0.0000001
 43
0.0000000001
 40
0.0
 40
0.0
 40
0.0
 40
0.0
 40
1.0
 40
1.0
 40
1.0
 40
1.0
 10
3399.58840915269
 20
4257.977400030562
 30
0.0
 10
3399.58840915269
 20
4258.004673493029
 30
0.0
 10
3399.596846257438
 20
4258.026060566091
 30
0.0
 10
3399.613916665046
 20
4258.041561253428
 30
0.0
  0
SPLINE
  5
B26
330
6D1
100
AcDbEntity
  8
_TCH_MASK
  6
Continuous
 62
     7
100
AcDbSpline
210
0.0
220
0.0
230
1.0
 70
     8
 71
     3
 72
     8
 73
     4
 74
     0
 42
0.0000001
 43
0.0000000001
 40
0.0
 40
0.0
 40
0.0
 40
0.0
 40
1.0
 40
1.0
 40
1.0
 40
1.0
 10
3399.613916665046
 20
4258.041561253428
 30
0.0
 10
3399.630987068756
 20
4258.057061932916
 30
0.0
 10
3399.652766573737
 20
4258.064910419224
 30
0.0
 10
3399.679058938303
 20
4258.064910419224
 30
0.0
  0
SPLINE
  5
B27
330
6D1
100
AcDbEntity
  8
_TCH_MASK
  6
Continuous
 62
     7
100
AcDbSpline
210
0.0
220
0.0
230
1.0
 70
     8
 71
     3
 72
     8
 73
     4
 74
     0
 42
0.0000001
 43
0.0000000001
 40
0.0
 40
0.0
 40
0.0
 40
0.0
 40
1.0
 40
1.0
 40
1.0
 40
1.0
 10
3399.679058938303
 20
4258.064910419224
 30
0.0
 10
3399.704958870803
 20
4258.064910419224
 30
0.0
 10
3399.725561087624
 20
4258.057846793091
 30
0.0
 10
3399.741258028647
 20
4258.044112008279
 30
0.0
  0
SPLINE
  5
B28
330
6D1
100
AcDbEntity
  8
_TCH_MASK
  6
Continuous
 62
     7
100
AcDbSpline
210
0.0
220
0.0
230
1.0
 70
     8
 71
     3
 72
     8
 73
     4
 74
     0
 42
0.0000001
 43
0.0000000001
 40
0.0
 40
0.0
 40
0.0
 40
0.0
 40
1.0
 40
1.0
 40
1.0
 40
1.0
 10
3399.741258028647
 20
4258.044112008279
 30
0.0
 10
3399.756954957819
 20
4258.030377239261
 30
0.0
 10
3399.764803420433
 20
4258.011737119382
 30
0.0
 10
3399.764803420433
 20
4257.988584139744
 30
0.0
  0
LINE
  5
B29
330
6D1
100
AcDbEntity
  8
_TCH_MASK
  6
Continuous
 62
     7
100
AcDbLine
 10
3399.764803420433
 20
4257.988584139744
 30
0.0
 11
3399.755821487037
 21
4257.95166905538
 31
0.0
  0
LINE
  5
B2A
330
6D1
100
AcDbEntity
  8
_TCH_MASK
  6
Continuous
 62
     7
100
AcDbLine
 10
3399.755821487037
 20
4257.95166905538
 30
0.0
 11
3399.723010344693
 21
4257.928739594155
 31
0.0
  0
SPLINE
  5
B2B
330
6D1
100
AcDbEntity
  8
_TCH_MASK
  6
Continuous
 62
     7
100
AcDbSpline
210
0.0
220
0.0
230
1.0
 70
     8
 71
     3
 72
     8
 73
     4
 74
     0
 42
0.0000001
 43
0.0000000001
 40
0.0
 40
0.0
 40
0.0
 40
0.0
 40
1.0
 40
1.0
 40
1.0
 40
1.0
 10
3399.723010344693
 20
4257.928739594155
 30
0.0
 10
3399.757739790221
 20
4257.919517581734
 30
0.0
 10
3399.775202645745
 20
4257.896953268189
 30
0.0
 10
3399.775202645745
 20
4257.86104656218
 30
0.0
  0
SPLINE
  5
B2C
330
6D1
100
AcDbEntity
  8
_TCH_MASK
  6
Continuous
 62
     7
100
AcDbSpline
210
0.0
220
0.0
230
1.0
 70
     8
 71
     3
 72
     8
 73
     4
 74
     0
 42
0.0000001
 43
0.0000000001
 40
0.0
 40
0.0
 40
0.0
 40
0.0
 40
1.0
 40
1.0
 40
1.0
 40
1.0
 10
3399.775202645745
 20
4257.86104656218
 30
0.0
 10
3399.775202645745
 20
4257.835539006287
 30
0.0
 10
3399.766373112929
 20
4257.814544412862
 30
0.0
 10
3399.748714043381
 20
4257.798062607736
 30
0.0
  0
SPLINE
  5
B2D
330
6D1
100
AcDbEntity
  8
_TCH_MASK
  6
Continuous
 62
     7
100
AcDbSpline
210
0.0
220
0.0
230
1.0
 70
     8
 71
     3
 72
     8
 73
     4
 74
     0
 42
0.0000001
 43
0.0000000001
 40
0.0
 40
0.0
 40
0.0
 40
0.0
 40
1.0
 40
1.0
 40
1.0
 40
1.0
 10
3399.748714043381
 20
4257.798062607736
 30
0.0
 10
3399.73105502133
 20
4257.78158085009
 30
0.0
 10
3399.707117209401
 20
4257.773339983255
 30
0.0
 10
3399.676900599705
 20
4257.773339983255
 30
0.0
  0
SPLINE
  5
B2E
330
6D1
100
AcDbEntity
  8
_TCH_MASK
  6
Continuous
 62
     7
100
AcDbSpline
210
0.0
220
0.0
230
1.0
 70
     8
 71
     3
 72
     8
 73
     4
 74
     0
 42
0.0000001
 43
0.0000000001
 40
0.0
 40
0.0
 40
0.0
 40
0.0
 40
1.0
 40
1.0
 40
1.0
 40
1.0
 10
3399.676900599705
 20
4257.773339983255
 30
0.0
 10
3399.64688023174
 20
4257.773339983255
 30
0.0
 10
3399.623727252219
 20
4257.781384659891
 30
0.0
 10
3399.607196351033
 20
4257.797817123327
 30
0.0
  0
SPLINE
  5
B2F
330
6D1
100
AcDbEntity
  8
_TCH_MASK
  6
Continuous
 62
     7
100
AcDbSpline
210
0.0
220
0.0
230
1.0
 70
     8
 71
     3
 72
     8
 73
     4
 74
     0
 42
0.0000001
 43
0.0000000001
 40
0.0
 40
0.0
 40
0.0
 40
0.0
 40
1.0
 40
1.0
 40
1.0
 40
1.0
 10
3399.607196351033
 20
4257.797817123327
 30
0.0
 10
3399.590763689513
 20
4257.814151933214
 30
0.0
 10
3399.582326596647
 20
4257.837893582619
 30
0.0
 10
3399.581541748406
 20
4257.868895048487
 30
0.0
  0
SPLINE
  5
B30
330
6D1
100
AcDbEntity
  8
_TCH_MASK
  6
Continuous
 62
     7
100
AcDbSpline
210
0.0
220
0.0
230
1.0
 70
     8
 71
     3
 72
     8
 73
     4
 74
     0
 42
0.0000001
 43
0.0000000001
 40
0.0
 40
0.0
 40
0.0
 40
0.0
 40
1.0
 40
1.0
 40
1.0
 40
1.0
 10
3399.680681884915
 20
4256.051386571923
 30
0.0
 10
3399.729734796937
 20
4256.051386571923
 30
0.0
 10
3399.757008215856
 20
4256.026467681903
 30
0.0
 10
3399.76289456182
 20
4255.976433719523
 30
0.0
  0
SPLINE
  5
B31
330
6D1
100
AcDbEntity
  8
_TCH_MASK
  6
Continuous
 62
     7
100
AcDbSpline
210
0.0
220
0.0
230
1.0
 70
     8
 71
     3
 72
     8
 73
     4
 74
     0
 42
0.0000001
 43
0.0000000001
 40
0.0
 40
0.0
 40
0.0
 40
0.0
 40
1.0
 40
1.0
 40
1.0
 40
1.0
 10
3399.724633287333
 20
4255.976433719523
 30
0.0
 10
3399.718746941378
 20
4256.002922325778
 30
0.0
 10
3399.703442432372
 20
4256.016068432894
 30
0.0
 10
3399.678719768271
 20
4256.016068432894
 30
0.0
  0
SPLINE
  5
B32
330
6D1
100
AcDbEntity
  8
_TCH_MASK
  6
Continuous
 62
     7
100
AcDbSpline
210
0.0
220
0.0
230
1.0
 70
     8
 71
     3
 72
     8
 73
     4
 74
     0
 42
0.0000001
 43
0.0000000001
 40
0.0
 40
0.0
 40
0.0
 40
0.0
 40
1.0
 40
1.0
 40
1.0
 40
1.0
 10
3399.678719768271
 20
4256.016068432894
 30
0.0
 10
3399.661649352712
 20
4256.016068432894
 30
0.0
 10
3399.648110750248
 20
4256.009004806609
 30
0.0
 10
3399.637973142353
 20
4255.99463499623
 30
0.0
  0
SPLINE
  5
B33
330
6D1
100
AcDbEntity
  8
_TCH_MASK
  6
Continuous
 62
     7
100
AcDbSpline
210
0.0
220
0.0
230
1.0
 70
     8
 71
     3
 72
     8
 73
     4
 74
     0
 42
0.0000001
 43
0.0000000001
 40
0.0
 40
0.0
 40
0.0
 40
0.0
 40
1.0
 40
1.0
 40
1.0
 40
1.0
 10
3399.637973142353
 20
4255.99463499623
 30
0.0
 10
3399.62790094968
 20
4255.980357913254
 30
0.0
 10
3399.62005248708
 20
4255.953280739952
 30
0.0
 10
3399.614166137151
 20
4255.913253551048
 30
0.0
  0
SPLINE
  5
B34
330
6D1
100
AcDbEntity
  8
_TCH_MASK
  6
Continuous
 62
     7
100
AcDbSpline
210
0.0
220
0.0
230
1.0
 70
     8
 71
     3
 72
     8
 73
     4
 74
     0
 42
0.0000001
 43
0.0000000001
 40
0.0
 40
0.0
 40
0.0
 40
0.0
 40
1.0
 40
1.0
 40
1.0
 40
1.0
 10
3399.614166137151
 20
4255.913253551048
 30
0.0
 10
3399.628293373782
 20
4255.937780056579
 30
0.0
 10
3399.650661501102
 20
4255.949945117155
 30
0.0
 10
3399.68146672917
 20
4255.949945117155
 30
0.0
  0
SPLINE
  5
B35
330
6D1
100
AcDbEntity
  8
_TCH_MASK
  6
Continuous
 62
     7
100
AcDbSpline
210
0.0
220
0.0
230
1.0
 70
     8
 71
     3
 72
     8
 73
     4
 74
     0
 42
0.0000001
 43
0.0000000001
 40
0.0
 40
0.0
 40
0.0
 40
0.0
 40
1.0
 40
1.0
 40
1.0
 40
1.0
 10
3399.68146672917
 20
4255.949945117155
 30
0.0
 10
3399.70736666565
 20
4255.949945117155
 30
0.0
 10
3399.72816510444
 20
4255.941704250242
 30
0.0
 10
3399.744303577551
 20
4255.92507375902
 30
0.0
  0
SPLINE
  5
B36
330
6D1
100
AcDbEntity
  8
_TCH_MASK
  6
Continuous
 62
     7
100
AcDbSpline
210
0.0
220
0.0
230
1.0
 70
     8
 71
     3
 72
     8
 73
     4
 74
     0
 42
0.0000001
 43
0.0000000001
 40
0.0
 40
0.0
 40
0.0
 40
0.0
 40
1.0
 40
1.0
 40
1.0
 40
1.0
 10
3399.744303577551
 20
4255.92507375902
 30
0.0
 10
3399.760343814924
 20
4255.908544497208
 30
0.0
 10
3399.768192281495
 20
4255.886176373927
 30
0.0
 10
3399.768192281495
 20
4255.858314344489
 30
0.0
  0
SPLINE
  5
B37
330
6D1
100
AcDbEntity
  8
_TCH_MASK
  6
Continuous
 62
     7
100
AcDbSpline
210
0.0
220
0.0
230
1.0
 70
     8
 71
     3
 72
     8
 73
     4
 74
     0
 42
0.0000001
 43
0.0000000001
 40
0.0
 40
0.0
 40
0.0
 40
0.0
 40
1.0
 40
1.0
 40
1.0
 40
1.0
 10
3399.768192281495
 20
4255.858314344489
 30
0.0
 10
3399.768192281495
 20
4255.829667352023
 30
0.0
 10
3399.759951390821
 20
4255.806121991937
 30
0.0
 10
3399.743469585694
 20
4255.787678086014
 30
0.0
  0
SPLINE
  5
B38
330
6D1
100
AcDbEntity
  8
_TCH_MASK
  6
Continuous
 62
     7
100
AcDbSpline
210
0.0
220
0.0
230
1.0
 70
     8
 71
     3
 72
     8
 73
     4
 74
     0
 42
0.0000001
 43
0.0000000001
 40
0.0
 40
0.0
 40
0.0
 40
0.0
 40
1.0
 40
1.0
 40
1.0
 40
1.0
 10
3399.743469585694
 20
4255.787678086014
 30
0.0
 10
3399.726987832044
 20
4255.769234235631
 30
0.0
 10
3399.704227280614
 20
4255.759816033024
 30
0.0
 10
3399.675384169168
 20
4255.759816033024
 30
0.0
  0
SPLINE
  5
B39
330
6D1
100
AcDbEntity
  8
_TCH_MASK
  6
Continuous
 62
     7
100
AcDbSpline
210
0.0
220
0.0
230
1.0
 70
     8
 71
     3
 72
     8
 73
     4
 74
     0
 42
0.0000001
 43
0.0000000001
 40
0.0
 40
0.0
 40
0.0
 40
0.0
 40
1.0
 40
1.0
 40
1.0
 40
1.0
 10
3399.675384169168
 20
4255.759816033024
 30
0.0
 10
3399.645559999424
 20
4255.759816033024
 30
0.0
 10
3399.621818389642
 20
4255.771000142206
 30
0.0
 10
3399.60441590831
 20
4255.793023614868
 30
0.0
  0
SPLINE
  5
B3A
330
6D1
100
AcDbEntity
  8
_TCH_MASK
  6
Continuous
 62
     7
100
AcDbSpline
210
0.0
220
0.0
230
1.0
 70
     8
 71
     3
 72
     8
 73
     4
 74
     0
 42
0.0000001
 43
0.0000000001
 40
0.0
 40
0.0
 40
0.0
 40
0.0
 40
1.0
 40
1.0
 40
1.0
 40
1.0
 10
3399.60441590831
 20
4255.793023614868
 30
0.0
 10
3399.587088928296
 20
4255.814951528814
 30
0.0
 10
3399.578259407368
 20
4255.84889614188
 30
0.0
 10
3399.578259407368
 20
4255.894417240762
 30
0.0
  0
SPLINE
  5
B3B
330
6D1
100
AcDbEntity
  8
_TCH_MASK
  6
Continuous
 62
     7
100
AcDbSpline
210
0.0
220
0.0
230
1.0
 70
     8
 71
     3
 72
     8
 73
     4
 74
     0
 42
0.0000001
 43
0.0000000001
 40
0.0
 40
0.0
 40
0.0
 40
0.0
 40
1.0
 40
1.0
 40
1.0
 40
1.0
 10
3399.578259407368
 20
4255.894417240762
 30
0.0
 10
3399.578259407368
 20
4255.943862537421
 30
0.0
 10
3399.587481352443
 20
4255.982516299321
 30
0.0
 10
3399.605487868438
 20
4256.010015343261
 30
0.0
  0
SPLINE
  5
B3C
330
6D1
100
AcDbEntity
  8
_TCH_MASK
  6
Continuous
 62
     7
100
AcDbSpline
210
0.0
220
0.0
230
1.0
 70
     8
 71
     3
 72
     8
 73
     4
 74
     0
 42
0.0000001
 43
0.0000000001
 40
0.0
 40
0.0
 40
0.0
 40
0.0
 40
1.0
 40
1.0
 40
1.0
 40
1.0
 10
3399.605487868438
 20
4256.010015343261
 30
0.0
 10
3399.623584296204
 20
4256.037651696078
 30
0.0
 10
3399.648699384459
 20
4256.051386571923
 30
0.0
 10
3399.680681884915
 20
4256.051386571923
 30
0.0
  0
SPLINE
  5
B3D
330
6D1
100
AcDbEntity
  8
_TCH_MASK
  6
Continuous
 62
     7
100
AcDbSpline
210
0.0
220
0.0
230
1.0
 70
     8
 71
     3
 72
     8
 73
     4
 74
     0
 42
0.0000001
 43
0.0000000001
 40
0.0
 40
0.0
 40
0.0
 40
0.0
 40
1.0
 40
1.0
 40
1.0
 40
1.0
 10
3399.715071376312
 20
4255.811174710497
 30
0.0
 10
3399.725025711479
 20
4255.821818964684
 30
0.0
 10
3399.729931003051
 20
4255.836534791932
 30
0.0
 10
3399.729931003051
 20
4255.85497871773
 30
0.0
  0
SPLINE
  5
B3E
330
6D1
100
AcDbEntity
  8
_TCH_MASK
  6
Continuous
 62
     7
100
AcDbSpline
210
0.0
220
0.0
230
1.0
 70
     8
 71
     3
 72
     8
 73
     4
 74
     0
 42
0.0000001
 43
0.0000000001
 40
0.0
 40
0.0
 40
0.0
 40
0.0
 40
1.0
 40
1.0
 40
1.0
 40
1.0
 10
3399.729931003051
 20
4255.85497871773
 30
0.0
 10
3399.729931003051
 20
4255.873422548445
 30
0.0
 10
3399.725221925518
 20
4255.887942280501
 30
0.0
 10
3399.715460105748
 20
4255.898582669747
 30
0.0
  0
SPLINE
  5
B3F
330
6D1
100
AcDbEntity
  8
_TCH_MASK
  6
Continuous
 62
     7
100
AcDbSpline
210
0.0
220
0.0
230
1.0
 70
     8
 71
     3
 72
     8
 73
     4
 74
     0
 42
0.0000001
 43
0.0000000001
 40
0.0
 40
0.0
 40
0.0
 40
0.0
 40
1.0
 40
1.0
 40
1.0
 40
1.0
 10
3399.715460105748
 20
4255.898582669747
 30
0.0
 10
3399.705600763053
 20
4255.909329357382
 30
0.0
 10
3399.69284700491
 20
4255.914627077019
 30
0.0
 10
3399.676953861694
 20
4255.914627077019
 30
0.0
  0
SPLINE
  5
B40
330
6D1
100
AcDbEntity
  8
_TCH_MASK
  6
Continuous
 62
     7
100
AcDbSpline
210
0.0
220
0.0
230
1.0
 70
     8
 71
     3
 72
     8
 73
     4
 74
     0
 42
0.0000001
 43
0.0000000001
 40
0.0
 40
0.0
 40
0.0
 40
0.0
 40
1.0
 40
1.0
 40
1.0
 40
1.0
 10
3399.676953861694
 20
4255.914627077019
 30
0.0
 10
3399.66125693253
 20
4255.914627077019
 30
0.0
 10
3399.648110750248
 20
4255.909525543607
 30
0.0
 10
3399.637760910089
 20
4255.899077151066
 30
0.0
  0
SPLINE
  5
B41
330
6D1
100
AcDbEntity
  8
_TCH_MASK
  6
Continuous
 62
     7
100
AcDbSpline
210
0.0
220
0.0
230
1.0
 70
     8
 71
     3
 72
     8
 73
     4
 74
     0
 42
0.0000001
 43
0.0000000001
 40
0.0
 40
0.0
 40
0.0
 40
0.0
 40
1.0
 40
1.0
 40
1.0
 40
1.0
 10
3399.637760910089
 20
4255.899077151066
 30
0.0
 10
3399.627508529505
 20
4255.888727140523
 30
0.0
 10
3399.622210813788
 20
4255.874599884152
 30
0.0
 10
3399.622210813788
 20
4255.856744624293
 30
0.0
  0
SPLINE
  5
B42
330
6D1
100
AcDbEntity
  8
_TCH_MASK
  6
Continuous
 62
     7
100
AcDbSpline
210
0.0
220
0.0
230
1.0
 70
     8
 71
     3
 72
     8
 73
     4
 74
     0
 42
0.0000001
 43
0.0000000001
 40
0.0
 40
0.0
 40
0.0
 40
0.0
 40
1.0
 40
1.0
 40
1.0
 40
1.0
 10
3399.622210813788
 20
4255.856744624293
 30
0.0
 10
3399.622210813788
 20
4255.839281749
 30
0.0
 10
3399.627312315469
 20
4255.824565921696
 30
0.0
 10
3399.63718041766
 20
4255.812841414977
 30
0.0
  0
SPLINE
  5
B43
330
6D1
100
AcDbEntity
  8
_TCH_MASK
  6
Continuous
 62
     7
100
AcDbSpline
210
0.0
220
0.0
230
1.0
 70
     8
 71
     3
 72
     8
 73
     4
 74
     0
 42
0.0000001
 43
0.0000000001
 40
0.0
 40
0.0
 40
0.0
 40
0.0
 40
1.0
 40
1.0
 40
1.0
 40
1.0
 10
3399.63718041766
 20
4255.812841414977
 30
0.0
 10
3399.647129691919
 20
4255.801020462629
 30
0.0
 10
3399.660275874202
 20
4255.795134172128
 30
0.0
 10
3399.676365227482
 20
4255.795134172128
 30
0.0
  0
SPLINE
  5
B44
330
6D1
100
AcDbEntity
  8
_TCH_MASK
  6
Continuous
 62
     7
100
AcDbSpline
210
0.0
220
0.0
230
1.0
 70
     8
 71
     3
 72
     8
 73
     4
 74
     0
 42
0.0000001
 43
0.0000000001
 40
0.0
 40
0.0
 40
0.0
 40
0.0
 40
1.0
 40
1.0
 40
1.0
 40
1.0
 10
3399.676365227482
 20
4255.795134172128
 30
0.0
 10
3399.692258370698
 20
4255.795134172128
 30
0.0
 10
3399.705208338943
 20
4255.800628082104
 30
0.0
 10
3399.715071376312
 20
4255.811174710497
 30
0.0
  0
LINE
  5
B45
330
6D1
100
AcDbEntity
  8
_TCH_MASK
  6
Continuous
 62
     7
100
AcDbLine
 10
3400.789388329897
 20
4256.827483235702
 30
0.0
 11
3400.744305880158
 21
4256.813290366046
 31
0.0
  0
SPLINE
  5
B46
330
6D1
100
AcDbEntity
  8
_TCH_MASK
  6
Continuous
 62
     7
100
AcDbSpline
210
0.0
220
0.0
230
1.0
 70
     8
 71
     3
 72
     8
 73
     4
 74
     0
 42
0.0000001
 43
0.0000000001
 40
0.0
 40
0.0
 40
0.0
 40
0.0
 40
1.0
 40
1.0
 40
1.0
 40
1.0
 10
3400.744305880158
 20
4256.851551648452
 30
0.0
 10
3400.772168012496
 20
4256.858222850632
 30
0.0
 10
3400.786098979676
 20
4256.873919771811
 30
0.0
 10
3400.786098979676
 20
4256.898838657945
 30
0.0
  0
LINE
  5
B47
330
6D1
100
AcDbEntity
  8
_TCH_MASK
  6
Continuous
 62
     7
100
AcDbLine
 10
3400.786098979676
 20
4256.898838657867
 30
0.0
 11
3400.776923097335
 21
4256.926732874152
 31
0.0
  0
LINE
  5
B48
330
6D1
100
AcDbEntity
  8
_TCH_MASK
  6
Continuous
 62
     7
100
AcDbLine
 10
3400.776923097335
 20
4256.926732874152
 30
0.0
 11
3400.750958280231
 21
4256.94804922542
 31
0.0
  0
LINE
  5
B49
330
6D1
100
AcDbEntity
  8
_TCH_MASK
  6
Continuous
 62
     7
100
AcDbLine
 10
3400.750958280231
 20
4256.94804922542
 30
0.0
 11
3400.685442384929
 21
4256.962607401162
 31
0.0
  0
SPLINE
  5
B4A
330
6D1
100
AcDbEntity
  8
_TCH_MASK
  6
Continuous
 62
     7
100
AcDbSpline
210
0.0
220
0.0
230
1.0
 70
     8
 71
     3
 72
     8
 73
     4
 74
     0
 42
0.0000001
 43
0.0000000001
 40
0.0
 40
0.0
 40
0.0
 40
0.0
 40
1.0
 40
1.0
 40
1.0
 40
1.0
 10
3400.685442384929
 20
4256.962607401162
 30
0.0
 10
3400.706829556897
 20
4256.944752188855
 30
0.0
 10
3400.717621087541
 20
4256.922187827692
 30
0.0
 10
3400.717621087541
 20
4256.895110654531
 30
0.0
  0
SPLINE
  5
B4B
330
6D1
100
AcDbEntity
  8
_TCH_MASK
  6
Continuous
 62
     7
100
AcDbSpline
210
0.0
220
0.0
230
1.0
 70
     8
 71
     3
 72
     8
 73
     4
 74
     0
 42
0.0000001
 43
0.0000000001
 40
0.0
 40
0.0
 40
0.0
 40
0.0
 40
1.0
 40
1.0
 40
1.0
 40
1.0
 10
3400.717621087541
 20
4256.895110654531
 30
0.0
 10
3400.717621087541
 20
4256.869014480168
 30
0.0
 10
3400.709184030333
 20
4256.848019835313
 30
0.0
 10
3400.692653196471
 20
4256.831980936405
 30
0.0
  0
SPLINE
  5
B4C
330
6D1
100
AcDbEntity
  8
_TCH_MASK
  6
Continuous
 62
     7
100
AcDbSpline
210
0.0
220
0.0
230
1.0
 70
     8
 71
     3
 72
     8
 73
     4
 74
     0
 42
0.0000001
 43
0.0000000001
 40
0.0
 40
0.0
 40
0.0
 40
0.0
 40
1.0
 40
1.0
 40
1.0
 40
1.0
 10
3400.692653196471
 20
4256.831980936405
 30
0.0
 10
3400.676220566638
 20
4256.81603732297
 30
0.0
 10
3400.655225973213
 20
4256.80799264641
 30
0.0
 10
3400.629718318305
 20
4256.80799264641
 30
0.0
  0
SPLINE
  5
B4D
330
6D1
100
AcDbEntity
  8
_TCH_MASK
  6
Continuous
 62
     7
100
AcDbSpline
210
0.0
220
0.0
230
1.0
 70
     8
 71
     3
 72
     8
 73
     4
 74
     0
 42
0.0000001
 43
0.0000000001
 40
0.0
 40
0.0
 40
0.0
 40
0.0
 40
1.0
 40
1.0
 40
1.0
 40
1.0
 10
3400.629718318305
 20
4256.80799264641
 30
0.0
 10
3400.600679048249
 20
4256.80799264641
 30
0.0
 10
3400.576937398895
 20
4256.81623356085
 30
0.0
 10
3400.558101104485
 20
4256.832519116207
 30
0.0
  0
SPLINE
  5
B4E
330
6D1
100
AcDbEntity
  8
_TCH_MASK
  6
Continuous
 62
     7
100
AcDbSpline
210
0.0
220
0.0
230
1.0
 70
     8
 71
     3
 72
     8
 73
     4
 74
     0
 42
0.0000001
 43
0.0000000001
 40
0.0
 40
0.0
 40
0.0
 40
0.0
 40
1.0
 40
1.0
 40
1.0
 40
1.0
 10
3400.558101104485
 20
4256.832519116207
 30
0.0
 10
3400.539264786348
 20
4256.848804695489
 30
0.0
 10
3400.529846678743
 20
4256.871172814951
 30
0.0
 10
3400.529846678743
 20
4256.899623517965
 30
0.0
  0
SPLINE
  5
B4F
330
6D1
100
AcDbEntity
  8
_TCH_MASK
  6
Continuous
 62
     7
100
AcDbSpline
210
0.0
220
0.0
230
1.0
 70
     8
 71
     3
 72
     8
 73
     4
 74
     0
 42
0.0000001
 43
0.0000000001
 40
0.0
 40
0.0
 40
0.0
 40
0.0
 40
1.0
 40
1.0
 40
1.0
 40
1.0
 10
3400.529846678743
 20
4256.899623517965
 30
0.0
 10
3400.529846678743
 20
4256.930428746172
 30
0.0
 10
3400.541226883186
 20
4256.953974153733
 30
0.0
 10
3400.564379838936
 20
4256.970455919306
 30
0.0
  0
SPLINE
  5
B50
330
6D1
100
AcDbEntity
  8
_TCH_MASK
  6
Continuous
 62
     7
100
AcDbSpline
210
0.0
220
0.0
230
1.0
 70
     8
 71
     3
 72
     8
 73
     4
 74
     0
 42
0.0000001
 43
0.0000000001
 40
0.0
 40
0.0
 40
0.0
 40
0.0
 40
1.0
 40
1.0
 40
1.0
 40
1.0
 10
3400.564379838936
 20
4256.970455919306
 30
0.0
 10
3400.587532842241
 20
4256.986937716429
 30
0.0
 10
3400.620496404933
 20
4256.995178583405
 30
0.0
 10
3400.663270649864
 20
4256.995178583405
 30
0.0
  0
SPLINE
  5
B51
330
6D1
100
AcDbEntity
  8
_TCH_MASK
  6
Continuous
 62
     7
100
AcDbSpline
210
0.0
220
0.0
230
1.0
 70
     8
 71
     3
 72
     8
 73
     4
 74
     0
 42
0.0000001
 43
0.0000000001
 40
0.0
 40
0.0
 40
0.0
 40
0.0
 40
1.0
 40
1.0
 40
1.0
 40
1.0
 10
3400.663270649864
 20
4256.995178583405
 30
0.0
 10
3400.715070518849
 20
4256.995178583405
 30
0.0
 10
3400.754508942949
 20
4256.986545236857
 30
0.0
 10
3400.781238895419
 20
4256.968954596072
 30
0.0
  0
SPLINE
  5
B52
330
6D1
100
AcDbEntity
  8
_TCH_MASK
  6
Continuous
 62
     7
100
AcDbSpline
210
0.0
220
0.0
230
1.0
 70
     8
 71
     3
 72
     8
 73
     4
 74
     0
 42
0.0000001
 43
0.0000000001
 40
0.0
 40
0.0
 40
0.0
 40
0.0
 40
1.0
 40
1.0
 40
1.0
 40
1.0
 10
3400.781238895419
 20
4256.968954596072
 30
0.0
 10
3400.807878532171
 20
4256.951423386996
 30
0.0
 10
3400.821417118788
 20
4256.926700691268
 30
0.0
 10
3400.821417118788
 20
4256.894718226399
 30
0.0
  0
LINE
  5
B53
330
6D1
100
AcDbEntity
  8
_TCH_MASK
  6
Continuous
 62
     7
100
AcDbLine
 10
3400.821417118788
 20
4256.894718226399
 30
0.0
 11
3400.813176224154
 21
4256.855279620159
 31
0.0
  0
LINE
  5
B54
330
6D1
100
AcDbEntity
  8
_TCH_MASK
  6
Continuous
 62
     7
100
AcDbLine
 10
3400.813176224154
 20
4256.855279620159
 30
0.0
 11
3400.789388329897
 21
4256.827483235702
 31
0.0
  0
SPLINE
  5
B55
330
6D1
100
AcDbEntity
  8
_TCH_MASK
  6
Continuous
 62
     7
100
AcDbSpline
210
0.0
220
0.0
230
1.0
 70
     8
 71
     3
 72
     8
 73
     4
 74
     0
 42
0.0000001
 43
0.0000000001
 40
0.0
 40
0.0
 40
0.0
 40
0.0
 40
1.0
 40
1.0
 40
1.0
 40
1.0
 10
3400.666017551397
 20
4256.941612855354
 30
0.0
 10
3400.655225973213
 20
4256.951815819027
 30
0.0
 10
3400.641491097327
 20
4256.956917296961
 30
0.0
 10
3400.624813078175
 20
4256.956917296961
 30
0.0
  0
SPLINE
  5
B56
330
6D1
100
AcDbEntity
  8
_TCH_MASK
  6
Continuous
 62
     7
100
AcDbSpline
210
0.0
220
0.0
230
1.0
 70
     8
 71
     3
 72
     8
 73
     4
 74
     0
 42
0.0000001
 43
0.0000000001
 40
0.0
 40
0.0
 40
0.0
 40
0.0
 40
1.0
 40
1.0
 40
1.0
 40
1.0
 10
3400.624813078175
 20
4256.956917296961
 30
0.0
 10
3400.607742674503
 20
4256.956917296961
 30
0.0
 10
3400.593615422004
 20
4256.95201200547
 30
0.0
 10
3400.582235142334
 20
4256.941808970344
 30
0.0
  0
SPLINE
  5
B57
330
6D1
100
AcDbEntity
  8
_TCH_MASK
  6
Continuous
 62
     7
100
AcDbSpline
210
0.0
220
0.0
230
1.0
 70
     8
 71
     3
 72
     8
 73
     4
 74
     0
 42
0.0000001
 43
0.0000000001
 40
0.0
 40
0.0
 40
0.0
 40
0.0
 40
1.0
 40
1.0
 40
1.0
 40
1.0
 10
3400.582235142334
 20
4256.941808970344
 30
0.0
 10
3400.570854918085
 20
4256.931605982835
 30
0.0
 10
3400.56516471885
 20
4256.918067396298
 30
0.0
 10
3400.56516471885
 20
4256.901193186801
 30
0.0
  0
SPLINE
  5
B58
330
6D1
100
AcDbEntity
  8
_TCH_MASK
  6
Continuous
 62
     7
100
AcDbSpline
210
0.0
220
0.0
230
1.0
 70
     8
 71
     3
 72
     8
 73
     4
 74
     0
 42
0.0000001
 43
0.0000000001
 40
0.0
 40
0.0
 40
0.0
 40
0.0
 40
1.0
 40
1.0
 40
1.0
 40
1.0
 10
3400.56516471885
 20
4256.901193186801
 30
0.0
 10
3400.56516471885
 20
4256.884907643253
 30
0.0
 10
3400.570658628821
 20
4256.871761437245
 30
0.0
 10
3400.581994916866
 20
4256.861509539726
 30
0.0
  0
SPLINE
  5
B59
330
6D1
100
AcDbEntity
  8
_TCH_MASK
  6
Continuous
 62
     7
100
AcDbSpline
210
0.0
220
0.0
230
1.0
 70
     8
 71
     3
 72
     8
 73
     4
 74
     0
 42
0.0000001
 43
0.0000000001
 40
0.0
 40
0.0
 40
0.0
 40
0.0
 40
1.0
 40
1.0
 40
1.0
 40
1.0
 10
3400.581994916866
 20
4256.861509539726
 30
0.0
 10
3400.593223041447
 20
4256.85135546215
 30
0.0
 10
3400.607546484236
 20
4256.846253928739
 30
0.0
 10
3400.62520545478
 20
4256.846253928739
 30
0.0
  0
SPLINE
  5
B5A
330
6D1
100
AcDbEntity
  8
_TCH_MASK
  6
Continuous
 62
     7
100
AcDbSpline
210
0.0
220
0.0
230
1.0
 70
     8
 71
     3
 72
     8
 73
     4
 74
     0
 42
0.0000001
 43
0.0000000001
 40
0.0
 40
0.0
 40
0.0
 40
0.0
 40
1.0
 40
1.0
 40
1.0
 40
1.0
 10
3400.62520545478
 20
4256.846253928739
 30
0.0
 10
3400.641687188617
 20
4256.846253928739
 30
0.0
 10
3400.655422064505
 20
4256.85135546215
 30
0.0
 10
3400.66616808682
 20
4256.861411299989
 30
0.0
  0
SPLINE
  5
B5B
330
6D1
100
AcDbEntity
  8
_TCH_MASK
  6
Continuous
 62
     7
100
AcDbSpline
210
0.0
220
0.0
230
1.0
 70
     8
 71
     3
 72
     8
 73
     4
 74
     0
 42
0.0000001
 43
0.0000000001
 40
0.0
 40
0.0
 40
0.0
 40
0.0
 40
1.0
 40
1.0
 40
1.0
 40
1.0
 10
3400.66616808682
 20
4256.861411299989
 30
0.0
 10
3400.676809236473
 20
4256.871369005215
 30
0.0
 10
3400.682303146401
 20
4256.884318973353
 30
0.0
 10
3400.682303146401
 20
4256.900212136375
 30
0.0
  0
SPLINE
  5
B5C
330
6D1
100
AcDbEntity
  8
_TCH_MASK
  6
Continuous
 62
     7
100
AcDbSpline
210
0.0
220
0.0
230
1.0
 70
     8
 71
     3
 72
     8
 73
     4
 74
     0
 42
0.0000001
 43
0.0000000001
 40
0.0
 40
0.0
 40
0.0
 40
0.0
 40
1.0
 40
1.0
 40
1.0
 40
1.0
 10
3400.682303146401
 20
4256.900212136375
 30
0.0
 10
3400.682303146401
 20
4256.917674968154
 30
0.0
 10
3400.676809236473
 20
4256.931409792572
 30
0.0
 10
3400.666017551397
 20
4256.941612855354
 30
0.0
  0
LINE
  5
B5D
330
6D1
100
AcDbEntity
  8
_TCH_MASK
  6
Continuous
 62
     7
100
AcDbLine
 10
3398.813169496316
 20
4256.204365434888
 30
0.0
 11
3398.775805771671
 21
4256.243966215076
 31
0.0
  0
LINE
  5
B5E
330
6D1
100
AcDbEntity
  8
_TCH_MASK
  6
Continuous
 62
     7
100
AcDbLine
 10
3398.775805771671
 20
4256.243966215076
 30
0.0
 11
3398.73144097293
 21
4256.24350097837
 31
0.0
  0
LINE
  5
B5F
330
6D1
100
AcDbEntity
  8
_TCH_MASK
  6
Continuous
 62
     7
100
AcDbLine
 10
3398.702015598952
 20
4256.396889630051
 30
0.0
 11
3398.664651882238
 21
4256.436490414199
 31
0.0
  0
LINE
  5
B60
330
6D1
100
AcDbEntity
  8
_TCH_MASK
  6
Continuous
 62
     7
100
AcDbLine
 10
3398.664651882238
 20
4256.436490414199
 30
0.0
 11
3398.620287079524
 21
4256.436025169569
 31
0.0
  0
SPLINE
  5
B61
330
6D1
100
AcDbEntity
  8
_TCH_MASK
  6
Continuous
 62
     7
100
AcDbSpline
210
0.0
220
0.0
230
1.0
 70
     8
 71
     3
 72
     8
 73
     4
 74
     0
 42
0.0000001
 43
0.0000000001
 40
0.0
 40
0.0
 40
0.0
 40
0.0
 40
1.0
 40
1.0
 40
1.0
 40
1.0
 10
3399.084327656994
 20
4257.845462924682
 30
0.0
 10
3399.081017940452
 20
4257.830406335471
 30
0.0
 10
3399.084938938417
 20
4257.813412003282
 30
0.0
 10
3399.096515428202
 20
4257.79336093531
 30
0.0
  0
SPLINE
  5
B62
330
6D1
100
AcDbEntity
  8
_TCH_MASK
  6
Continuous
 62
     7
100
AcDbSpline
210
0.0
220
0.0
230
1.0
 70
     8
 71
     3
 72
     8
 73
     4
 74
     0
 42
0.0000001
 43
0.0000000001
 40
0.0
 40
0.0
 40
0.0
 40
0.0
 40
1.0
 40
1.0
 40
1.0
 40
1.0
 10
3399.063380187574
 20
4257.77423029421
 30
0.0
 10
3399.046211639273
 20
4257.803967086458
 30
0.0
 10
3399.040398493897
 20
4257.830517532165
 30
0.0
 10
3399.046378683954
 20
4257.853907945416
 30
0.0
  0
SPLINE
  5
B63
330
6D1
100
AcDbEntity
  8
_TCH_MASK
  6
Continuous
 62
     7
100
AcDbSpline
210
0.0
220
0.0
230
1.0
 70
     8
 71
     3
 72
     8
 73
     4
 74
     0
 42
0.0000001
 43
0.0000000001
 40
0.0
 40
0.0
 40
0.0
 40
0.0
 40
1.0
 40
1.0
 40
1.0
 40
1.0
 10
3399.046378683954
 20
4257.853907945416
 30
0.0
 10
3399.052358873974
 20
4257.877298342743
 30
0.0
 10
3399.067753413591
 20
4257.896155316344
 30
0.0
 10
3399.092902205384
 20
4257.91067497306
 30
0.0
  0
SPLINE
  5
B64
330
6D1
100
AcDbEntity
  8
_TCH_MASK
  6
Continuous
 62
     7
100
AcDbSpline
210
0.0
220
0.0
230
1.0
 70
     8
 71
     3
 72
     8
 73
     4
 74
     0
 42
0.0000001
 43
0.0000000001
 40
0.0
 40
0.0
 40
0.0
 40
0.0
 40
1.0
 40
1.0
 40
1.0
 40
1.0
 10
3399.092902205384
 20
4257.91067497306
 30
0.0
 10
3399.116691620264
 20
4257.924409801363
 30
0.0
 10
3399.139719154904
 20
4257.928868757502
 30
0.0
 10
3399.16178870613
 20
4257.924391593414
 30
0.0
  0
SPLINE
  5
B65
330
6D1
100
AcDbEntity
  8
_TCH_MASK
  6
Continuous
 62
     7
100
AcDbSpline
210
0.0
220
0.0
230
1.0
 70
     8
 71
     3
 72
     8
 73
     4
 74
     0
 42
0.0000001
 43
0.0000000001
 40
0.0
 40
0.0
 40
0.0
 40
0.0
 40
1.0
 40
1.0
 40
1.0
 40
1.0
 10
3399.16178870613
 20
4257.924391593414
 30
0.0
 10
3399.183858257391
 20
4257.919914429248
 30
0.0
 10
3399.201466068698
 20
4257.906290916493
 30
0.0
 10
3399.214514134059
 20
4257.883691006401
 30
0.0
  0
SPLINE
  5
B66
330
6D1
100
AcDbEntity
  8
_TCH_MASK
  6
Continuous
 62
     7
100
AcDbSpline
210
0.0
220
0.0
230
1.0
 70
     8
 71
     3
 72
     8
 73
     4
 74
     0
 42
0.0000001
 43
0.0000000001
 40
0.0
 40
0.0
 40
0.0
 40
0.0
 40
1.0
 40
1.0
 40
1.0
 40
1.0
 10
3399.214514134059
 20
4257.883691006401
 30
0.0
 10
3399.22510957341
 20
4257.865339166573
 30
0.0
 10
3399.228939483445
 20
4257.846932888508
 30
0.0
 10
3399.226234043155
 20
4257.828561292184
 30
0.0
  0
LINE
  5
B67
330
6D1
100
AcDbEntity
  8
_TCH_MASK
  6
Continuous
 62
     7
100
AcDbLine
 10
3399.226234043155
 20
4257.828561292184
 30
0.0
 11
3399.196970340098
 21
4257.760575667602
 31
0.0
  0
LINE
  5
B68
330
6D1
100
AcDbEntity
  8
_TCH_MASK
  6
Continuous
 62
     7
100
AcDbLine
 10
3399.196970340098
 20
4257.760575667602
 30
0.0
 11
3399.165823154137
 21
4257.700099007027
 31
0.0
  0
LINE
  5
B69
330
6D1
100
AcDbEntity
  8
_TCH_MASK
  6
Continuous
 62
     7
100
AcDbLine
 10
3399.165823154137
 20
4257.700099007027
 30
0.0
 11
3399.165990289912
 21
4257.66400117554
 31
0.0
  0
SPLINE
  5
B6A
330
6D1
100
AcDbEntity
  8
_TCH_MASK
  6
Continuous
 62
     7
100
AcDbSpline
210
0.0
220
0.0
230
1.0
 70
     8
 71
     3
 72
     8
 73
     4
 74
     0
 42
0.0000001
 43
0.0000000001
 40
0.0
 40
0.0
 40
0.0
 40
0.0
 40
1.0
 40
1.0
 40
1.0
 40
1.0
 10
3399.148135204305
 20
4257.612910661388
 30
0.0
 10
3399.133385986279
 20
4257.640419149878
 30
0.0
 10
3399.126873896996
 20
4257.665433246289
 30
0.0
 10
3399.128483858753
 20
4257.687850956748
 30
0.0
  0
SPLINE
  5
B6B
330
6D1
100
AcDbEntity
  8
_TCH_MASK
  6
Continuous
 62
     7
100
AcDbSpline
210
0.0
220
0.0
230
1.0
 70
     8
 71
     3
 72
     8
 73
     4
 74
     0
 42
0.0000001
 43
0.0000000001
 40
0.0
 40
0.0
 40
0.0
 40
0.0
 40
1.0
 40
1.0
 40
1.0
 40
1.0
 10
3399.128483858753
 20
4257.687850956748
 30
0.0
 10
3399.130082170167
 20
4257.710106509171
 30
0.0
 10
3399.141153035249
 20
4257.738022030134
 30
0.0
 10
3399.161786183606
 20
4257.771402699787
 30
0.0
  0
LINE
  5
B6C
330
6D1
100
AcDbEntity
  8
_TCH_MASK
  6
Continuous
 62
     7
100
AcDbLine
 10
3399.161786183606
 20
4257.771402699709
 30
0.0
 11
3399.188763640051
 21
4257.829401544731
 31
0.0
  0
LINE
  5
B6D
330
6D1
100
AcDbEntity
  8
_TCH_MASK
  6
Continuous
 62
     7
100
AcDbLine
 10
3399.188763640051
 20
4257.829401544731
 30
0.0
 11
3399.181771341355
 21
4257.86388067075
 31
0.0
  0
SPLINE
  5
B6E
330
6D1
100
AcDbEntity
  8
_TCH_MASK
  6
Continuous
 62
     7
100
AcDbSpline
210
0.0
220
0.0
230
1.0
 70
     8
 71
     3
 72
     8
 73
     4
 74
     0
 42
0.0000001
 43
0.0000000001
 40
0.0
 40
0.0
 40
0.0
 40
0.0
 40
1.0
 40
1.0
 40
1.0
 40
1.0
 10
3399.181771341355
 20
4257.863880670816
 30
0.0
 10
3399.174413427696
 20
4257.876624948688
 30
0.0
 10
3399.164180835229
 20
4257.884537733612
 30
0.0
 10
3399.151057434814
 20
4257.887548889882
 30
0.0
  0
LINE
  5
B6F
330
6D1
100
AcDbEntity
  8
_TCH_MASK
  6
Continuous
 62
     7
100
AcDbLine
 10
3399.151057434814
 20
4257.887548889805
 30
0.0
 11
3399.111071006148
 21
4257.880382976821
 31
0.0
  0
SPLINE
  5
B70
330
6D1
100
AcDbEntity
  8
_TCH_MASK
  6
Continuous
 62
     7
100
AcDbSpline
210
0.0
220
0.0
230
1.0
 70
     8
 71
     3
 72
     8
 73
     4
 74
     0
 42
0.0000001
 43
0.0000000001
 40
0.0
 40
0.0
 40
0.0
 40
0.0
 40
1.0
 40
1.0
 40
1.0
 40
1.0
 10
3399.111071006148
 20
4257.880382976884
 30
0.0
 10
3399.096457509229
 20
4257.87194587218
 30
0.0
 10
3399.08757784676
 20
4257.860248721198
 30
0.0
 10
3399.084327656994
 20
4257.845462924682
 30
0.0
  0
SPLINE
  5
B71
330
6D1
100
AcDbEntity
  8
_TCH_MASK
  6
Continuous
 62
     7
100
AcDbSpline
210
0.0
220
0.0
230
1.0
 70
     8
 71
     3
 72
     8
 73
     4
 74
     0
 42
0.0000001
 43
0.0000000001
 40
0.0
 40
0.0
 40
0.0
 40
0.0
 40
1.0
 40
1.0
 40
1.0
 40
1.0
 10
3400.402444184628
 20
4257.405113114561
 30
0.0
 10
3400.406037916313
 20
4257.426570738845
 30
0.0
 10
3400.418732955572
 20
4257.445001953017
 30
0.0
 10
3400.440129290976
 20
4257.460527041906
 30
0.0
  0
SPLINE
  5
B72
330
6D1
100
AcDbEntity
  8
_TCH_MASK
  6
Continuous
 62
     7
100
AcDbSpline
210
0.0
220
0.0
230
1.0
 70
     8
 71
     3
 72
     8
 73
     4
 74
     0
 42
0.0000001
 43
0.0000000001
 40
0.0
 40
0.0
 40
0.0
 40
0.0
 40
1.0
 40
1.0
 40
1.0
 40
1.0
 10
3400.459259924246
 20
4257.4273918092
 30
0.0
 10
3400.435694942397
 20
4257.40698958431
 30
0.0
 10
3400.432127025924
 20
4257.382952784236
 30
0.0
 10
3400.448118274173
 20
4257.355255138479
 30
0.0
  0
SPLINE
  5
B73
330
6D1
100
AcDbEntity
  8
_TCH_MASK
  6
Continuous
 62
     7
100
AcDbSpline
210
0.0
220
0.0
230
1.0
 70
     8
 71
     3
 72
     8
 73
     4
 74
     0
 42
0.0000001
 43
0.0000000001
 40
0.0
 40
0.0
 40
0.0
 40
0.0
 40
1.0
 40
1.0
 40
1.0
 40
1.0
 10
3400.448118274173
 20
4257.355255138479
 30
0.0
 10
3400.456653483954
 20
4257.34047171391
 30
0.0
 10
3400.468305059258
 20
4257.330886034995
 30
0.0
 10
3400.483393882896
 20
4257.326626583745
 30
0.0
  0
SPLINE
  5
B74
330
6D1
100
AcDbEntity
  8
_TCH_MASK
  6
Continuous
 62
     7
100
AcDbSpline
210
0.0
220
0.0
230
1.0
 70
     8
 71
     3
 72
     8
 73
     4
 74
     0
 42
0.0000001
 43
0.0000000001
 40
0.0
 40
0.0
 40
0.0
 40
0.0
 40
1.0
 40
1.0
 40
1.0
 40
1.0
 10
3400.483393882896
 20
4257.326626583745
 30
0.0
 10
3400.498350680129
 20
4257.322404400119
 30
0.0
 10
3400.513770215265
 20
4257.324736451975
 30
0.0
 10
3400.529573133804
 20
4257.333860272124
 30
0.0
  0
SPLINE
  5
B75
330
6D1
100
AcDbEntity
  8
_TCH_MASK
  6
Continuous
 62
     7
100
AcDbSpline
210
0.0
220
0.0
230
1.0
 70
     8
 71
     3
 72
     8
 73
     4
 74
     0
 42
0.0000001
 43
0.0000000001
 40
0.0
 40
0.0
 40
0.0
 40
0.0
 40
1.0
 40
1.0
 40
1.0
 40
1.0
 10
3400.529573133804
 20
4257.333860272124
 30
0.0
 10
3400.545546043286
 20
4257.343082237079
 30
0.0
 10
3400.555177246417
 20
4257.355439773436
 30
0.0
 10
3400.558296875024
 20
4257.370834867368
 30
0.0
  0
SPLINE
  5
B76
330
6D1
100
AcDbEntity
  8
_TCH_MASK
  6
Continuous
 62
     7
100
AcDbSpline
210
0.0
220
0.0
230
1.0
 70
     8
 71
     3
 72
     8
 73
     4
 74
     0
 42
0.0000001
 43
0.0000000001
 40
0.0
 40
0.0
 40
0.0
 40
0.0
 40
1.0
 40
1.0
 40
1.0
 40
1.0
 10
3400.558296875024
 20
4257.370834867368
 30
0.0
 10
3400.561416487784
 20
4257.38622989813
 30
0.0
 10
3400.558744620337
 20
4257.401453151849
 30
0.0
 10
3400.550307515632
 20
4257.416066648718
 30
0.0
  0
SPLINE
  5
B77
330
6D1
100
AcDbEntity
  8
_TCH_MASK
  6
Continuous
 62
     7
100
AcDbSpline
210
0.0
220
0.0
230
1.0
 70
     8
 71
     3
 72
     8
 73
     4
 74
     0
 42
0.0000001
 43
0.0000000001
 40
0.0
 40
0.0
 40
0.0
 40
0.0
 40
1.0
 40
1.0
 40
1.0
 40
1.0
 10
3400.550307515632
 20
4257.416066648718
 30
0.0
 10
3400.540693146453
 20
4257.432719224882
 30
0.0
 10
3400.52438692774
 20
4257.443695731131
 30
0.0
 10
3400.501925051387
 20
4257.448852621259
 30
0.0
  0
SPLINE
  5
B78
330
6D1
100
AcDbEntity
  8
_TCH_MASK
  6
Continuous
 62
     7
100
AcDbSpline
210
0.0
220
0.0
230
1.0
 70
     8
 71
     3
 72
     8
 73
     4
 74
     0
 42
0.0000001
 43
0.0000000001
 40
0.0
 40
0.0
 40
0.0
 40
0.0
 40
1.0
 40
1.0
 40
1.0
 40
1.0
 10
3400.542009830612
 20
4257.464972034995
 30
0.0
 10
3400.560125531745
 20
4257.457532462148
 30
0.0
 10
3400.574222731768
 20
4257.445280550888
 30
0.0
 10
3400.584229517131
 20
4257.427948292188
 30
0.0
  0
SPLINE
  5
B79
330
6D1
100
AcDbEntity
  8
_TCH_MASK
  6
Continuous
 62
     7
100
AcDbSpline
210
0.0
220
0.0
230
1.0
 70
     8
 71
     3
 72
     8
 73
     4
 74
     0
 42
0.0000001
 43
0.0000000001
 40
0.0
 40
0.0
 40
0.0
 40
0.0
 40
1.0
 40
1.0
 40
1.0
 40
1.0
 10
3400.584229517131
 20
4257.427948292188
 30
0.0
 10
3400.597179485376
 20
4257.405518289769
 30
0.0
 10
3400.601030545768
 20
4257.382366324059
 30
0.0
 10
3400.595789679822
 20
4257.358774679452
 30
0.0
  0
SPLINE
  5
B7A
330
6D1
100
AcDbEntity
  8
_TCH_MASK
  6
Continuous
 62
     7
100
AcDbSpline
210
0.0
220
0.0
230
1.0
 70
     8
 71
     3
 72
     8
 73
     4
 74
     0
 42
0.0000001
 43
0.0000000001
 40
0.0
 40
0.0
 40
0.0
 40
0.0
 40
1.0
 40
1.0
 40
1.0
 40
1.0
 10
3400.595789679822
 20
4257.358774679452
 30
0.0
 10
3400.590580224569
 20
4257.335324446599
 30
0.0
 10
3400.576061537984
 20
4257.316520065787
 30
0.0
 10
3400.551932311544
 20
4257.302589051106
 30
0.0
  0
SPLINE
  5
B7B
330
6D1
100
AcDbEntity
  8
_TCH_MASK
  6
Continuous
 62
     7
100
AcDbSpline
210
0.0
220
0.0
230
1.0
 70
     8
 71
     3
 72
     8
 73
     4
 74
     0
 42
0.0000001
 43
0.0000000001
 40
0.0
 40
0.0
 40
0.0
 40
0.0
 40
1.0
 40
1.0
 40
1.0
 40
1.0
 10
3400.551932311544
 20
4257.302589051106
 30
0.0
 10
3400.526783563299
 20
4257.288069414133
 30
0.0
 10
3400.501709829332
 20
4257.284015098863
 30
0.0
 10
3400.476826484251
 20
4257.29032444407
 30
0.0
  0
SPLINE
  5
B7C
330
6D1
100
AcDbEntity
  8
_TCH_MASK
  6
Continuous
 62
     7
100
AcDbSpline
210
0.0
220
0.0
230
1.0
 70
     8
 71
     3
 72
     8
 73
     4
 74
     0
 42
0.0000001
 43
0.0000000001
 40
0.0
 40
0.0
 40
0.0
 40
0.0
 40
1.0
 40
1.0
 40
1.0
 40
1.0
 10
3400.476826484251
 20
4257.29032444407
 30
0.0
 10
3400.451810728642
 20
4257.296667362146
 30
0.0
 10
3400.43185532638
 20
4257.312787112414
 30
0.0
 10
3400.416845128523
 20
4257.338785534056
 30
0.0
  0
SPLINE
  5
B7D
330
6D1
100
AcDbEntity
  8
_TCH_MASK
  6
Continuous
 62
     7
100
AcDbSpline
210
0.0
220
0.0
230
1.0
 70
     8
 71
     3
 72
     8
 73
     4
 74
     0
 42
0.0000001
 43
0.0000000001
 40
0.0
 40
0.0
 40
0.0
 40
0.0
 40
1.0
 40
1.0
 40
1.0
 40
1.0
 10
3400.416845128523
 20
4257.338785534056
 30
0.0
 10
3400.403698946249
 20
4257.361555391578
 30
0.0
 10
3400.398854690145
 20
4257.383680762982
 30
0.0
 10
3400.402444184628
 20
4257.405113114561
 30
0.0
  0
LINE
  5
B7E
330
6D1
100
AcDbEntity
  8
_TCH_MASK
  6
Continuous
 62
     7
100
AcDbLine
 10
3400.23571144569
 20
4256.098191419716
 30
0.0
 11
3400.218644439679
 21
4256.055938837493
 31
0.0
  0
LINE
  5
B7F
330
6D1
100
AcDbEntity
  8
_TCH_MASK
  6
Continuous
 62
     7
100
AcDbLine
 10
3400.218644439679
 20
4256.055938837493
 30
0.0
 11
3400.256350767698
 21
4256.04870820219
 31
0.0
  0
LINE
  5
B80
330
6D1
100
AcDbEntity
  8
_TCH_MASK
  6
Continuous
 62
     7
100
AcDbLine
 10
3400.256350767698
 20
4256.04870820219
 30
0.0
 11
3400.281146656191
 21
4256.022242243151
 31
0.0
  0
SPLINE
  5
B81
330
6D1
100
AcDbEntity
  8
_TCH_MASK
  6
Continuous
 62
     7
100
AcDbSpline
210
0.0
220
0.0
230
1.0
 70
     8
 71
     3
 72
     8
 73
     4
 74
     0
 42
0.0000001
 43
0.0000000001
 40
0.0
 40
0.0
 40
0.0
 40
0.0
 40
1.0
 40
1.0
 40
1.0
 40
1.0
 10
3400.281146656191
 20
4256.022242243151
 30
0.0
 10
3400.292428811023
 20
4256.002700973662
 30
0.0
 10
3400.294925587056
 20
4255.983071926942
 30
0.0
 10
3400.28822735398
 20
4255.963182185385
 30
0.0
  0
SPLINE
  5
B82
330
6D1
100
AcDbEntity
  8
_TCH_MASK
  6
Continuous
 62
     7
100
AcDbSpline
210
0.0
220
0.0
230
1.0
 70
     8
 71
     3
 72
     8
 73
     4
 74
     0
 42
0.0000001
 43
0.0000000001
 40
0.0
 40
0.0
 40
0.0
 40
0.0
 40
1.0
 40
1.0
 40
1.0
 40
1.0
 10
3400.28822735398
 20
4255.963182185385
 30
0.0
 10
3400.281570621708
 20
4255.943415675068
 30
0.0
 10
3400.267090465888
 20
4255.926899176463
 30
0.0
 10
3400.244660463562
 20
4255.913949208182
 30
0.0
  0
SPLINE
  5
B83
330
6D1
100
AcDbEntity
  8
_TCH_MASK
  6
Continuous
 62
     7
100
AcDbSpline
210
0.0
220
0.0
230
1.0
 70
     8
 71
     3
 72
     8
 73
     4
 74
     0
 42
0.0000001
 43
0.0000000001
 40
0.0
 40
0.0
 40
0.0
 40
0.0
 40
1.0
 40
1.0
 40
1.0
 40
1.0
 10
3400.244660463562
 20
4255.913949208182
 30
0.0
 10
3400.222230461252
 20
4255.900999239967
 30
0.0
 10
3400.200856594878
 20
4255.896815408906
 30
0.0
 10
3400.180409677429
 20
4255.900933816855
 30
0.0
  0
SPLINE
  5
B84
330
6D1
100
AcDbEntity
  8
_TCH_MASK
  6
Continuous
 62
     7
100
AcDbSpline
210
0.0
220
0.0
230
1.0
 70
     8
 71
     3
 72
     8
 73
     4
 74
     0
 42
0.0000001
 43
0.0000000001
 40
0.0
 40
0.0
 40
0.0
 40
0.0
 40
1.0
 40
1.0
 40
1.0
 40
1.0
 10
3400.180409677429
 20
4255.900933816855
 30
0.0
 10
3400.159835794431
 20
4255.905077802345
 30
0.0
 10
3400.143915002497
 20
4255.91695648768
 30
0.0
 10
3400.132632847672
 20
4255.936497753064
 30
0.0
  0
LINE
  5
B85
330
6D1
100
AcDbEntity
  8
_TCH_MASK
  6
Continuous
 62
     7
100
AcDbLine
 10
3400.132632847672
 20
4255.936497753064
 30
0.0
 11
3400.122084330346
 21
4255.971642519475
 31
0.0
  0
LINE
  5
B86
330
6D1
100
AcDbEntity
  8
_TCH_MASK
  6
Continuous
 62
     7
100
AcDbLine
 10
3400.122084330346
 20
4255.971642519475
 30
0.0
 11
3400.1347018526
 21
4256.007474559655
 31
0.0
  0
LINE
  5
B87
330
6D1
100
AcDbEntity
  8
_TCH_MASK
  6
Continuous
 62
     7
100
AcDbLine
 10
3400.1347018526
 20
4256.007474559655
 30
0.0
 11
3400.09013691156
 21
4256.013723206019
 31
0.0
  0
LINE
  5
B88
330
6D1
100
AcDbEntity
  8
_TCH_MASK
  6
Continuous
 62
     7
100
AcDbLine
 10
3400.09013691156
 20
4256.013723206019
 30
0.0
 11
3400.059896518055
 21
4256.044036875318
 31
0.0
  0
SPLINE
  5
B89
330
6D1
100
AcDbEntity
  8
_TCH_MASK
  6
Continuous
 62
     7
100
AcDbSpline
210
0.0
220
0.0
230
1.0
 70
     8
 71
     3
 72
     8
 73
     4
 74
     0
 42
0.0000001
 43
0.0000000001
 40
0.0
 40
0.0
 40
0.0
 40
0.0
 40
1.0
 40
1.0
 40
1.0
 40
1.0
 10
3400.059896518055
 20
4256.044036875385
 30
0.0
 10
3400.04704469446
 20
4256.066296886741
 30
0.0
 10
3400.04429203512
 20
4256.088723681511
 30
0.0
 10
3400.051540541841
 20
4256.111486992974
 30
0.0
  0
SPLINE
  5
B8A
330
6D1
100
AcDbEntity
  8
_TCH_MASK
  6
Continuous
 62
     7
100
AcDbSpline
210
0.0
220
0.0
230
1.0
 70
     8
 71
     3
 72
     8
 73
     4
 74
     0
 42
0.0000001
 43
0.0000000001
 40
0.0
 40
0.0
 40
0.0
 40
0.0
 40
1.0
 40
1.0
 40
1.0
 40
1.0
 10
3400.051540541841
 20
4256.111486992974
 30
0.0
 10
3400.058789052572
 20
4256.134250304666
 30
0.0
 10
3400.0747459993
 20
4256.152525589693
 30
0.0
 10
3400.098875241587
 20
4256.166456616334
 30
0.0
  0
SPLINE
  5
B8B
330
6D1
100
AcDbEntity
  8
_TCH_MASK
  6
Continuous
 62
     7
100
AcDbSpline
210
0.0
220
0.0
230
1.0
 70
     8
 71
     3
 72
     8
 73
     4
 74
     0
 42
0.0000001
 43
0.0000000001
 40
0.0
 40
0.0
 40
0.0
 40
0.0
 40
1.0
 40
1.0
 40
1.0
 40
1.0
 10
3400.098875241587
 20
4256.166456616334
 30
0.0
 10
3400.123174411412
 20
4256.180485747871
 30
0.0
 10
3400.14680982189
 20
4256.18506911922
 30
0.0
 10
3400.170147685902
 20
4256.179964853495
 30
0.0
  0
SPLINE
  5
B8C
330
6D1
100
AcDbEntity
  8
_TCH_MASK
  6
Continuous
 62
     7
100
AcDbSpline
210
0.0
220
0.0
230
1.0
 70
     8
 71
     3
 72
     8
 73
     4
 74
     0
 42
0.0000001
 43
0.0000000001
 40
0.0
 40
0.0
 40
0.0
 40
0.0
 40
1.0
 40
1.0
 40
1.0
 40
1.0
 10
3400.170147685902
 20
4256.179964853495
 30
0.0
 10
3400.193485541983
 20
4256.174860591732
 30
0.0
 10
3400.211531388697
 20
4256.16126332182
 30
0.0
 10
3400.224383212292
 20
4256.139003310477
 30
0.0
  0
LINE
  5
B8D
330
6D1
100
AcDbEntity
  8
_TCH_MASK
  6
Continuous
 62
     7
100
AcDbLine
 10
3400.224383212292
 20
4256.1390033104
 30
0.0
 11
3400.23571144569
 21
4256.098191419716
 31
0.0
  0
SPLINE
  5
B8E
330
6D1
100
AcDbEntity
  8
_TCH_MASK
  6
Continuous
 62
     7
100
AcDbSpline
210
0.0
220
0.0
230
1.0
 70
     8
 71
     3
 72
     8
 73
     4
 74
     0
 42
0.0000001
 43
0.0000000001
 40
0.0
 40
0.0
 40
0.0
 40
0.0
 40
1.0
 40
1.0
 40
1.0
 40
1.0
 10
3400.195535614177
 20
4256.080659992819
 30
0.0
 10
3400.20029675783
 20
4256.093604306307
 30
0.0
 10
3400.198802131039
 20
4256.106788500615
 30
0.0
 10
3400.191051789327
 20
4256.12021248867
 30
0.0
  0
LINE
  5
B8F
330
6D1
100
AcDbEntity
  8
_TCH_MASK
  6
Continuous
 62
     7
100
AcDbLine
 10
3400.191051789327
 20
4256.12021248867
 30
0.0
 11
3400.160184187291
 21
4256.143852568007
 31
0.0
  0
SPLINE
  5
B90
330
6D1
100
AcDbEntity
  8
_TCH_MASK
  6
Continuous
 62
     7
100
AcDbSpline
210
0.0
220
0.0
230
1.0
 70
     8
 71
     3
 72
     8
 73
     4
 74
     0
 42
0.0000001
 43
0.0000000001
 40
0.0
 40
0.0
 40
0.0
 40
0.0
 40
1.0
 40
1.0
 40
1.0
 40
1.0
 10
3400.160184187291
 20
4256.143852568071
 30
0.0
 10
3400.146514667242
 20
4256.147515286805
 30
0.0
 10
3400.131997370627
 20
4256.144797922986
 30
0.0
 10
3400.116534263624
 20
4256.135870293024
 30
0.0
  0
SPLINE
  5
B91
330
6D1
100
AcDbEntity
  8
_TCH_MASK
  6
Continuous
 62
     7
100
AcDbSpline
210
0.0
220
0.0
230
1.0
 70
     8
 71
     3
 72
     8
 73
     4
 74
     0
 42
0.0000001
 43
0.0000000001
 40
0.0
 40
0.0
 40
0.0
 40
0.0
 40
1.0
 40
1.0
 40
1.0
 40
1.0
 10
3400.116534263624
 20
4256.135870293024
 30
0.0
 10
3400.101241080221
 20
4256.127040772212
 30
0.0
 10
3400.091629126677
 20
4256.115827109531
 30
0.0
 10
3400.087899091799
 20
4256.102175797475
 30
0.0
  0
LINE
  5
B92
330
6D1
100
AcDbEntity
  8
_TCH_MASK
  6
Continuous
 62
     7
100
AcDbLine
 10
3400.087899091799
 20
4256.102175797475
 30
0.0
 11
3400.09303175073
 21
4256.063167508638
 31
0.0
  0
SPLINE
  5
B93
330
6D1
100
AcDbEntity
  8
_TCH_MASK
  6
Continuous
 62
     7
100
AcDbSpline
210
0.0
220
0.0
230
1.0
 70
     8
 71
     3
 72
     8
 73
     4
 74
     0
 42
0.0000001
 43
0.0000000001
 40
0.0
 40
0.0
 40
0.0
 40
0.0
 40
1.0
 40
1.0
 40
1.0
 40
1.0
 10
3400.09303175073
 20
4256.063167508638
 30
0.0
 10
3400.100585902182
 20
4256.050083336058
 30
0.0
 10
3400.111328265442
 20
4256.042464866231
 30
0.0
 10
3400.125030415904
 20
4256.040019886959
 30
0.0
  0
LINE
  5
B94
330
6D1
100
AcDbEntity
  8
_TCH_MASK
  6
Continuous
 62
     7
100
AcDbLine
 10
3400.125030415904
 20
4256.040019886959
 30
0.0
 11
3400.166692637387
 21
4256.048601020832
 31
0.0
  0
LINE
  5
B95
330
6D1
100
AcDbEntity
  8
_TCH_MASK
  6
Continuous
 62
     7
100
AcDbLine
 10
3400.166692637387
 20
4256.048601020832
 30
0.0
 11
3400.195535614177
 21
4256.080659992819
 31
0.0
  0
LINE
  5
B96
330
6D1
100
AcDbEntity
  8
_TCH_MASK
  6
Continuous
 62
     7
100
AcDbLine
 10
3400.251191683652
 20
4255.972095773148
 30
0.0
 11
3400.246245516959
 21
4256.006170246551
 31
0.0
  0
LINE
  5
B97
330
6D1
100
AcDbEntity
  8
_TCH_MASK
  6
Continuous
 62
     7
100
AcDbLine
 10
3400.246245516959
 20
4256.006170246551
 30
0.0
 11
3400.21938612395
 21
4256.026007296267
 31
0.0
  0
LINE
  5
B98
330
6D1
100
AcDbEntity
  8
_TCH_MASK
  6
Continuous
 62
     7
100
AcDbLine
 10
3400.21938612395
 20
4256.026007296267
 30
0.0
 11
3400.184691506606
 21
4256.018210911629
 31
0.0
  0
LINE
  5
B99
330
6D1
100
AcDbEntity
  8
_TCH_MASK
  6
Continuous
 62
     7
100
AcDbLine
 10
3400.184691506606
 20
4256.018210911629
 30
0.0
 11
3400.160377870911
 21
4255.99155236983
 31
0.0
  0
LINE
  5
B9A
330
6D1
100
AcDbEntity
  8
_TCH_MASK
  6
Continuous
 62
     7
100
AcDbLine
 10
3400.160377870911
 20
4255.99155236983
 30
0.0
 11
3400.164198364058
 21
4255.958347219435
 31
0.0
  0
LINE
  5
B9B
330
6D1
100
AcDbEntity
  8
_TCH_MASK
  6
Continuous
 62
     7
100
AcDbLine
 10
3400.164198364058
 20
4255.958347219435
 30
0.0
 11
3400.191208375647
 21
4255.937464393069
 31
0.0
  0
LINE
  5
B9C
330
6D1
100
AcDbEntity
  8
_TCH_MASK
  6
Continuous
 62
     7
100
AcDbLine
 10
3400.191208375647
 20
4255.937464393069
 30
0.0
 11
3400.227171369101
 21
4255.94463363249
 31
0.0
  0
LINE
  5
B9D
330
6D1
100
AcDbEntity
  8
_TCH_MASK
  6
Continuous
 62
     7
100
AcDbLine
 10
3400.227171369101
 20
4255.94463363249
 30
0.0
 11
3400.251191683652
 21
4255.972095773148
 31
0.0
  0
LINE
  5
B9E
330
6D1
100
AcDbEntity
  8
_TCH_MASK
  6
Continuous
 62
     7
100
AcDbLine
 10
3399.145851496054
 20
4281.468565269213
 30
0.0
 11
3398.865887051725
 21
4280.991006819907
 31
0.0
  0
LINE
  5
B9F
330
6D1
100
AcDbEntity
  8
_TCH_MASK
  6
Continuous
 62
     7
100
AcDbLine
 10
3398.865887051725
 20
4280.991006819907
 30
0.0
 11
3398.032263539243
 21
4279.569536070325
 31
0.0
  0
LINE
  5
BA0
330
6D1
100
AcDbEntity
  8
_TCH_MASK
  6
Continuous
 62
     7
100
AcDbLine
 10
3398.681550806003
 20
4257.392390616574
 30
0.0
 11
3398.697164183126
 21
4257.444548988334
 31
0.0
  0
LINE
  5
BA1
330
6D1
100
AcDbEntity
  8
_TCH_MASK
  6
Continuous
 62
     7
100
AcDbLine
 10
3398.697164183126
 20
4257.444548988334
 30
0.0
 11
3398.674578833976
 21
4257.482737410687
 31
0.0
  0
LINE
  5
BA2
330
6D1
100
AcDbEntity
  8
_TCH_MASK
  6
Continuous
 62
     7
100
AcDbLine
 10
3397.116020234149
 20
4281.168876797504
 30
0.0
 11
3396.952241861131
 21
4281.426933013004
 31
0.0
  0
LINE
  5
BA3
330
6D1
100
AcDbEntity
  8
_TCH_MASK
  6
Continuous
 62
     7
100
AcDbLine
 10
3397.475643396953
 20
4281.13712029818
 30
0.0
 11
3397.300446835165
 21
4281.168876797504
 31
0.0
  0
LINE
  5
BA4
330
6D1
100
AcDbEntity
  8
_TCH_MASK
  6
Continuous
 62
     7
100
AcDbLine
 10
3397.64797995957
 20
4281.07979179797
 30
0.0
 11
3397.475643396953
 21
4281.13712029818
 31
0.0
  0
LINE
  5
BA5
330
6D1
100
AcDbEntity
  8
_TCH_MASK
  6
Continuous
 62
     7
100
AcDbLine
 10
3397.810219856721
 20
4281.063531404387
 30
0.0
 11
3397.64797995957
 21
4281.07979179797
 31
0.0
  0
LINE
  5
BA6
330
6D1
100
AcDbEntity
  8
_TCH_MASK
  6
Continuous
 62
     7
100
AcDbLine
 10
3397.951840402166
 20
4281.090880946377
 30
0.0
 11
3397.810219856721
 21
4281.063531404387
 31
0.0
  0
LINE
  5
BA7
330
6D1
100
AcDbEntity
  8
_TCH_MASK
  6
Continuous
 62
     7
100
AcDbLine
 10
3398.361379479837
 20
4281.152843806875
 30
0.0
 11
3397.951840402166
 21
4281.090880946377
 31
0.0
  0
LINE
  5
BA8
330
6D1
100
AcDbEntity
  8
_TCH_MASK
  6
Continuous
 62
     7
100
AcDbLine
 10
3397.706316885685
 20
4280.682356947415
 30
0.0
 11
3398.036126016349
 21
4280.112717616052
 31
0.0
  0
SPLINE
  5
BA9
330
6D1
100
AcDbEntity
  8
_TCH_MASK
  6
Continuous
 62
     7
100
AcDbSpline
210
0.0
220
0.0
230
1.0
 70
     8
 71
     3
 72
    30
 73
    26
 74
     0
 42
0.0000001
 43
0.0000000001
 40
0.0
 40
0.0
 40
0.0
 40
0.0
 40
0.0297706481
 40
0.05974916
 40
0.0902674692
 40
0.1213510677
 40
0.1846020588
 40
0.2480440099
 40
0.3112469279
 40
0.3743740753
 40
0.5008774522000002
 40
0.5643085119000001
 40
0.6278352310000001
 40
0.6909225628
 40
0.7530667487999999
 40
0.8145548156999996
 40
0.8451823907999999
 40
0.8758187376999998
 40
0.9065284256999998
 40
0.9374072098
 40
0.9529861954999999
 40
0.9687370904999999
 40
0.9769136121999999
 40
0.984841315
 40
1.0
 40
1.0
 40
1.0
 40
1.0
 10
3398.297693900488
 20
4280.762675516789
 30
0.0
 10
3398.293120342046
 20
4280.758610818328
 30
0.0
 10
3398.27853778463
 20
4280.764636587956
 30
0.0
 10
3398.261123862809
 20
4280.765547300812
 30
0.0
 10
3398.241955823396
 20
4280.765519656021
 30
0.0
 10
3398.216620998719
 20
4280.761426615933
 30
0.0
 10
3398.1857513652
 20
4280.751108915051
 30
0.0
 10
3398.148478158211
 20
4280.739614033035
 30
0.0
 10
3398.110568412936
 20
4280.730335016447
 30
0.0
 10
3398.059847184573
 20
4280.719059142125
 30
0.0
 10
3398.009077719443
 20
4280.707761186977
 30
0.0
 10
3397.958278003905
 20
4280.696190946118
 30
0.0
 10
3397.920372369103
 20
4280.686831692027
 30
0.0
 10
3397.88201386077
 20
4280.680180677901
 30
0.0
 10
3397.84346136394
 20
4280.68060196651
 30
0.0
 10
3397.811982769541
 20
4280.684626787706
 30
0.0
 10
3397.787143622024
 20
4280.689053952957
 30
0.0
 10
3397.768554459326
 20
4280.692475218691
 30
0.0
 10
3397.749864645348
 20
4280.695682228682
 30
0.0
 10
3397.734152553327
 20
4280.697748433843
 30
0.0
 10
3397.721323151272
 20
4280.698476701579
 30
0.0
 10
3397.713316486655
 20
4280.697808570462
 30
0.0
 10
3397.706665979494
 20
4280.696200644142
 30
0.0
 10
3397.702927917694
 20
4280.690177345497
 30
0.0
 10
3397.704756150691
 20
4280.685053394588
 30
0.0
 10
3397.706316885685
 20
4280.682356947492
 30
0.0
  0
LINE
  5
BAA
330
6D1
100
AcDbEntity
  8
_TCH_MASK
  6
Continuous
 62
     7
100
AcDbLine
 10
3398.463101120498
 20
4281.046347138786
 30
0.0
 11
3398.297693900488
 21
4280.762675516712
 31
0.0
  0
LINE
  5
BAB
330
6D1
100
AcDbEntity
  8
_TCH_MASK
  6
Continuous
 62
     7
100
AcDbLine
 10
3393.536063429973
 20
4280.080455008935
 30
0.0
 11
3393.467812762668
 21
4280.292024115254
 31
0.0
  0
LINE
  5
BAC
330
6D1
100
AcDbEntity
  8
_TCH_MASK
  6
Continuous
 62
     7
100
AcDbLine
 10
3392.74791253017
 20
4279.621428516221
 30
0.0
 11
3392.551790001809
 21
4280.148943897989
 31
0.0
  0
LINE
  5
BAD
330
6D1
100
AcDbEntity
  8
_TCH_MASK
  6
Continuous
 62
     7
100
AcDbLine
 10
3392.551790001809
 20
4280.148943897989
 30
0.0
 11
3392.318639917161
 21
4280.776253754768
 31
0.0
  0
SPLINE
  5
BAE
330
6D1
100
AcDbEntity
  8
_TCH_MASK
  6
Continuous
 62
     7
100
AcDbSpline
210
0.0
220
0.0
230
1.0
 70
     8
 71
     3
 72
     8
 73
     4
 74
     0
 42
0.0000001
 43
0.0000000001
 40
0.0
 40
0.0
 40
0.0
 40
0.0
 40
1.0
 40
1.0
 40
1.0
 40
1.0
 10
3400.578080951855
 20
4256.25898346164
 30
0.0
 10
3400.561564057178
 20
4256.304543443897
 30
0.0
 10
3400.541299949153
 20
4256.344790214874
 30
0.0
 10
3400.517216749773
 20
4256.379991827055
 30
0.0
  0
SPLINE
  5
BAF
330
6D1
100
AcDbEntity
  8
_TCH_MASK
  6
Continuous
 62
     7
100
AcDbSpline
210
0.0
220
0.0
230
1.0
 70
     8
 71
     3
 72
     8
 73
     4
 74
     0
 42
0.0000001
 43
0.0000000001
 40
0.0
 40
0.0
 40
0.0
 40
0.0
 40
1.0
 40
1.0
 40
1.0
 40
1.0
 10
3400.517216749773
 20
4256.379991827055
 30
0.0
 10
3400.493133542485
 20
4256.415193447089
 30
0.0
 10
3400.461356328451
 20
4256.449626181693
 30
0.0
 10
3400.422421133241
 20
4256.483433711485
 30
0.0
  0
SPLINE
  5
BB0
330
6D1
100
AcDbEntity
  8
_TCH_MASK
  6
Continuous
 62
     7
100
AcDbSpline
210
0.0
220
0.0
230
1.0
 70
     8
 71
     3
 72
     8
 73
     4
 74
     0
 42
0.0000001
 43
0.0000000001
 40
0.0
 40
0.0
 40
0.0
 40
0.0
 40
1.0
 40
1.0
 40
1.0
 40
1.0
 10
3400.442925252945
 20
4256.518947886497
 30
0.0
 10
3400.516195445962
 20
4256.456707552621
 30
0.0
 10
3400.567217250209
 20
4256.382616665437
 30
0.0
 10
3400.596160553615
 20
4256.29657711183
 30
0.0
  0
LINE
  5
BB1
330
6D1
100
AcDbEntity
  8
_TCH_MASK
  6
Continuous
 62
     7
100
AcDbLine
 10
3392.996264021269
 20
4280.744596021888
 30
0.0
 11
3393.109271772832
 21
4281.354721193337
 31
0.0
  0
SPLINE
  5
BB2
330
6D1
100
AcDbEntity
  8
_TCH_MASK
  6
Continuous
 62
     7
100
AcDbSpline
210
0.0
220
0.0
230
1.0
 70
     8
 71
     3
 72
     9
 73
     5
 74
     0
 42
0.0000001
 43
0.0000000001
 40
0.0
 40
0.0
 40
0.0
 40
0.0
 40
0.5274284220000001
 40
1.0
 40
1.0
 40
1.0
 40
1.0
 10
3391.352899419711
 20
4281.062367073256
 30
0.0
 10
3391.346054627037
 20
4281.115684996389
 30
0.0
 10
3391.365110950894
 20
4281.223504264854
 30
0.0
 10
3391.439228675037
 20
4281.301353865271
 30
0.0
 10
3391.480327190512
 20
4281.326468177399
 30
0.0
  0
LINE
  5
BB3
330
6D1
100
AcDbEntity
  8
_TCH_MASK
  6
Continuous
 62
     7
100
AcDbLine
 10
3391.881266945965
 20
4279.639444936177
 30
0.0
 11
3391.352899419711
 21
4281.062367073256
 31
0.0
  0
LINE
  5
BB4
330
6D1
100
AcDbEntity
  8
_TCH_MASK
  6
Continuous
 62
     7
100
AcDbLine
 10
3399.299688993953
 20
4255.861046803907
 30
0.0
 11
3399.247530669702
 21
4255.876660232457
 31
0.0
  0
LINE
  5
BB5
330
6D1
100
AcDbEntity
  8
_TCH_MASK
  6
Continuous
 62
     7
100
AcDbLine
 10
3399.247530669702
 20
4255.876660232457
 30
0.0
 11
3399.209342239425
 21
4255.854074922889
 31
0.0
  0
SPLINE
  5
BB6
330
6D1
100
AcDbEntity
  8
_TCH_MASK
  6
Continuous
 62
     7
100
AcDbSpline
210
0.0
220
0.0
230
1.0
 70
     8
 71
     3
 72
     8
 73
     4
 74
     0
 42
0.0000001
 43
0.0000000001
 40
0.0
 40
0.0
 40
0.0
 40
0.0
 40
1.0
 40
1.0
 40
1.0
 40
1.0
 10
3399.205198820135
 20
4256.142392999115
 30
0.0
 10
3399.207254741246
 20
4256.112205602312
 30
0.0
 10
3399.19651003366
 20
4256.076721024457
 30
0.0
 10
3399.17306271923
 20
4256.036109085981
 30
0.0
  0
SPLINE
  5
BB7
330
6D1
100
AcDbEntity
  8
_TCH_MASK
  6
Continuous
 62
     7
100
AcDbSpline
210
0.0
220
0.0
230
1.0
 70
     8
 71
     3
 72
     8
 73
     4
 74
     0
 42
0.0000001
 43
0.0000000001
 40
0.0
 40
0.0
 40
0.0
 40
0.0
 40
1.0
 40
1.0
 40
1.0
 40
1.0
 10
3399.17306271923
 20
4256.036109085981
 30
0.0
 10
3399.149026786407
 20
4255.994477629763
 30
0.0
 10
3399.123400577024
 20
4255.967358349874
 30
0.0
 10
3399.096183976173
 20
4255.954751107814
 30
0.0
  0
SPLINE
  5
BB8
330
6D1
100
AcDbEntity
  8
_TCH_MASK
  6
Continuous
 62
     7
100
AcDbSpline
210
0.0
220
0.0
230
1.0
 70
     8
 71
     3
 72
     8
 73
     4
 74
     0
 42
0.0000001
 43
0.0000000001
 40
0.0
 40
0.0
 40
0.0
 40
0.0
 40
1.0
 40
1.0
 40
1.0
 40
1.0
 10
3399.096183976173
 20
4255.954751107814
 30
0.0
 10
3399.068967450592
 20
4255.942143901331
 30
0.0
 10
3399.042735713621
 20
4255.943015148881
 30
0.0
 10
3399.017756841458
 20
4255.957436708552
 30
0.0
  0
SPLINE
  5
BB9
330
6D1
100
AcDbEntity
  8
_TCH_MASK
  6
Continuous
 62
     7
100
AcDbSpline
210
0.0
220
0.0
230
1.0
 70
     8
 71
     3
 72
     8
 73
     4
 74
     0
 42
0.0000001
 43
0.0000000001
 40
0.0
 40
0.0
 40
0.0
 40
0.0
 40
1.0
 40
1.0
 40
1.0
 40
1.0
 10
3399.017756841458
 20
4255.957436708552
 30
0.0
 10
3398.992268206413
 20
4255.972152575408
 30
0.0
 10
3398.978424078116
 20
4255.994872224041
 30
0.0
 10
3398.97636815699
 20
4256.025059612855
 30
0.0
  0
SPLINE
  5
BBA
330
6D1
100
AcDbEntity
  8
_TCH_MASK
  6
Continuous
 62
     7
100
AcDbSpline
210
0.0
220
0.0
230
1.0
 70
     8
 71
     3
 72
     8
 73
     4
 74
     0
 42
0.0000001
 43
0.0000000001
 40
0.0
 40
0.0
 40
0.0
 40
0.0
 40
1.0
 40
1.0
 40
1.0
 40
1.0
 10
3398.97636815699
 20
4256.025059612855
 30
0.0
 10
3398.974312231921
 20
4256.055247096815
 30
0.0
 10
3398.984102147857
 20
4256.089470371143
 30
0.0
 10
3399.00588165284
 20
4256.127193576674
 30
0.0
  0
SPLINE
  5
BBB
330
6D1
100
AcDbEntity
  8
_TCH_MASK
  6
Continuous
 62
     7
100
AcDbSpline
210
0.0
220
0.0
230
1.0
 70
     8
 71
     3
 72
     8
 73
     4
 74
     0
 42
0.0000001
 43
0.0000000001
 40
0.0
 40
0.0
 40
0.0
 40
0.0
 40
1.0
 40
1.0
 40
1.0
 40
1.0
 10
3399.00588165284
 20
4256.127193576674
 30
0.0
 10
3399.031585399076
 20
4256.171713769797
 30
0.0
 10
3399.058166400108
 20
4256.200094349241
 30
0.0
 10
3399.085382996986
 20
4256.212701587418
 30
0.0
  0
SPLINE
  5
BBC
330
6D1
100
AcDbEntity
  8
_TCH_MASK
  6
Continuous
 62
     7
100
AcDbSpline
210
0.0
220
0.0
230
1.0
 70
     8
 71
     3
 72
     8
 73
     4
 74
     0
 42
0.0000001
 43
0.0000000001
 40
0.0
 40
0.0
 40
0.0
 40
0.0
 40
1.0
 40
1.0
 40
1.0
 40
1.0
 10
3399.085382996986
 20
4256.212701587418
 30
0.0
 10
3399.112599526532
 20
4256.225308797796
 30
0.0
 10
3399.138733174317
 20
4256.224267642509
 30
0.0
 10
3399.163542107017
 20
4256.209944199826
 30
0.0
  0
SPLINE
  5
BBD
330
6D1
100
AcDbEntity
  8
_TCH_MASK
  6
Continuous
 62
     7
100
AcDbSpline
210
0.0
220
0.0
230
1.0
 70
     8
 71
     3
 72
     8
 73
     4
 74
     0
 42
0.0000001
 43
0.0000000001
 40
0.0
 40
0.0
 40
0.0
 40
0.0
 40
1.0
 40
1.0
 40
1.0
 40
1.0
 10
3399.163542107017
 20
4256.209944199826
 30
0.0
 10
3399.189200677516
 20
4256.195130215973
 30
0.0
 10
3399.20314289505
 20
4256.172580479113
 30
0.0
 10
3399.205198820135
 20
4256.142392999115
 30
0.0
  0
SPLINE
  5
BBE
330
6D1
100
AcDbEntity
  8
_TCH_MASK
  6
Continuous
 62
     7
100
AcDbSpline
210
0.0
220
0.0
230
1.0
 70
     8
 71
     3
 72
     8
 73
     4
 74
     0
 42
0.0000001
 43
0.0000000001
 40
0.0
 40
0.0
 40
0.0
 40
0.0
 40
1.0
 40
1.0
 40
1.0
 40
1.0
 10
3399.035415907049
 20
4255.988023110947
 30
0.0
 10
3399.068381216129
 20
4255.968990582741
 30
0.0
 10
3399.103137831227
 20
4255.991518155435
 30
0.0
 10
3399.140025635135
 20
4256.055409710233
 30
0.0
  0
SPLINE
  5
BBF
330
6D1
100
AcDbEntity
  8
_TCH_MASK
  6
Continuous
 62
     7
100
AcDbSpline
210
0.0
220
0.0
230
1.0
 70
     8
 71
     3
 72
     8
 73
     4
 74
     0
 42
0.0000001
 43
0.0000000001
 40
0.0
 40
0.0
 40
0.0
 40
0.0
 40
1.0
 40
1.0
 40
1.0
 40
1.0
 10
3399.140025635135
 20
4256.055409710233
 30
0.0
 10
3399.176815298387
 20
4256.119131274096
 30
0.0
 10
3399.178848346543
 20
4256.160325265187
 30
0.0
 10
3399.145883037461
 20
4256.179357793394
 30
0.0
  0
SPLINE
  5
BC0
330
6D1
100
AcDbEntity
  8
_TCH_MASK
  6
Continuous
 62
     7
100
AcDbSpline
210
0.0
220
0.0
230
1.0
 70
     8
 71
     3
 72
     8
 73
     4
 74
     0
 42
0.0000001
 43
0.0000000001
 40
0.0
 40
0.0
 40
0.0
 40
0.0
 40
1.0
 40
1.0
 40
1.0
 40
1.0
 10
3399.145883037461
 20
4256.179357793394
 30
0.0
 10
3399.113087659891
 20
4256.198292216574
 30
0.0
 10
3399.077572463255
 20
4256.174843135938
 30
0.0
 10
3399.039409325502
 20
4256.108742641806
 30
0.0
  0
SPLINE
  5
BC1
330
6D1
100
AcDbEntity
  8
_TCH_MASK
  6
Continuous
 62
     7
100
AcDbSpline
210
0.0
220
0.0
230
1.0
 70
     8
 71
     3
 72
     8
 73
     4
 74
     0
 42
0.0000001
 43
0.0000000001
 40
0.0
 40
0.0
 40
0.0
 40
0.0
 40
1.0
 40
1.0
 40
1.0
 40
1.0
 10
3399.039409325502
 20
4256.108742641806
 30
0.0
 10
3399.022338925782
 20
4256.07917584035
 30
0.0
 10
3399.013440813695
 20
4256.053953301459
 30
0.0
 10
3399.012715092214
 20
4256.033075187425
 30
0.0
  0
SPLINE
  5
BC2
330
6D1
100
AcDbEntity
  8
_TCH_MASK
  6
Continuous
 62
     7
100
AcDbSpline
210
0.0
220
0.0
230
1.0
 70
     8
 71
     3
 72
     8
 73
     4
 74
     0
 42
0.0000001
 43
0.0000000001
 40
0.0
 40
0.0
 40
0.0
 40
0.0
 40
1.0
 40
1.0
 40
1.0
 40
1.0
 10
3399.012715092214
 20
4256.033075187425
 30
0.0
 10
3399.011989362807
 20
4256.012196982411
 30
0.0
 10
3399.019443029261
 20
4255.997245055953
 30
0.0
 10
3399.035415907049
 20
4255.988023110947
 30
0.0
  0
SPLINE
  5
BC3
330
6D1
100
AcDbEntity
  8
_TCH_MASK
  6
Continuous
 62
     7
100
AcDbSpline
210
0.0
220
0.0
230
1.0
 70
     8
 71
     3
 72
     9
 73
     5
 74
     0
 42
0.0000001
 43
0.0000000001
 40
0.0
 40
0.0
 40
0.0
 40
0.0
 40
0.5076309435999999
 40
1.0
 40
1.0
 40
1.0
 40
1.0
 10
3394.146479922805
 20
4279.963450350275
 30
0.0
 10
3394.160935459317
 20
4279.927116288895
 30
0.0
 10
3394.171880483519
 20
4279.847214925379
 30
0.0
 10
3394.143968550212
 20
4279.771886918456
 30
0.0
 10
3394.122959847351
 20
4279.740308492347
 30
0.0
  0
LINE
  5
BC4
330
6D1
100
AcDbEntity
  8
_TCH_MASK
  6
Continuous
 62
     7
100
AcDbLine
 10
3393.928937291152
 20
4280.637332943316
 30
0.0
 11
3394.146479922805
 21
4279.963450350199
 31
0.0
  0
SPLINE
  5
BC5
330
6D1
100
AcDbEntity
  8
_TCH_MASK
  6
Continuous
 62
     7
100
AcDbSpline
210
0.0
220
0.0
230
1.0
 70
     8
 71
     3
 72
     9
 73
     5
 74
     0
 42
0.0000001
 43
0.0000000001
 40
0.0
 40
0.0
 40
0.0
 40
0.0
 40
0.4959089601
 40
1.0
 40
1.0
 40
1.0
 40
1.0
 10
3393.730871345251
 20
4280.744595978372
 30
0.0
 10
3393.769624637862
 20
4280.7482134186
 30
0.0
 10
3393.851718887032
 20
4280.732266431264
 30
0.0
 10
3393.910645722471
 20
4280.672414618933
 30
0.0
 10
3393.928937291152
 20
4280.637332943316
 30
0.0
  0
LINE
  5
BC6
330
6D1
100
AcDbEntity
  8
_TCH_MASK
  6
Continuous
 62
     7
100
AcDbLine
 10
3393.664275993579
 20
4281.354721193337
 30
0.0
 11
3393.551403333462
 21
4280.744595978307
 31
0.0
  0
LINE
  5
BC7
330
6D1
100
AcDbEntity
  8
_TCH_MASK
  6
Continuous
 62
     7
100
AcDbLine
 10
3392.676687293032
 20
4281.354716286943
 30
0.0
 11
3392.903533913022
 21
4280.744596021888
 31
0.0
  0
LINE
  5
BC8
330
6D1
100
AcDbEntity
  8
_TCH_MASK
  6
Continuous
 62
     7
100
AcDbLine
 10
3396.479048535694
 20
4280.385496747316
 30
0.0
 11
3396.478856843969
 21
4280.05628484799
 31
0.0
  0
LINE
  5
BC9
330
6D1
100
AcDbEntity
  8
_TCH_MASK
  6
Continuous
 62
     7
100
AcDbLine
 10
3394.938883074574
 20
4280.056284943071
 30
0.0
 11
3394.938691382849
 21
4280.385496747316
 31
0.0
  0
SPLINE
  5
BCA
330
6D1
100
AcDbEntity
  8
_TCH_MASK
  6
Continuous
 62
     9
100
AcDbSpline
210
0.0
220
0.0
230
1.0
 70
     8
 71
     3
 72
    17
 73
    13
 74
     0
 42
0.0000001
 43
0.0000000001
 40
0.0
 40
0.0
 40
0.0
 40
0.0
 40
0.0125320339
 40
0.0321028706
 40
0.0588365362
 40
0.0927280449
 40
0.1817008134
 40
0.2979415860000001
 40
0.4398605889000002
 40
0.6056031605
 40
0.7930877042
 40
1.0
 40
1.0
 40
1.0
 40
1.0
 10
3390.140431858789
 20
4284.221457441644
 30
0.0
 10
3390.149264270512
 20
4284.226375678438
 30
0.0
 10
3390.174156941387
 20
4284.234455480247
 30
0.0
 10
3390.220358360398
 20
4284.244915075783
 30
0.0
 10
3390.284266982737
 20
4284.255447479868
 30
0.0
 10
3390.403923807928
 20
4284.271010070047
 30
0.0
 10
3390.596085896738
 20
4284.288467448875
 30
0.0
 10
3390.875409450718
 20
4284.308139330994
 30
0.0
 10
3391.216780922027
 20
4284.328328567252
 30
0.0
 10
3391.615654175272
 20
4284.349353854586
 30
0.0
 10
3392.066994173394
 20
4284.37101314198
 30
0.0
 10
3392.384849913347
 20
4284.38483264309
 30
0.0
 10
3392.551623297695
 20
4284.391668989019
 30
0.0
  0
LINE
  5
BCB
330
6D1
100
AcDbEntity
  8
_TCH_MASK
  6
Continuous
 62
     9
100
AcDbLine
 10
3392.551623297695
 20
4284.391668989019
 30
0.0
 11
3395.416476474807
 21
4284.493096358151
 31
0.0
  0
LINE
  5
BCC
330
6D1
100
AcDbEntity
  8
_TCH_MASK
  6
Continuous
 62
     9
100
AcDbLine
 10
3395.416476474807
 20
4284.493096358151
 30
0.0
 11
3396.001218030455
 21
4284.513256765637
 31
0.0
  0
LINE
  5
BCD
330
6D1
100
AcDbEntity
  8
_TCH_MASK
  6
Continuous
 62
     9
100
AcDbLine
 10
3396.001218030455
 20
4284.513256765637
 30
0.0
 11
3398.866703892841
 21
4284.614635989096
 31
0.0
  0
SPLINE
  5
BCE
330
6D1
100
AcDbEntity
  8
_TCH_MASK
  6
Continuous
 62
     9
100
AcDbSpline
210
0.0
220
0.0
230
1.0
 70
     8
 71
     3
 72
    22
 73
    18
 74
     0
 42
0.0000001
 43
0.0000000001
 40
0.0
 40
0.0
 40
0.0
 40
0.0
 40
0.2295190654
 40
0.4340831842
 40
0.6103449972
 40
0.6870164373000001
 40
0.7556492708000002
 40
0.8159806898000001
 40
0.8677789801999999
 40
0.9108343079999999
 40
0.9449782812999998
 40
0.9700872615999999
 40
0.9861405733999999
 40
0.9909120941000001
 40
0.9938749724
 40
0.9962849426
 40
1.0
 40
1.0
 40
1.0
 40
1.0
 10
3398.866703892841
 20
4284.614635989171
 30
0.0
 10
3399.053923909538
 20
4284.622476282203
 30
0.0
 10
3399.407976282928
 20
4284.638073419345
 30
0.0
 10
3399.90572240435
 20
4284.661513898925
 30
0.0
 10
3400.278736136877
 20
4284.680882571648
 30
0.0
 10
3400.540779743722
 20
4284.696930919221
 30
0.0
 10
3400.708266090464
 20
4284.708562254943
 30
0.0
 10
3400.85536717689
 20
4284.720388038616
 30
0.0
 10
3400.981521205781
 20
4284.732361997551
 30
0.0
 10
3401.086100944798
 20
4284.74442326645
 30
0.0
 10
3401.168926724749
 20
4284.75636550582
 30
0.0
 10
3401.229005738001
 20
4284.767982795446
 30
0.0
 10
3401.265804501337
 20
4284.778070040168
 30
0.0
 10
3401.282757597961
 20
4284.786672795596
 30
0.0
 10
3401.289389366365
 20
4284.793150080405
 30
0.0
 10
3401.287041830874
 20
4284.801283472928
 30
0.0
 10
3401.2824798792
 20
4284.803887656072
 30
0.0
 10
3401.279854379391
 20
4284.805406252791
 30
0.0
  0
LINE
  5
BCF
330
6D1
100
AcDbEntity
  8
_TCH_MASK
  6
Continuous
 62
     7
100
AcDbLine
 10
3398.613645953621
 20
4281.162552451792
 30
0.0
 11
3398.525354637089
 21
4281.010196643344
 31
0.0
  0
LINE
  5
BD0
330
6D1
100
AcDbEntity
  8
_TCH_MASK
  6
Continuous
 62
     7
100
AcDbLine
 10
3398.525354637089
 20
4281.010196643344
 30
0.0
 11
3398.360729156747
 21
4280.726086213621
 31
0.0
  0
LINE
  5
BD1
330
6D1
100
AcDbEntity
  8
_TCH_MASK
  6
Continuous
 62
     7
100
AcDbLine
 10
3398.360729156747
 20
4280.726086213621
 30
0.0
 11
3398.02072792859
 21
4280.139297959716
 31
0.0
  0
SPLINE
  5
BD2
330
6D1
100
AcDbEntity
  8
_TCH_MASK
  6
Continuous
 62
     7
100
AcDbSpline
210
0.0
220
0.0
230
1.0
 70
     8
 71
     3
 72
    38
 73
    34
 74
     0
 42
0.0000001
 43
0.0000000001
 40
0.0
 40
0.0
 40
0.0
 40
0.0
 40
0.0611387478
 40
0.0911962321
 40
0.1208922355
 40
0.1804332623
 40
0.2410727315
 40
0.271911474
 40
0.3027745702
 40
0.3645191289
 40
0.4269313610000001
 40
0.4904145718
 40
0.5225457493
 40
0.5548417966
 40
0.5872215574000002
 40
0.6193199336000001
 40
0.6506199689
 40
0.6815496004
 40
0.7435780128000001
 40
0.7748944987000001
 40
0.8064868812
 40
0.8705154998000001
 40
0.9027841731
 40
0.9188983889999999
 40
0.9350246826000001
 40
0.9512215873
 40
0.9675459640999999
 40
0.9757671573999999
 40
0.9839259610999999
 40
0.9920284585999999
 40
0.994071396
 40
0.9960503874
 40
1.0
 40
1.0
 40
1.0
 40
1.0
 10
3399.119336987395
 20
4281.488587797471
 30
0.0
 10
3399.076117757243
 20
4281.47603510047
 30
0.0
 10
3399.011175555104
 20
4281.458136977479
 30
0.0
 10
3398.922524880465
 20
4281.447767432442
 30
0.0
 10
3398.834613902153
 20
4281.449159126821
 30
0.0
 10
3398.724450238427
 20
4281.454352643049
 30
0.0
 10
3398.613087158003
 20
4281.450887456974
 30
0.0
 10
3398.523648851254
 20
4281.440237516146
 30
0.0
 10
3398.433055998569
 20
4281.43273512592
 30
0.0
 10
3398.318951889327
 20
4281.430041708129
 30
0.0
 10
3398.180975985328
 20
4281.421925822761
 30
0.0
 10
3398.065801519784
 20
4281.40388892563
 30
0.0
 10
3397.974166854446
 20
4281.382239768016
 30
0.0
 10
3397.905161327975
 20
4281.364252501565
 30
0.0
 10
3397.836851490334
 20
4281.344611820238
 30
0.0
 10
3397.766980113811
 20
4281.33054647053
 30
0.0
 10
3397.697201195391
 20
4281.340548820729
 30
0.0
 10
3397.610410184243
 20
4281.369291356063
 30
0.0
 10
3397.524029223212
 20
4281.399625035269
 30
0.0
 10
3397.435220999971
 20
4281.423673600392
 30
0.0
 10
3397.343573207269
 20
4281.442528003889
 30
0.0
 10
3397.24928759913
 20
4281.448256440989
 30
0.0
 10
3397.166574200011
 20
4281.450158119987
 30
0.0
 10
3397.119246034293
 20
4281.454230065291
 30
0.0
 10
3397.083750178281
 20
4281.457529014598
 30
0.0
 10
3397.047962193115
 20
4281.459534683222
 30
0.0
 10
3397.017887390983
 20
4281.456756656154
 30
0.0
 10
3396.994564341353
 20
4281.450699840099
 30
0.0
 10
3396.97635026589
 20
4281.449705880166
 30
0.0
 10
3396.963158203056
 20
4281.451515683246
 30
0.0
 10
3396.953968995338
 20
4281.451503834913
 30
0.0
 10
3396.948881741729
 20
4281.453011672293
 30
0.0
 10
3396.94110247618
 20
4281.449431083781
 30
0.0
 10
3396.942650848068
 20
4281.446970316024
 30
0.0
  0
SPLINE
  5
BD3
330
6D1
100
AcDbEntity
  8
_TCH_MASK
  6
Continuous
 62
     7
100
AcDbSpline
210
0.0
220
0.0
230
1.0
 70
     8
 71
     3
 72
    23
 73
    19
 74
     0
 42
0.0000001
 43
0.0000000001
 40
0.0
 40
0.0
 40
0.0
 40
0.0
 40
0.1206905823
 40
0.1825457174
 40
0.2455765351
 40
0.3092887247
 40
0.3728915065
 40
0.4363066640000002
 40
0.4995978882000001
 40
0.5621573854000001
 40
0.6239004323
 40
0.6855026787
 40
0.7475350325
 40
0.7786557536
 40
0.8096836375
 40
0.8721024652
 40
0.9355871373999999
 40
1.0
 40
1.0
 40
1.0
 40
1.0
 10
3398.441448280079
 20
4281.066384560658
 30
0.0
 10
3398.388981752986
 20
4281.071440716366
 30
0.0
 10
3398.309161886267
 20
4281.07695831111
 30
0.0
 10
3398.201929802628
 20
4281.068545584113
 30
0.0
 10
3398.121375581613
 20
4281.050439893844
 30
0.0
 10
3398.04177940343
 20
4281.026484036248
 30
0.0
 10
3397.960624743458
 20
4281.007377543149
 30
0.0
 10
3397.878693107749
 20
4280.993303584311
 30
0.0
 10
3397.796689376264
 20
4280.982400876638
 30
0.0
 10
3397.714259707195
 20
4280.982961885974
 30
0.0
 10
3397.634478850406
 20
4280.999668460617
 30
0.0
 10
3397.556795720499
 20
4281.02241957139
 30
0.0
 10
3397.490708876394
 20
4281.036749175973
 30
0.0
 10
3397.437566472319
 20
4281.047695039663
 30
0.0
 10
3397.385189983761
 20
4281.062343879614
 30
0.0
 10
3397.31919545123
 20
4281.081984675689
 30
0.0
 10
3397.235473451976
 20
4281.085474576157
 30
0.0
 10
3397.179806991451
 20
4281.080855374793
 30
0.0
 10
3397.15184878953
 20
4281.077740026937
 30
0.0
  0
LINE
  5
BD4
330
6D1
100
AcDbEntity
  8
_TCH_MASK
  6
Continuous
 62
     7
100
AcDbLine
 10
3392.925929716788
 20
4280.764633431799
 30
0.0
 11
3392.700159484171
 21
4281.374758809195
 31
0.0
  0
LINE
  5
BD5
330
6D1
100
AcDbEntity
  8
_TCH_MASK
  6
Continuous
 62
     7
100
AcDbLine
 10
3393.568627353445
 20
4280.76463339218
 30
0.0
 11
3393.680104921441
 21
4281.374758809195
 31
0.0
  0
LINE
  5
BD6
330
6D1
100
AcDbEntity
  8
_TCH_MASK
  6
Continuous
 62
     7
100
AcDbLine
 10
3394.159469859327
 20
4279.983495961245
 30
0.0
 11
3393.943226495736
 21
4280.657368032662
 31
0.0
  0
LINE
  5
BD7
330
6D1
100
AcDbEntity
  8
_TCH_MASK
  6
Continuous
 62
     7
100
AcDbLine
 10
3392.501825656174
 20
4279.6594828965
 30
0.0
 11
3392.088579313655
 21
4280.776249169146
 31
0.0
  0
LINE
  5
BD8
330
6D1
100
AcDbEntity
  8
_TCH_MASK
  6
Continuous
 62
     7
100
AcDbLine
 10
3394.916753846155
 20
4280.385492205186
 30
0.0
 11
3394.916984286465
 21
4279.989492042828
 31
0.0
  0
SPLINE
  5
BD9
330
6D1
100
AcDbEntity
  8
_TCH_MASK
  6
Continuous
 62
     7
100
AcDbSpline
210
0.0
220
0.0
230
1.0
 70
     8
 71
     3
 72
    14
 73
    10
 74
     0
 42
0.0000001
 43
0.0000000001
 40
0.0
 40
0.0
 40
0.0
 40
0.0
 40
0.0220732706
 40
0.0715279951
 40
0.151194727
 40
0.2613359194
 40
0.4018034508
 40
0.5721348723
 40
1.0
 40
1.0
 40
1.0
 40
1.0
 10
3389.531125635099
 20
4284.849681709981
 30
0.0
 10
3389.531126371658
 20
4284.854860150496
 30
0.0
 10
3389.549561193336
 20
4284.865203674342
 30
0.0
 10
3389.58099469918
 20
4284.873049768903
 30
0.0
 10
3389.637775234427
 20
4284.883917592929
 30
0.0
 10
3389.713919151938
 20
4284.893903077493
 30
0.0
 10
3389.812342528443
 20
4284.904807218537
 30
0.0
 10
3389.98477960776
 20
4284.920735174162
 30
0.0
 10
3390.124800835882
 20
4284.931133963823
 30
0.0
 10
3390.2249474024
 20
4284.937948565534
 30
0.0
  0
LINE
  5
BDA
330
6D1
100
AcDbEntity
  8
_TCH_MASK
  6
Continuous
 62
     7
100
AcDbLine
 10
3396.500755596462
 20
4279.989492042828
 30
0.0
 11
3396.500986036772
 21
4280.385492205186
 31
0.0
  0
SPLINE
  5
BDB
330
6D1
100
AcDbEntity
  8
_TCH_MASK
  6
Continuous
 62
     7
100
AcDbSpline
210
0.0
220
0.0
230
1.0
 70
     8
 71
     3
 72
     9
 73
     5
 74
     0
 42
0.0000001
 43
0.0000000001
 40
0.0
 40
0.0
 40
0.0
 40
0.0
 40
0.4999873961
 40
1.0
 40
1.0
 40
1.0
 40
1.0
 10
3398.470956303223
 20
4273.401776424825
 30
0.0
 10
3398.699503897675
 20
4273.713175947091
 30
0.0
 10
3399.131177482413
 20
4274.354675576807
 30
0.0
 10
3399.530958874529
 20
4275.0159240237
 30
0.0
 10
3399.725328485162
 20
4275.349749073489
 30
0.0
  0
SPLINE
  5
BDC
330
6D1
100
AcDbEntity
  8
_TCH_MASK
  6
Continuous
 62
     7
100
AcDbSpline
210
0.0
220
0.0
230
1.0
 70
     8
 71
     3
 72
     9
 73
     5
 74
     0
 42
0.0000001
 43
0.0000000001
 40
0.0
 40
0.0
 40
0.0
 40
0.0
 40
0.5000126952000002
 40
1.0
 40
1.0
 40
1.0
 40
1.0
 10
3391.692411401731
 20
4275.349749073489
 30
0.0
 10
3391.886877980847
 20
4275.015757481877
 30
0.0
 10
3392.286760970747
 20
4274.354113676655
 30
0.0
 10
3392.718918443744
 20
4273.7124758865
 30
0.0
 10
3392.947592302779
 20
4273.400930176769
 30
0.0
  0
LINE
  5
BDD
330
6D1
100
AcDbEntity
  8
_TCH_MASK
  6
Continuous
 62
     9
100
AcDbLine
 10
3395.708834954858
 20
4283.627043027559
 30
0.0
 11
3396.001236543467
 21
4283.636537242426
 31
0.0
  0
SPLINE
  5
BDE
330
6D1
100
AcDbEntity
  8
_TCH_MASK
  6
Continuous
 62
     9
100
AcDbSpline
210
0.0
220
0.0
230
1.0
 70
     8
 71
     3
 72
    20
 73
    16
 74
     0
 42
0.0000001
 43
0.0000000001
 40
0.0
 40
0.0
 40
0.0
 40
0.0
 40
0.1907042137
 40
0.3731771136
 40
0.5413832983
 40
0.6898209863
 40
0.7550416777
 40
0.8134776702999999
 40
0.8646330273
 40
0.9081166278999999
 40
0.9436138252000001
 40
0.9708547914
 40
0.9896566940999999
 40
0.9958702166
 40
1.0
 40
1.0
 40
1.0
 40
1.0
 10
3396.001236543467
 20
4283.636537242426
 30
0.0
 10
3396.33726947938
 20
4283.647443268546
 30
0.0
 10
3396.994845014255
 20
4283.668389165822
 30
0.0
 10
3397.948671503254
 20
4283.703076591758
 30
0.0
 10
3398.827936704576
 20
4283.737487625586
 30
0.0
 10
3399.500586228934
 20
4283.765359491559
 30
0.0
 10
3399.979757986177
 20
4283.787913873552
 30
0.0
 10
3400.28750851498
 20
4283.804454342098
 30
0.0
 10
3400.556833757975
 20
4283.821743579326
 30
0.0
 10
3400.785600265183
 20
4283.839078427861
 30
0.0
 10
3400.972148048139
 20
4283.85598107017
 30
0.0
 10
3401.11489748268
 20
4283.872411224904
 30
0.0
 10
3401.206178714027
 20
4283.886228306459
 30
0.0
 10
3401.256031550016
 20
4283.898425134143
 30
0.0
 10
3401.273392756311
 20
4283.904545195434
 30
0.0
 10
3401.279718293969
 20
4283.908150367458
 30
0.0
  0
LINE
  5
BDF
330
6D1
100
AcDbEntity
  8
_TCH_MASK
  6
Continuous
 62
     7
100
AcDbLine
 10
3395.713210212329
 20
4282.98904398635
 30
0.0
 11
3396.001994047911
 21
4282.997925220873
 31
0.0
  0
LINE
  5
BE0
330
6D1
100
AcDbEntity
  8
_TCH_MASK
  6
Continuous
 62
     7
100
AcDbLine
 10
3396.001994047911
 20
4282.997925220873
 30
0.0
 11
3398.874073512228
 21
4283.087587378527
 31
0.0
  0
SPLINE
  5
BE1
330
6D1
100
AcDbEntity
  8
_TCH_MASK
  6
Continuous
 62
     7
100
AcDbSpline
210
0.0
220
0.0
230
1.0
 70
     8
 71
     3
 72
    19
 73
    15
 74
     0
 42
0.0000001
 43
0.0000000001
 40
0.0
 40
0.0
 40
0.0
 40
0.0
 40
0.2171973455
 40
0.4133916463000002
 40
0.5853194107000002
 40
0.7301222139
 40
0.7915860176999999
 40
0.8454143383999998
 40
0.8913902434999998
 40
0.9293475238999999
 40
0.9591426543
 40
0.9807114848000001
 40
0.9941024696999999
 40
1.0
 40
1.0
 40
1.0
 40
1.0
 10
3398.874073512228
 20
4283.087587378592
 30
0.0
 10
3399.092995483196
 20
4283.095100971656
 30
0.0
 10
3399.509642246034
 20
4283.110220865464
 30
0.0
 10
3400.099446705215
 20
4283.134866024517
 30
0.0
 10
3400.616166113265
 20
4283.159367910751
 30
0.0
 10
3400.997064102806
 20
4283.179625306547
 30
0.0
 10
3401.258872699531
 20
4283.195672774897
 30
0.0
 10
3401.421158378275
 20
4283.207091593225
 30
0.0
 10
3401.559506316365
 20
4283.218589504687
 30
0.0
 10
3401.673936745414
 20
4283.230421430385
 30
0.0
 10
3401.762439387356
 20
4283.241807776697
 30
0.0
 10
3401.828646302617
 20
4283.254387869117
 30
0.0
 10
3401.864881969784
 20
4283.263692689078
 30
0.0
 10
3401.88661454482
 20
4283.275303298175
 30
0.0
 10
3401.886614307223
 20
4283.281251154837
 30
0.0
  0
LINE
  5
BE2
330
6D1
100
AcDbEntity
  8
_TCH_MASK
  6
Continuous
 62
     7
100
AcDbLine
 10
3395.708869941446
 20
4284.158254166466
 30
0.0
 11
3395.415742643243
 21
4284.148958181305
 31
0.0
  0
SPLINE
  5
BE3
330
6D1
100
AcDbEntity
  8
_TCH_MASK
  6
Continuous
 62
     7
100
AcDbSpline
210
0.0
220
0.0
230
1.0
 70
     8
 71
     3
 72
    20
 73
    16
 74
     0
 42
0.0000001
 43
0.0000000001
 40
0.0
 40
0.0
 40
0.0
 40
0.0
 40
0.1908007146
 40
0.3734669322999999
 40
0.5419145641
 40
0.6904726011
 40
0.7557054790000001
 40
0.8141587565999998
 40
0.8653375906999999
 40
0.9088210759
 40
0.9442480843
 40
0.9713487714999999
 40
0.9899323595
 40
0.9960176372999999
 40
1.0
 40
1.0
 40
1.0
 40
1.0
 10
3395.415742643243
 20
4284.14895818137
 30
0.0
 10
3395.041594897426
 20
4284.137083297742
 30
0.0
 10
3394.309247101912
 20
4284.113939786502
 30
0.0
 10
3393.246541977104
 20
4284.08171776148
 30
0.0
 10
3392.266750465068
 20
4284.04946858286
 30
0.0
 10
3391.517427377142
 20
4284.019308510027
 30
0.0
 10
3390.983859642221
 20
4283.994951769685
 30
0.0
 10
3390.641204897256
 20
4283.978061435108
 30
0.0
 10
3390.341240171999
 20
4283.961747134092
 30
0.0
 10
3390.08653042966
 20
4283.94569519091
 30
0.0
 10
3389.879117545309
 20
4283.929567595847
 30
0.0
 10
3389.720917826271
 20
4283.91301996768
 30
0.0
 10
3389.620178483383
 20
4283.898321924714
 30
0.0
 10
3389.565629162631
 20
4283.885061151905
 30
0.0
 10
3389.54679913295
 20
4283.878475180846
 30
0.0
 10
3389.540024958944
 20
4283.874582255402
 30
0.0
  0
LINE
  5
BE4
330
6D1
100
AcDbEntity
  8
_TCH_MASK
  6
Continuous
 62
     9
100
AcDbLine
 10
3395.708911370959
 20
4283.33306457092
 30
0.0
 11
3396.001236678094
 21
4283.343082563083
 31
0.0
  0
LINE
  5
BE5
330
6D1
100
AcDbEntity
  8
_TCH_MASK
  6
Continuous
 62
     9
100
AcDbLine
 10
3396.001236678094
 20
4283.343082563083
 30
0.0
 11
3398.866504784012
 21
4283.444702142712
 31
0.0
  0
SPLINE
  5
BE6
330
6D1
100
AcDbEntity
  8
_TCH_MASK
  6
Continuous
 62
     9
100
AcDbSpline
210
0.0
220
0.0
230
1.0
 70
     8
 71
     3
 72
    23
 73
    19
 74
     0
 42
0.0000001
 43
0.0000000001
 40
0.0
 40
0.0
 40
0.0
 40
0.0
 40
0.2298183625
 40
0.4347898492000001
 40
0.5268386691
 40
0.6113691582000002
 40
0.6880431500000001
 40
0.7565749556999999
 40
0.816730055
 40
0.8682919672
 40
0.9110742093999999
 40
0.9449478068999999
 40
0.9698225523999999
 40
0.9857452009999999
 40
0.9905154222
 40
0.9935450167
 40
0.9961134232999999
 40
1.0
 40
1.0
 40
1.0
 40
1.0
 10
3398.866504784012
 20
4283.444702142787
 30
0.0
 10
3399.054127837664
 20
4283.452290955968
 30
0.0
 10
3399.409055477976
 20
4283.467505458227
 30
0.0
 10
3399.839001500855
 20
4283.488630296058
 30
0.0
 10
3400.15029516838
 20
4283.505529916705
 30
0.0
 10
3400.3568813077
 20
4283.51736463018
 30
0.0
 10
3400.544238700772
 20
4283.528859314251
 30
0.0
 10
3400.711647760181
 20
4283.540258922744
 30
0.0
 10
3400.858478632057
 20
4283.551652828811
 30
0.0
 10
3400.984213720651
 20
4283.563134634927
 30
0.0
 10
3401.088290341665
 20
4283.574771566092
 30
0.0
 10
3401.170564477776
 20
4283.586448073646
 30
0.0
 10
3401.23021071851
 20
4283.598056853207
 30
0.0
 10
3401.26658112862
 20
4283.608493944149
 30
0.0
 10
3401.283355981665
 20
4283.617592317344
 30
0.0
 10
3401.289657268281
 20
4283.624609429405
 30
0.0
 10
3401.286952330891
 20
4283.632961746499
 30
0.0
 10
3401.282226577765
 20
4283.63576121705
 30
0.0
 10
3401.279478749602
 20
4283.637353002442
 30
0.0
  0
LINE
  5
BE7
330
6D1
100
AcDbEntity
  8
_TCH_MASK
  6
Continuous
 62
     7
100
AcDbLine
 10
3395.708869941446
 20
4284.158254019946
 30
0.0
 11
3396.002002518333
 21
4284.167365532502
 31
0.0
  0
SPLINE
  5
BE8
330
6D1
100
AcDbEntity
  8
_TCH_MASK
  6
Continuous
 62
     7
100
AcDbSpline
210
0.0
220
0.0
230
1.0
 70
     8
 71
     3
 72
    19
 73
    15
 74
     0
 42
0.0000001
 43
0.0000000001
 40
0.0
 40
0.0
 40
0.0
 40
0.0
 40
0.2172258299
 40
0.4134404094
 40
0.5853858763000001
 40
0.7302143264000001
 40
0.7916955516
 40
0.8455400033
 40
0.8915292564999999
 40
0.9294930413999999
 40
0.9592832722
 40
0.9808330526
 40
0.9941827256999998
 40
1.0
 40
1.0
 40
1.0
 40
1.0
 10
3398.874302352715
 20
4284.258520503249
 30
0.0
 10
3399.093198076779
 20
4284.266197925489
 30
0.0
 10
3399.509797980944
 20
4284.281345329379
 30
0.0
 10
3400.099575575499
 20
4284.305013655413
 30
0.0
 10
3400.616286117104
 20
4284.328595237644
 30
0.0
 10
3400.997153266188
 20
4284.349055286425
 30
0.0
 10
3401.258915570485
 20
4284.365847088301
 30
0.0
 10
3401.421180158257
 20
4284.377734224211
 30
0.0
 10
3401.55950363147
 20
4284.389499526734
 30
0.0
 10
3401.67393382294
 20
4284.401380734562
 30
0.0
 10
3401.762376431261
 20
4284.412570609609
 30
0.0
 10
3401.828667282681
 20
4284.42474587106
 30
0.0
 10
3401.864674533092
 20
4284.433676558212
 30
0.0
 10
3401.886612422256
 20
4284.444864195728
 30
0.0
 10
3401.886613313247
 20
4284.450729795187
 30
0.0
  0
SPLINE
  5
BE9
330
6D1
100
AcDbEntity
  8
_TCH_MASK
  6
Continuous
 62
     9
100
AcDbSpline
210
0.0
220
0.0
230
1.0
 70
     8
 71
     3
 72
    22
 73
    18
 74
     0
 42
0.0000001
 43
0.0000000001
 40
0.0
 40
0.0
 40
0.0
 40
0.0
 40
0.0039391942
 40
0.0064803254
 40
0.0137853453
 40
0.0293664828
 40
0.0539579842
 40
0.0876598
 40
0.1304249444
 40
0.1821213197
 40
0.242506495
 40
0.3112930786
 40
0.3881851978
 40
0.4728572745000001
 40
0.5649595796
 40
0.7699735461000002
 40
1.0
 40
1.0
 40
1.0
 40
1.0
 10
3390.139389832315
 20
4284.493418139773
 30
0.0
 10
3390.136605207808
 20
4284.495028893566
 30
0.0
 10
3390.131777148105
 20
4284.497738060287
 30
0.0
 10
3390.127811802101
 20
4284.509807795759
 30
0.0
 10
3390.151897211152
 20
4284.521567463297
 30
0.0
 10
3390.185506416238
 20
4284.530623302119
 30
0.0
 10
3390.246887160713
 20
4284.542145143892
 30
0.0
 10
3390.327812069372
 20
4284.553045978385
 30
0.0
 10
3390.432163763843
 20
4284.564766045916
 30
0.0
 10
3390.55792987509
 20
4284.576787140701
 30
0.0
 10
3390.705170456487
 20
4284.589033369498
 30
0.0
 10
3390.87299295573
 20
4284.601305401529
 30
0.0
 10
3391.06072064447
 20
4284.613468204906
 30
0.0
 10
3391.267529640725
 20
4284.625454447815
 30
0.0
 10
3391.57889059656
 20
4284.641771350628
 30
0.0
 10
3392.008940319924
 20
4284.661316088958
 30
0.0
 10
3392.363923130972
 20
4284.675716779445
 30
0.0
 10
3392.551623531326
 20
4284.683224127697
 30
0.0
  0
LINE
  5
BEA
330
6D1
100
AcDbEntity
  8
_TCH_MASK
  6
Continuous
 62
     9
100
AcDbLine
 10
3395.416476356027
 20
4284.786101438866
 30
0.0
 11
3396.001218339327
 21
4284.804993668234
 31
0.0
  0
LINE
  5
BEB
330
6D1
100
AcDbEntity
  8
_TCH_MASK
  6
Continuous
 62
     7
100
AcDbLine
 10
3398.032263539243
 20
4279.569536070325
 30
0.0
 11
3397.193190441097
 21
4281.006438199368
 31
0.0
  0
SPLINE
  5
BEC
330
6D1
100
AcDbEntity
  8
_TCH_MASK
  6
Continuous
 62
     7
100
AcDbSpline
210
0.0
220
0.0
230
1.0
 70
     8
 71
     3
 72
    20
 73
    16
 74
     0
 42
0.0000001
 43
0.0000000001
 40
0.0
 40
0.0
 40
0.0
 40
0.0
 40
0.0037952096
 40
0.0096998161
 40
0.0279657057
 40
0.0548137588
 40
0.0900485334
 40
0.1333947473
 40
0.1844867941
 40
0.242902246
 40
0.3081460306
 40
0.4568627865
 40
0.6256217332000002
 40
0.8087092408
 40
1.0
 40
1.0
 40
1.0
 40
1.0
 10
3401.879028289666
 20
4284.254156092258
 30
0.0
 10
3401.872665397313
 20
4284.250285873379
 30
0.0
 10
3401.854486557954
 20
4284.24389868639
 30
0.0
 10
3401.801230446465
 20
4284.231094010563
 30
0.0
 10
3401.70185236942
 20
4284.216973680069
 30
0.0
 10
3401.545144204174
 20
4284.200441670096
 30
0.0
 10
3401.338860656375
 20
4284.183888117659
 30
0.0
 10
3401.084968067982
 20
4284.167061784666
 30
0.0
 10
3400.785483338268
 20
4284.150181393743
 30
0.0
 10
3400.442981781947
 20
4284.133230356311
 30
0.0
 10
3399.909011045739
 20
4284.109539549326
 30
0.0
 10
3399.158537803531
 20
4284.080642514616
 30
0.0
 10
3398.176835896433
 20
4284.04709116116
 30
0.0
 10
3397.111547616108
 20
4284.013463680629
 30
0.0
 10
3396.377229799771
 20
4283.991159186656
 30
0.0
 10
3396.002017914812
 20
4283.980028640377
 30
0.0
  0
LINE
  5
BED
330
6D1
100
AcDbEntity
  8
_TCH_MASK
  6
Continuous
 62
     7
100
AcDbLine
 10
3396.002017914812
 20
4283.980028640312
 30
0.0
 11
3395.708869941446
 21
4283.971399083575
 31
0.0
  0
SPLINE
  5
BEE
330
6D1
100
AcDbEntity
  8
_TCH_MASK
  6
Continuous
 62
     7
100
AcDbSpline
210
0.0
220
0.0
230
1.0
 70
     8
 71
     3
 72
    35
 73
    31
 74
     0
 42
0.0000001
 43
0.0000000001
 40
0.0
 40
0.0
 40
0.0
 40
0.0
 40
0.0039401857
 40
0.0059214166
 40
0.0079650204
 40
0.0160701923
 40
0.0242315184
 40
0.0324551042
 40
0.0487832987
 40
0.0649858229
 40
0.0811180304
 40
0.0972382637
 40
0.1295177381
 40
0.1935712313
 40
0.2251777001
 40
0.2565091344
 40
0.3185692196
 40
0.3805838885
 40
0.4126924825
 40
0.4450787201
 40
0.4773780527000002
 40
0.5095142653
 40
0.5730075442000002
 40
0.6354394094
 40
0.6971881413
 40
0.7588969728000002
 40
0.8195706645000001
 40
0.8791111904999999
 40
0.9388883328
 40
1.0
 40
1.0
 40
1.0
 40
1.0
 10
3396.952241861131
 20
4281.426933013082
 30
0.0
 10
3396.950676528592
 20
4281.429399689184
 30
0.0
 10
3396.958535972248
 20
4281.432971771505
 30
0.0
 10
3396.963647140292
 20
4281.431465074686
 30
0.0
 10
3396.972910502969
 20
4281.431482332325
 30
0.0
 10
3396.98620093221
 20
4281.429665864561
 30
0.0
 10
3397.004551029677
 20
4281.430665693225
 30
0.0
 10
3397.028062935702
 20
4281.436705691187
 30
0.0
 10
3397.058360519513
 20
4281.439503502483
 30
0.0
 10
3397.094420073598
 20
4281.437491751197
 30
0.0
 10
3397.130187728129
 20
4281.434191578283
 30
0.0
 10
3397.177878610055
 20
4281.430127374824
 30
0.0
 10
3397.261218560379
 20
4281.428213118758
 30
0.0
 10
3397.35624026123
 20
4281.422504972783
 30
0.0
 10
3397.448577878036
 20
4281.403645710369
 30
0.0
 10
3397.538277287386
 20
4281.37958738382
 30
0.0
 10
3397.645993001868
 20
4281.341717424655
 30
0.0
 10
3397.760199833501
 20
4281.305942863758
 30
0.0
 10
3397.853557732407
 20
4281.324602067004
 30
0.0
 10
3397.922343395738
 20
4281.344215119386
 30
0.0
 10
3397.991909424585
 20
4281.362223306511
 30
0.0
 10
3398.084249282729
 20
4281.383885603402
 30
0.0
 10
3398.200312415851
 20
4281.401846761503
 30
0.0
 10
3398.339280925546
 20
4281.410245109696
 30
0.0
 10
3398.477197477069
 20
4281.4126968844
 30
0.0
 10
3398.61282801957
 20
4281.428944887107
 30
0.0
 10
3398.747852183137
 20
4281.43534180374
 30
0.0
 10
3398.880985121963
 20
4281.426413247305
 30
0.0
 10
3399.015544136027
 20
4281.431528608979
 30
0.0
 10
3399.102314068063
 20
4281.456012552328
 30
0.0
 10
3399.145851496054
 20
4281.468565269278
 30
0.0
  0
LINE
  5
BEF
330
6D1
100
AcDbEntity
  8
_TCH_MASK
  6
Continuous
 62
     7
100
AcDbLine
 10
3398.036126016349
 20
4280.112717616052
 30
0.0
 11
3398.385311965539
 21
4280.711530600057
 31
0.0
  0
LINE
  5
BF0
330
6D1
100
AcDbEntity
  8
_TCH_MASK
  6
Continuous
 62
     7
100
AcDbLine
 10
3398.385311965539
 20
4280.711530600057
 30
0.0
 11
3398.550681359615
 21
4280.995220224286
 31
0.0
  0
LINE
  5
BF1
330
6D1
100
AcDbEntity
  8
_TCH_MASK
  6
Continuous
 62
     7
100
AcDbLine
 10
3398.550681359615
 20
4280.995220224286
 30
0.0
 11
3398.649024055063
 21
4281.163927149941
 31
0.0
  0
LINE
  5
BF2
330
6D1
100
AcDbEntity
  8
_TCH_MASK
  6
Continuous
 62
     7
100
AcDbLine
 10
3397.180557767861
 20
4281.028100963605
 30
0.0
 11
3398.0125065092
 21
4279.589615000846
 31
0.0
  0
SPLINE
  5
BF3
330
6D1
100
AcDbEntity
  8
_TCH_MASK
  6
Continuous
 62
     7
100
AcDbSpline
210
0.0
220
0.0
230
1.0
 70
     8
 71
     3
 72
    23
 73
    19
 74
     0
 42
0.0000001
 43
0.0000000001
 40
0.0
 40
0.0
 40
0.0
 40
0.0
 40
0.0644074966
 40
0.1279109649
 40
0.1903270692
 40
0.221365307
 40
0.2524950564
 40
0.3145386543
 40
0.3761355848
 40
0.4379047707
 40
0.5004485984000002
 40
0.5637068739
 40
0.6271153691000002
 40
0.6907231876000001
 40
0.7543941882
 40
0.8174526861
 40
0.8792922629000001
 40
1.0
 40
1.0
 40
1.0
 40
1.0
 10
3397.163276213018
 20
4281.057702617014
 30
0.0
 10
3397.191449783495
 20
4281.060817497524
 30
0.0
 10
3397.247546169354
 20
4281.065442532116
 30
0.0
 10
3397.331929912289
 20
4281.062050748571
 30
0.0
 10
3397.398424204803
 20
4281.042175971875
 30
0.0
 10
3397.451280736401
 20
4281.027666401151
 30
0.0
 10
3397.504875914994
 20
4281.016791215523
 30
0.0
 10
3397.571460020234
 20
4281.002267626439
 30
0.0
 10
3397.649860409118
 20
4280.97978745489
 30
0.0
 10
3397.73021618661
 20
4280.962623369484
 30
0.0
 10
3397.813277788548
 20
4280.962667072007
 30
0.0
 10
3397.895922778669
 20
4280.97312123049
 30
0.0
 10
3397.97850410387
 20
4280.987209207681
 30
0.0
 10
3398.060227047588
 20
4281.00658215334
 30
0.0
 10
3398.140496778229
 20
4281.030532411606
 30
0.0
 10
3398.221752295416
 20
4281.048260781139
 30
0.0
 10
3398.329770819233
 20
4281.057166440922
 30
0.0
 10
3398.410219692334
 20
4281.051402684742
 30
0.0
 10
3398.463101120498
 20
4281.04634713885
 30
0.0
  0
LINE
  5
BF4
330
6D1
100
AcDbEntity
  8
_TCH_MASK
  6
Continuous
 62
     7
100
AcDbLine
 10
3392.052013022148
 20
4280.776253754768
 30
0.0
 11
3392.474454579686
 21
4279.639444936177
 31
0.0
  0
ENDBLK
0
ENDSEC
0
SECTION
2
ENTITIES
0
INSERT
5
10B9C
330
1F
100
AcDbEntity
8
0
100
AcDbBlockReference
2
POS
10
0.0
20
0.0
30
0.0
41
1.0
42
1.0
43
1.0
50
0.0
0
ENDSEC
0
EOF
